voltage_v,coverage_area_m2,radius_m,voltage_class,danger_score,risk_flag,label,status
0.0,31415.93,100.0,0,0.0,SAFE,0,Safe
0.01,30796.91,99.0099,0,0.0009,SAFE,0,Safe
0.02,30196.01,98.0392,0,0.0018,SAFE,0,Safe
0.03,29612.52,97.0874,0,0.0027,SAFE,0,Safe
0.04,29045.79,96.1538,0,0.0035,SAFE,0,Safe
0.05,28495.17,95.2381,0,0.0044,SAFE,0,Safe
0.06,27960.06,94.3396,0,0.0053,SAFE,0,Safe
0.07,27439.89,93.4579,0,0.0062,SAFE,0,Safe
0.08,26934.09,92.5926,0,0.0071,SAFE,0,Safe
0.09,26442.16,91.7431,0,0.008,SAFE,0,Safe
0.1,25963.58,90.9091,0,0.009,SAFE,0,Safe
0.11,25497.87,90.0901,0,0.0099,SAFE,0,Safe
0.12,25044.58,89.2857,0,0.0108,SAFE,0,Safe
0.13,24603.28,88.4956,0,0.0117,SAFE,0,Safe
0.14,24173.54,87.7193,0,0.0126,SAFE,0,Safe
0.15,23754.95,86.9565,0,0.0135,SAFE,0,Safe
0.16,23347.15,86.2069,0,0.0145,SAFE,0,Safe
0.17,22949.76,85.4701,0,0.0154,SAFE,0,Safe
0.18,22562.43,84.7458,0,0.0163,SAFE,0,Safe
0.19,22184.82,84.0336,0,0.0173,SAFE,0,Safe
0.2,21816.62,83.3333,0,0.0182,SAFE,0,Safe
0.21,21457.5,82.6446,0,0.0191,SAFE,0,Safe
0.22,21107.18,81.9672,0,0.0201,SAFE,0,Safe
0.23,20765.37,81.3008,0,0.021,SAFE,0,Safe
0.24,20431.79,80.6452,0,0.022,SAFE,0,Safe
0.25,20106.19,80.0,0,0.0229,SAFE,0,Safe
0.26,19788.31,79.3651,0,0.0239,SAFE,0,Safe
0.27,19477.91,78.7402,0,0.0248,SAFE,0,Safe
0.28,19174.76,78.125,0,0.0258,SAFE,0,Safe
0.29,18878.63,77.5194,0,0.0267,SAFE,0,Safe
0.3,18589.31,76.9231,0,0.0277,SAFE,0,Safe
0.31,18306.58,76.3359,0,0.0287,SAFE,0,Safe
0.32,18030.26,75.7576,0,0.0296,SAFE,0,Safe
0.33,17760.15,75.188,0,0.0306,SAFE,0,Safe
0.34,17496.06,74.6269,0,0.0316,SAFE,0,Safe
0.35,17237.82,74.0741,0,0.0325,SAFE,0,Safe
0.36,16985.25,73.5294,0,0.0335,SAFE,0,Safe
0.37,16738.2,72.9927,0,0.0345,SAFE,0,Safe
0.38,16496.5,72.4638,0,0.0355,SAFE,0,Safe
0.39,16259.99,71.9424,0,0.0365,SAFE,0,Safe
0.4,16028.53,71.4286,0,0.0374,SAFE,0,Safe
0.41,15801.99,70.922,0,0.0384,SAFE,0,Safe
0.42,15580.21,70.4225,0,0.0394,SAFE,0,Safe
0.43,15363.06,69.9301,0,0.0404,SAFE,0,Safe
0.44,15150.43,69.4444,0,0.0414,SAFE,0,Safe
0.45,14942.18,68.9655,0,0.0424,SAFE,0,Safe
0.46,14738.19,68.4932,0,0.0434,SAFE,0,Safe
0.47,14538.35,68.0272,0,0.0444,SAFE,0,Safe
0.48,14342.55,67.5676,0,0.0454,SAFE,0,Safe
0.49,14150.68,67.1141,0,0.0464,SAFE,0,Safe
0.5,13962.63,66.6667,0,0.0474,SAFE,0,Safe
0.51,13778.31,66.2252,0,0.0484,SAFE,0,Safe
0.52,13597.61,65.7895,0,0.0494,SAFE,0,Safe
0.53,13420.45,65.3595,0,0.0505,SAFE,0,Safe
0.54,13246.72,64.9351,0,0.0515,SAFE,0,Safe
0.55,13076.35,64.5161,0,0.0525,SAFE,0,Safe
0.56,12909.24,64.1026,0,0.0535,SAFE,0,Safe
0.57,12745.31,63.6943,0,0.0545,SAFE,0,Safe
0.58,12584.49,63.2911,0,0.0556,SAFE,0,Safe
0.59,12426.69,62.8931,0,0.0566,SAFE,0,Safe
0.6,12271.85,62.5,0,0.0576,SAFE,0,Safe
0.61,12119.87,62.1118,0,0.0586,SAFE,0,Safe
0.62,11970.71,61.7284,0,0.0597,SAFE,0,Safe
0.63,11824.28,61.3497,0,0.0607,SAFE,0,Safe
0.64,11680.52,60.9756,0,0.0617,SAFE,0,Safe
0.65,11539.37,60.6061,0,0.0628,SAFE,0,Safe
0.66,11400.76,60.241,0,0.0638,SAFE,0,Safe
0.67,11264.63,59.8802,0,0.0649,SAFE,0,Safe
0.68,11130.93,59.5238,0,0.0659,SAFE,0,Safe
0.69,10999.59,59.1716,0,0.067,SAFE,0,Safe
0.7,10870.56,58.8235,0,0.068,SAFE,0,Safe
0.71,10743.79,58.4795,0,0.0691,SAFE,0,Safe
0.72,10619.23,58.1395,0,0.0701,SAFE,0,Safe
0.73,10496.82,57.8035,0,0.0712,SAFE,0,Safe
0.74,10376.51,57.4713,0,0.0722,SAFE,0,Safe
0.75,10258.26,57.1429,0,0.0733,SAFE,0,Safe
0.76,10142.02,56.8182,0,0.0743,SAFE,0,Safe
0.77,10027.75,56.4972,0,0.0754,SAFE,0,Safe
0.78,9915.39,56.1798,0,0.0765,SAFE,0,Safe
0.79,9804.91,55.8659,0,0.0775,SAFE,0,Safe
0.8,9696.27,55.5556,0,0.0786,SAFE,0,Safe
0.81,9589.43,55.2486,0,0.0797,SAFE,0,Safe
0.82,9484.34,54.9451,0,0.0807,SAFE,0,Safe
0.83,9380.97,54.6448,0,0.0818,SAFE,0,Safe
0.84,9279.28,54.3478,0,0.0829,SAFE,0,Safe
0.85,9179.23,54.0541,0,0.084,SAFE,0,Safe
0.86,9080.8,53.7634,0,0.085,SAFE,0,Safe
0.87,8983.94,53.4759,0,0.0861,SAFE,0,Safe
0.88,8888.62,53.1915,0,0.0872,SAFE,0,Safe
0.89,8794.81,52.9101,0,0.0883,SAFE,0,Safe
0.9,8702.47,52.6316,0,0.0894,SAFE,0,Safe
0.91,8611.59,52.356,0,0.0904,SAFE,0,Safe
0.92,8522.12,52.0833,0,0.0915,SAFE,0,Safe
0.93,8434.03,51.8135,0,0.0926,SAFE,0,Safe
0.94,8347.31,51.5464,0,0.0937,SAFE,0,Safe
0.95,8261.91,51.2821,0,0.0948,SAFE,0,Safe
0.96,8177.82,51.0204,0,0.0959,SAFE,0,Safe
0.97,8095.01,50.7614,0,0.097,SAFE,0,Safe
0.98,8013.45,50.5051,0,0.0981,SAFE,0,Safe
0.99,7933.11,50.2513,0,0.0992,SAFE,0,Safe
1.0,7853.98,50.0,0,0.1003,SAFE,0,Safe
1.01,7776.03,49.7512,0,0.1014,SAFE,0,Safe
1.02,7699.23,49.505,0,0.1025,SAFE,0,Safe
1.03,7623.56,49.2611,0,0.1036,SAFE,0,Safe
1.04,7549.0,49.0196,0,0.1047,SAFE,0,Safe
1.05,7475.53,48.7805,0,0.1059,SAFE,0,Safe
1.06,7403.13,48.5437,0,0.107,SAFE,0,Safe
1.07,7331.78,48.3092,0,0.1081,SAFE,0,Safe
1.08,7261.45,48.0769,0,0.1092,SAFE,0,Safe
1.09,7192.13,47.8469,0,0.1103,SAFE,0,Safe
1.1,7123.79,47.619,0,0.1114,SAFE,0,Safe
1.11,7056.43,47.3934,0,0.1126,SAFE,0,Safe
1.12,6990.02,47.1698,0,0.1137,SAFE,0,Safe
1.13,6924.54,46.9484,0,0.1148,SAFE,0,Safe
1.14,6859.97,46.729,0,0.1159,SAFE,0,Safe
1.15,6796.31,46.5116,0,0.1171,SAFE,0,Safe
1.16,6733.52,46.2963,0,0.1182,SAFE,0,Safe
1.17,6671.61,46.0829,0,0.1193,SAFE,0,Safe
1.18,6610.54,45.8716,0,0.1205,SAFE,0,Safe
1.19,6550.31,45.6621,0,0.1216,SAFE,0,Safe
1.2,6490.89,45.4545,0,0.1227,SAFE,0,Safe
1.21,6432.29,45.2489,0,0.1239,SAFE,0,Safe
1.22,6374.47,45.045,0,0.125,SAFE,0,Safe
1.23,6317.43,44.843,0,0.1261,SAFE,0,Safe
1.24,6261.15,44.6429,0,0.1273,SAFE,0,Safe
1.25,6205.62,44.4444,0,0.1284,SAFE,0,Safe
1.26,6150.82,44.2478,0,0.1296,SAFE,0,Safe
1.27,6096.75,44.0529,0,0.1307,SAFE,0,Safe
1.28,6043.38,43.8596,0,0.1319,SAFE,0,Safe
1.29,5990.72,43.6681,0,0.133,SAFE,0,Safe
1.3,5938.74,43.4783,0,0.1342,SAFE,0,Safe
1.31,5887.43,43.29,0,0.1353,SAFE,0,Safe
1.32,5836.79,43.1034,0,0.1365,SAFE,0,Safe
1.33,5786.79,42.9185,0,0.1376,SAFE,0,Safe
1.34,5737.44,42.735,0,0.1388,SAFE,0,Safe
1.35,5688.71,42.5532,0,0.1399,SAFE,0,Safe
1.36,5640.61,42.3729,0,0.1411,SAFE,0,Safe
1.37,5593.11,42.1941,0,0.1423,SAFE,0,Safe
1.38,5546.21,42.0168,0,0.1434,SAFE,0,Safe
1.39,5499.89,41.841,0,0.1446,SAFE,0,Safe
1.4,5454.15,41.6667,0,0.1458,SAFE,0,Safe
1.41,5408.99,41.4938,0,0.1469,SAFE,0,Safe
1.42,5364.38,41.3223,0,0.1481,SAFE,0,Safe
1.43,5320.31,41.1523,0,0.1493,SAFE,0,Safe
1.44,5276.79,40.9836,0,0.1505,SAFE,0,Safe
1.45,5233.81,40.8163,0,0.1516,SAFE,0,Safe
1.46,5191.34,40.6504,0,0.1528,SAFE,0,Safe
1.47,5149.39,40.4858,0,0.154,SAFE,0,Safe
1.48,5107.95,40.3226,0,0.1552,SAFE,0,Safe
1.49,5067.0,40.1606,0,0.1563,SAFE,0,Safe
1.5,5026.55,40.0,0,0.1575,SAFE,0,Safe
1.51,4986.58,39.8406,0,0.1587,SAFE,0,Safe
1.52,4947.08,39.6825,0,0.1599,SAFE,0,Safe
1.53,4908.05,39.5257,0,0.1611,SAFE,0,Safe
1.54,4869.48,39.3701,0,0.1623,SAFE,0,Safe
1.55,4831.36,39.2157,0,0.1634,SAFE,0,Safe
1.56,4793.69,39.0625,0,0.1646,SAFE,0,Safe
1.57,4756.46,38.9105,0,0.1658,SAFE,0,Safe
1.58,4719.66,38.7597,0,0.167,SAFE,0,Safe
1.59,4683.28,38.61,0,0.1682,SAFE,0,Safe
1.6,4647.33,38.4615,0,0.1694,SAFE,0,Safe
1.61,4611.78,38.3142,0,0.1706,SAFE,0,Safe
1.62,4576.65,38.1679,0,0.1718,SAFE,0,Safe
1.63,4541.91,38.0228,0,0.173,SAFE,0,Safe
1.64,4507.57,37.8788,0,0.1742,SAFE,0,Safe
1.65,4473.61,37.7358,0,0.1754,SAFE,0,Safe
1.66,4440.04,37.594,0,0.1766,SAFE,0,Safe
1.67,4406.84,37.4532,0,0.1778,SAFE,0,Safe
1.68,4374.02,37.3134,0,0.179,SAFE,0,Safe
1.69,4341.56,37.1747,0,0.1802,SAFE,0,Safe
1.7,4309.45,37.037,0,0.1815,SAFE,0,Safe
1.71,4277.71,36.9004,0,0.1827,SAFE,0,Safe
1.72,4246.31,36.7647,0,0.1839,SAFE,0,Safe
1.73,4215.26,36.63,0,0.1851,SAFE,0,Safe
1.74,4184.55,36.4964,0,0.1863,SAFE,0,Safe
1.75,4154.17,36.3636,0,0.1875,SAFE,0,Safe
1.76,4124.12,36.2319,0,0.1887,SAFE,0,Safe
1.77,4094.4,36.1011,0,0.19,SAFE,0,Safe
1.78,4065.0,35.9712,0,0.1912,SAFE,0,Safe
1.79,4035.91,35.8423,0,0.1924,SAFE,0,Safe
1.8,4007.13,35.7143,0,0.1936,SAFE,0,Safe
1.81,3978.66,35.5872,0,0.1949,SAFE,0,Safe
1.82,3950.5,35.461,0,0.1961,SAFE,0,Safe
1.83,3922.63,35.3357,0,0.1973,SAFE,0,Safe
1.84,3895.05,35.2113,0,0.1985,SAFE,0,Safe
1.85,3867.77,35.0877,0,0.1998,SAFE,0,Safe
1.86,3840.77,34.965,0,0.201,SAFE,0,Safe
1.87,3814.05,34.8432,0,0.2022,SAFE,0,Safe
1.88,3787.61,34.7222,0,0.2035,SAFE,0,Safe
1.89,3761.44,34.6021,0,0.2047,SAFE,0,Safe
1.9,3735.54,34.4828,0,0.2059,SAFE,0,Safe
1.91,3709.91,34.3643,0,0.2072,SAFE,0,Safe
1.92,3684.55,34.2466,0,0.2084,SAFE,0,Safe
1.93,3659.44,34.1297,0,0.2097,SAFE,0,Safe
1.94,3634.59,34.0136,0,0.2109,SAFE,0,Safe
1.95,3609.99,33.8983,0,0.2121,SAFE,0,Safe
1.96,3585.64,33.7838,0,0.2134,SAFE,0,Safe
1.97,3561.53,33.67,0,0.2146,SAFE,0,Safe
1.98,3537.67,33.557,0,0.2159,SAFE,0,Safe
1.99,3514.05,33.4448,0,0.2171,SAFE,0,Safe
2.0,3490.66,33.3333,0,0.2184,SAFE,0,Safe
2.01,3467.5,33.2226,0,0.2196,SAFE,0,Safe
2.02,3444.58,33.1126,0,0.2209,SAFE,0,Safe
2.03,3421.88,33.0033,0,0.2221,SAFE,0,Safe
2.04,3399.4,32.8947,0,0.2234,SAFE,0,Safe
2.05,3377.15,32.7869,0,0.2247,SAFE,0,Safe
2.06,3355.11,32.6797,0,0.2259,SAFE,0,Safe
2.07,3333.29,32.5733,0,0.2272,SAFE,0,Safe
2.08,3311.68,32.4675,0,0.2284,SAFE,0,Safe
2.09,3290.28,32.3625,0,0.2297,SAFE,0,Safe
2.1,3269.09,32.2581,0,0.231,SAFE,0,Safe
2.11,3248.1,32.1543,0,0.2322,SAFE,0,Safe
2.12,3227.31,32.0513,0,0.2335,SAFE,0,Safe
2.13,3206.72,31.9489,0,0.2348,SAFE,0,Safe
2.14,3186.33,31.8471,0,0.236,SAFE,0,Safe
2.15,3166.13,31.746,0,0.2373,SAFE,0,Safe
2.16,3146.12,31.6456,0,0.2386,SAFE,0,Safe
2.17,3126.31,31.5457,0,0.2398,SAFE,0,Safe
2.18,3106.67,31.4465,0,0.2411,SAFE,0,Safe
2.19,3087.23,31.348,0,0.2424,SAFE,0,Safe
2.2,3067.96,31.25,0,0.2437,SAFE,0,Safe
2.21,3048.88,31.1526,0,0.2449,SAFE,0,Safe
2.22,3029.97,31.0559,0,0.2462,SAFE,0,Safe
2.23,3011.24,30.9598,0,0.2475,SAFE,0,Safe
2.24,2992.68,30.8642,0,0.2488,SAFE,0,Safe
2.25,2974.29,30.7692,0,0.2501,SAFE,0,Safe
2.26,2956.07,30.6748,0,0.2513,SAFE,0,Safe
2.27,2938.02,30.581,0,0.2526,SAFE,0,Safe
2.28,2920.13,30.4878,0,0.2539,SAFE,0,Safe
2.29,2902.41,30.3951,0,0.2552,SAFE,0,Safe
2.3,2884.84,30.303,0,0.2565,SAFE,0,Safe
2.31,2867.44,30.2115,0,0.2578,SAFE,0,Safe
2.32,2850.19,30.1205,0,0.2591,SAFE,0,Safe
2.33,2833.1,30.03,0,0.2604,SAFE,0,Safe
2.34,2816.16,29.9401,0,0.2616,SAFE,0,Safe
2.35,2799.37,29.8507,0,0.2629,SAFE,0,Safe
2.36,2782.73,29.7619,0,0.2642,SAFE,0,Safe
2.37,2766.24,29.6736,0,0.2655,SAFE,0,Safe
2.38,2749.9,29.5858,0,0.2668,SAFE,0,Safe
2.39,2733.7,29.4985,0,0.2681,SAFE,0,Safe
2.4,2717.64,29.4118,0,0.2694,SAFE,0,Safe
2.41,2701.72,29.3255,0,0.2707,SAFE,0,Safe
2.42,2685.95,29.2398,0,0.272,SAFE,0,Safe
2.43,2670.31,29.1545,0,0.2733,SAFE,0,Safe
2.44,2654.81,29.0698,0,0.2746,SAFE,0,Safe
2.45,2639.44,28.9855,0,0.2759,SAFE,0,Safe
2.46,2624.2,28.9017,0,0.2772,SAFE,0,Safe
2.47,2609.1,28.8184,0,0.2786,SAFE,0,Safe
2.48,2594.13,28.7356,0,0.2799,SAFE,0,Safe
2.49,2579.28,28.6533,0,0.2812,SAFE,0,Safe
2.5,2564.57,28.5714,0,0.2825,SAFE,0,Safe
2.51,2549.97,28.49,0,0.2838,SAFE,0,Safe
2.52,2535.51,28.4091,0,0.2851,SAFE,0,Safe
2.53,2521.16,28.3286,0,0.2864,SAFE,0,Safe
2.54,2506.94,28.2486,0,0.2877,SAFE,0,Safe
2.55,2492.83,28.169,0,0.2891,SAFE,0,Safe
2.56,2478.85,28.0899,0,0.2904,SAFE,0,Safe
2.57,2464.98,28.0112,0,0.2917,SAFE,0,Safe
2.58,2451.23,27.933,0,0.293,SAFE,0,Safe
2.59,2437.59,27.8552,0,0.2943,SAFE,0,Safe
2.6,2424.07,27.7778,0,0.2957,SAFE,0,Safe
2.61,2410.66,27.7008,0,0.297,SAFE,0,Safe
2.62,2397.36,27.6243,0,0.2983,SAFE,0,Safe
2.63,2384.17,27.5482,0,0.2996,SAFE,0,Safe
2.64,2371.08,27.4725,0,0.301,SAFE,0,Safe
2.65,2358.11,27.3973,0,0.3023,SAFE,0,Safe
2.66,2345.24,27.3224,0,0.3036,SAFE,0,Safe
2.67,2332.48,27.248,0,0.305,SAFE,0,Safe
2.68,2319.82,27.1739,0,0.3063,SAFE,0,Safe
2.69,2307.26,27.1003,0,0.3076,SAFE,0,Safe
2.7,2294.81,27.027,0,0.309,SAFE,0,Safe
2.71,2282.45,26.9542,0,0.3103,SAFE,0,Safe
2.72,2270.2,26.8817,0,0.3116,SAFE,0,Safe
2.73,2258.04,26.8097,0,0.313,SAFE,0,Safe
2.74,2245.98,26.738,0,0.3143,SAFE,0,Safe
2.75,2234.02,26.6667,0,0.3157,SAFE,0,Safe
2.76,2222.15,26.5957,0,0.317,SAFE,0,Safe
2.77,2210.38,26.5252,0,0.3183,SAFE,0,Safe
2.78,2198.7,26.455,0,0.3197,SAFE,0,Safe
2.79,2187.11,26.3852,0,0.321,SAFE,0,Safe
2.8,2175.62,26.3158,0,0.3224,SAFE,0,Safe
2.81,2164.21,26.2467,0,0.3237,SAFE,0,Safe
2.82,2152.9,26.178,0,0.3251,SAFE,0,Safe
2.83,2141.67,26.1097,0,0.3264,SAFE,0,Safe
2.84,2130.53,26.0417,0,0.3278,SAFE,0,Safe
2.85,2119.48,25.974,0,0.3291,SAFE,0,Safe
2.86,2108.51,25.9067,0,0.3305,SAFE,0,Safe
2.87,2097.63,25.8398,0,0.3318,SAFE,0,Safe
2.88,2086.83,25.7732,0,0.3332,SAFE,0,Safe
2.89,2076.11,25.7069,0,0.3345,SAFE,0,Safe
2.9,2065.48,25.641,0,0.3359,SAFE,0,Safe
2.91,2054.93,25.5754,0,0.3373,SAFE,0,Safe
2.92,2044.46,25.5102,0,0.3386,SAFE,0,Safe
2.93,2034.06,25.4453,0,0.34,SAFE,0,Safe
2.94,2023.75,25.3807,0,0.3413,SAFE,0,Safe
2.95,2013.52,25.3165,0,0.3427,SAFE,0,Safe
2.96,2003.36,25.2525,0,0.3441,SAFE,0,Safe
2.97,1993.28,25.1889,0,0.3454,SAFE,0,Safe
2.98,1983.28,25.1256,0,0.3468,SAFE,0,Safe
2.99,1973.35,25.0627,0,0.3482,SAFE,0,Safe
3.0,1963.5,25.0,0,0.3495,SAFE,0,Safe
3.01,1953.71,24.9377,0,0.3509,SAFE,0,Safe
3.02,1944.01,24.8756,0,0.3523,SAFE,0,Safe
3.03,1934.37,24.8139,0,0.3536,SAFE,0,Safe
3.04,1924.81,24.7525,0,0.355,SAFE,0,Safe
3.05,1915.31,24.6914,0,0.3564,SAFE,0,Safe
3.06,1905.89,24.6305,0,0.3578,SAFE,0,Safe
3.07,1896.54,24.57,0,0.3591,SAFE,0,Safe
3.08,1887.25,24.5098,0,0.3605,SAFE,0,Safe
3.09,1878.03,24.4499,0,0.3619,SAFE,0,Safe
3.1,1868.88,24.3902,0,0.3633,SAFE,0,Safe
3.11,1859.8,24.3309,0,0.3646,SAFE,0,Safe
3.12,1850.78,24.2718,0,0.366,SAFE,0,Safe
3.13,1841.83,24.2131,0,0.3674,SAFE,0,Safe
3.14,1832.94,24.1546,0,0.3688,SAFE,0,Safe
3.15,1824.12,24.0964,0,0.3702,SAFE,0,Safe
3.16,1815.36,24.0385,0,0.3716,SAFE,0,Safe
3.17,1806.67,23.9808,0,0.373,SAFE,0,Safe
3.18,1798.03,23.9234,0,0.3743,SAFE,0,Safe
3.19,1789.46,23.8663,0,0.3757,SAFE,0,Safe
3.2,1780.95,23.8095,0,0.3771,SAFE,0,Safe
3.21,1772.5,23.753,0,0.3785,SAFE,0,Safe
3.22,1764.11,23.6967,0,0.3799,SAFE,0,Safe
3.23,1755.78,23.6407,0,0.3813,SAFE,0,Safe
3.24,1747.5,23.5849,0,0.3827,SAFE,0,Safe
3.25,1739.29,23.5294,0,0.3841,SAFE,0,Safe
3.26,1731.13,23.4742,0,0.3855,SAFE,0,Safe
3.27,1723.04,23.4192,0,0.3869,SAFE,0,Safe
3.28,1714.99,23.3645,0,0.3883,SAFE,0,Safe
3.29,1707.01,23.31,0,0.3897,SAFE,0,Safe
3.3,1699.08,23.2558,0,0.3911,SAFE,0,Safe
3.31,1691.2,23.2019,0,0.3925,SAFE,0,Safe
3.32,1683.38,23.1481,0,0.3939,SAFE,0,Safe
3.33,1675.61,23.0947,0,0.3953,SAFE,0,Safe
3.34,1667.9,23.0415,0,0.3967,SAFE,0,Safe
3.35,1660.24,22.9885,0,0.3981,SAFE,0,Safe
3.36,1652.63,22.9358,0,0.3995,SAFE,0,Safe
3.37,1645.08,22.8833,0,0.4009,SAFE,0,Safe
3.38,1637.58,22.8311,0,0.4023,SAFE,0,Safe
3.39,1630.12,22.779,0,0.4037,SAFE,0,Safe
3.4,1622.72,22.7273,0,0.4051,SAFE,0,Safe
3.41,1615.37,22.6757,0,0.4065,SAFE,0,Safe
3.42,1608.07,22.6244,0,0.4079,SAFE,0,Safe
3.43,1600.82,22.5734,0,0.4094,SAFE,0,Safe
3.44,1593.62,22.5225,0,0.4108,SAFE,0,Safe
3.45,1586.46,22.4719,0,0.4122,SAFE,0,Safe
3.46,1579.36,22.4215,0,0.4136,SAFE,0,Safe
3.47,1572.3,22.3714,0,0.415,SAFE,0,Safe
3.48,1565.29,22.3214,0,0.4164,SAFE,0,Safe
3.49,1558.32,22.2717,0,0.4179,SAFE,0,Safe
3.5,1551.4,22.2222,0,0.4193,SAFE,0,Safe
3.51,1544.53,22.1729,0,0.4207,SAFE,0,Safe
3.52,1537.7,22.1239,0,0.4221,SAFE,0,Safe
3.53,1530.92,22.0751,0,0.4236,SAFE,0,Safe
3.54,1524.19,22.0264,0,0.425,SAFE,0,Safe
3.55,1517.49,21.978,0,0.4264,SAFE,0,Safe
3.56,1510.85,21.9298,0,0.4278,SAFE,0,Safe
3.57,1504.24,21.8818,0,0.4293,SAFE,0,Safe
3.58,1497.68,21.8341,0,0.4307,SAFE,0,Safe
3.59,1491.16,21.7865,0,0.4321,SAFE,0,Safe
3.6,1484.68,21.7391,0,0.4335,SAFE,0,Safe
3.61,1478.25,21.692,0,0.435,SAFE,0,Safe
3.62,1471.86,21.645,0,0.4364,SAFE,0,Safe
3.63,1465.51,21.5983,0,0.4378,SAFE,0,Safe
3.64,1459.2,21.5517,0,0.4393,SAFE,0,Safe
3.65,1452.93,21.5054,0,0.4407,SAFE,0,Safe
3.66,1446.7,21.4592,0,0.4422,SAFE,0,Safe
3.67,1440.51,21.4133,0,0.4436,SAFE,0,Safe
3.68,1434.36,21.3675,0,0.445,SAFE,0,Safe
3.69,1428.25,21.322,0,0.4465,SAFE,0,Safe
3.7,1422.18,21.2766,0,0.4479,SAFE,0,Safe
3.71,1416.15,21.2314,0,0.4493,SAFE,0,Safe
3.72,1410.15,21.1864,0,0.4508,SAFE,0,Safe
3.73,1404.2,21.1416,0,0.4522,SAFE,0,Safe
3.74,1398.28,21.097,0,0.4537,SAFE,0,Safe
3.75,1392.4,21.0526,0,0.4551,SAFE,0,Safe
3.76,1386.55,21.0084,0,0.4566,SAFE,0,Safe
3.77,1380.74,20.9644,0,0.458,SAFE,0,Safe
3.78,1374.97,20.9205,0,0.4595,SAFE,0,Safe
3.79,1369.24,20.8768,0,0.4609,SAFE,0,Safe
3.8,1363.54,20.8333,0,0.4624,SAFE,0,Safe
3.81,1357.87,20.79,0,0.4638,SAFE,0,Safe
3.82,1352.25,20.7469,0,0.4653,SAFE,0,Safe
3.83,1346.65,20.7039,0,0.4667,SAFE,0,Safe
3.84,1341.09,20.6612,0,0.4682,SAFE,0,Safe
3.85,1335.57,20.6186,0,0.4696,SAFE,0,Safe
3.86,1330.08,20.5761,0,0.4711,SAFE,0,Safe
3.87,1324.62,20.5339,0,0.4725,SAFE,0,Safe
3.88,1319.2,20.4918,0,0.474,SAFE,0,Safe
3.89,1313.81,20.4499,0,0.4755,SAFE,0,Safe
3.9,1308.45,20.4082,0,0.4769,SAFE,0,Safe
3.91,1303.13,20.3666,0,0.4784,SAFE,0,Safe
3.92,1297.84,20.3252,0,0.4798,SAFE,0,Safe
3.93,1292.58,20.284,0,0.4813,SAFE,0,Safe
3.94,1287.35,20.2429,0,0.4828,SAFE,0,Safe
3.95,1282.15,20.202,0,0.4842,SAFE,0,Safe
3.96,1276.99,20.1613,0,0.4857,SAFE,0,Safe
3.97,1271.85,20.1207,0,0.4872,SAFE,0,Safe
3.98,1266.75,20.0803,0,0.4886,SAFE,0,Safe
3.99,1261.68,20.0401,0,0.4901,SAFE,0,Safe
4.0,1256.64,20.0,0,0.4916,SAFE,0,Safe
4.01,1251.63,19.9601,0,0.4931,SAFE,0,Safe
4.02,1246.64,19.9203,0,0.4945,SAFE,0,Safe
4.03,1241.69,19.8807,0,0.496,SAFE,0,Safe
4.04,1236.77,19.8413,0,0.4975,SAFE,0,Safe
4.05,1231.88,19.802,0,0.4989,SAFE,0,Safe
4.06,1227.01,19.7628,0,0.5004,SAFE,0,Safe
4.07,1222.18,19.7239,0,0.5019,SAFE,0,Safe
4.08,1217.37,19.685,0,0.5034,SAFE,0,Safe
4.09,1212.59,19.6464,0,0.5049,SAFE,0,Safe
4.1,1207.84,19.6078,0,0.5063,SAFE,0,Safe
4.11,1203.12,19.5695,0,0.5078,SAFE,0,Safe
4.12,1198.42,19.5312,0,0.5093,SAFE,0,Safe
4.13,1193.75,19.4932,0,0.5108,SAFE,0,Safe
4.14,1189.11,19.4553,0,0.5123,SAFE,0,Safe
4.15,1184.5,19.4175,0,0.5137,SAFE,0,Safe
4.16,1179.91,19.3798,0,0.5152,SAFE,0,Safe
4.17,1175.35,19.3424,0,0.5167,SAFE,0,Safe
4.18,1170.82,19.305,0,0.5182,SAFE,0,Safe
4.19,1166.31,19.2678,0,0.5197,SAFE,0,Safe
4.2,1161.83,19.2308,0,0.5212,SAFE,0,Safe
4.21,1157.38,19.1939,0,0.5227,SAFE,0,Safe
4.22,1152.95,19.1571,0,0.5242,SAFE,0,Safe
4.23,1148.54,19.1205,0,0.5257,SAFE,0,Safe
4.24,1144.16,19.084,0,0.5271,SAFE,0,Safe
4.25,1139.81,19.0476,0,0.5286,SAFE,0,Safe
4.26,1135.48,19.0114,0,0.5301,SAFE,0,Safe
4.27,1131.17,18.9753,0,0.5316,SAFE,0,Safe
4.28,1126.89,18.9394,0,0.5331,SAFE,0,Safe
4.29,1122.63,18.9036,0,0.5346,SAFE,0,Safe
4.3,1118.4,18.8679,0,0.5361,SAFE,0,Safe
4.31,1114.19,18.8324,0,0.5376,SAFE,0,Safe
4.32,1110.01,18.797,0,0.5391,SAFE,0,Safe
4.33,1105.85,18.7617,0,0.5406,SAFE,0,Safe
4.34,1101.71,18.7266,0,0.5421,SAFE,0,Safe
4.35,1097.6,18.6916,0,0.5436,SAFE,0,Safe
4.36,1093.5,18.6567,0,0.5451,SAFE,0,Safe
4.37,1089.43,18.622,0,0.5466,SAFE,0,Safe
4.38,1085.39,18.5874,0,0.5481,SAFE,0,Safe
4.39,1081.37,18.5529,0,0.5496,SAFE,0,Safe
4.4,1077.36,18.5185,0,0.5512,SAFE,0,Safe
4.41,1073.38,18.4843,0,0.5527,SAFE,0,Safe
4.42,1069.43,18.4502,0,0.5542,SAFE,0,Safe
4.43,1065.49,18.4162,0,0.5557,SAFE,0,Safe
4.44,1061.58,18.3824,0,0.5572,SAFE,0,Safe
4.45,1057.69,18.3486,0,0.5587,SAFE,0,Safe
4.46,1053.82,18.315,0,0.5602,SAFE,0,Safe
4.47,1049.97,18.2815,0,0.5617,SAFE,0,Safe
4.48,1046.14,18.2482,0,0.5633,SAFE,0,Safe
4.49,1042.33,18.2149,0,0.5648,SAFE,0,Safe
4.5,1038.54,18.1818,0,0.5663,SAFE,0,Safe
4.51,1034.78,18.1488,0,0.5678,SAFE,0,Safe
4.52,1031.03,18.1159,0,0.5693,SAFE,0,Safe
4.53,1027.31,18.0832,0,0.5708,SAFE,0,Safe
4.54,1023.6,18.0505,0,0.5724,SAFE,0,Safe
4.55,1019.91,18.018,0,0.5739,SAFE,0,Safe
4.56,1016.25,17.9856,0,0.5754,SAFE,0,Safe
4.57,1012.6,17.9533,0,0.5769,SAFE,0,Safe
4.58,1008.98,17.9211,0,0.5785,SAFE,0,Safe
4.59,1005.37,17.8891,0,0.58,SAFE,0,Safe
4.6,1001.78,17.8571,0,0.5815,SAFE,0,Safe
4.61,998.22,17.8253,0,0.583,SAFE,0,Safe
4.62,994.67,17.7936,0,0.5846,SAFE,0,Safe
4.63,991.14,17.762,0,0.5861,SAFE,0,Safe
4.64,987.62,17.7305,0,0.5876,SAFE,0,Safe
4.65,984.13,17.6991,0,0.5891,SAFE,0,Safe
4.66,980.66,17.6678,0,0.5907,SAFE,0,Safe
4.67,977.2,17.6367,0,0.5922,SAFE,0,Safe
4.68,973.76,17.6056,0,0.5937,SAFE,0,Safe
4.69,970.34,17.5747,0,0.5953,SAFE,0,Safe
4.7,966.94,17.5439,0,0.5968,SAFE,0,Safe
4.71,963.56,17.5131,0,0.5983,SAFE,0,Safe
4.72,960.19,17.4825,0,0.5999,SAFE,0,Safe
4.73,956.84,17.452,0,0.6014,SAFE,0,Safe
4.74,953.51,17.4216,0,0.603,SAFE,0,Safe
4.75,950.2,17.3913,0,0.6045,SAFE,0,Safe
4.76,946.9,17.3611,0,0.606,SAFE,0,Safe
4.77,943.62,17.331,0,0.6076,SAFE,0,Safe
4.78,940.36,17.301,0,0.6091,SAFE,0,Safe
4.79,937.11,17.2712,0,0.6107,SAFE,0,Safe
4.8,933.89,17.2414,0,0.6122,SAFE,0,Safe
4.81,930.67,17.2117,0,0.6138,SAFE,0,Safe
4.82,927.48,17.1821,0,0.6153,SAFE,0,Safe
4.83,924.3,17.1527,0,0.6168,SAFE,0,Safe
4.84,921.14,17.1233,0,0.6184,SAFE,0,Safe
4.85,917.99,17.094,0,0.6199,SAFE,0,Safe
4.86,914.86,17.0648,0,0.6215,SAFE,0,Safe
4.87,911.75,17.0358,0,0.623,SAFE,0,Safe
4.88,908.65,17.0068,0,0.6246,SAFE,0,Safe
4.89,905.56,16.9779,0,0.6261,SAFE,0,Safe
4.9,902.5,16.9492,0,0.6277,SAFE,0,Safe
4.91,899.45,16.9205,0,0.6293,SAFE,0,Safe
4.92,896.41,16.8919,0,0.6308,SAFE,0,Safe
4.93,893.39,16.8634,0,0.6324,SAFE,0,Safe
4.94,890.38,16.835,0,0.6339,SAFE,0,Safe
4.95,887.39,16.8067,0,0.6355,SAFE,0,Safe
4.96,884.42,16.7785,0,0.637,SAFE,0,Safe
4.97,881.46,16.7504,0,0.6386,SAFE,0,Safe
4.98,878.51,16.7224,0,0.6402,SAFE,0,Safe
4.99,875.58,16.6945,0,0.6417,SAFE,0,Safe
5.0,872.66,16.6667,1,0.6433,CHECK,1,Check
5.1,844.29,16.3934,1,0.6589,CHECK,1,Check
5.2,817.27,16.129,1,0.6747,CHECK,1,Check
5.3,791.53,15.873,1,0.6905,CHECK,1,Check
5.4,766.99,15.625,1,0.7065,CHECK,1,Check
5.5,743.57,15.3846,1,0.7225,CHECK,1,Check
5.6,721.21,15.1515,1,0.7386,CHECK,1,Check
5.7,699.84,14.9254,1,0.7547,CHECK,1,Check
5.8,679.41,14.7059,1,0.771,CHECK,1,Check
5.9,659.86,14.4928,1,0.7873,CHECK,1,Check
6.0,641.14,14.2857,1,0.8038,CHECK,1,Check
6.1,623.21,14.0845,1,0.8203,CHECK,1,Check
6.2,606.02,13.8889,1,0.8369,CHECK,1,Check
6.3,589.53,13.6986,1,0.8535,CHECK,1,Check
6.4,573.7,13.5135,1,0.8703,CHECK,1,Check
6.5,558.51,13.3333,1,0.8871,CHECK,1,Check
6.6,543.9,13.1579,1,0.904,CHECK,1,Check
6.7,529.87,12.987,1,0.921,CHECK,1,Check
6.8,516.37,12.8205,1,0.9381,CHECK,1,Check
6.9,503.38,12.6582,1,0.9552,CHECK,1,Check
7.0,490.87,12.5,1,0.9725,CHECK,1,Check
7.1,478.83,12.3457,1,0.9898,CHECK,1,Check
7.2,467.22,12.1951,1,1.0071,CHECK,1,Check
7.3,456.03,12.0482,1,1.0246,CHECK,1,Check
7.4,445.24,11.9048,1,1.0421,CHECK,1,Check
7.5,434.82,11.7647,1,1.0597,CHECK,1,Check
7.6,424.77,11.6279,1,1.0774,CHECK,1,Check
7.7,415.06,11.4943,1,1.0952,CHECK,1,Check
7.8,405.68,11.3636,1,1.113,CHECK,1,Check
7.9,396.62,11.236,1,1.1309,CHECK,1,Check
8.0,387.85,11.1111,1,1.1489,CHECK,1,Check
8.1,379.37,10.989,1,1.167,CHECK,1,Check
8.2,371.17,10.8696,1,1.1851,CHECK,1,Check
8.3,363.23,10.7527,1,1.2033,CHECK,1,Check
8.4,355.54,10.6383,1,1.2216,CHECK,1,Check
8.5,348.1,10.5263,1,1.2399,CHECK,1,Check
8.6,340.88,10.4167,1,1.2583,CHECK,1,Check
8.7,333.89,10.3093,1,1.2768,CHECK,1,Check
8.8,327.11,10.2041,1,1.2954,CHECK,1,Check
8.9,320.54,10.101,1,1.314,CHECK,1,Check
9.0,314.16,10.0,1,1.3327,CHECK,1,Check
9.1,307.97,9.901,1,1.3515,CHECK,1,Check
9.2,301.96,9.8039,1,1.3704,CHECK,1,Check
9.3,296.13,9.7087,1,1.3893,CHECK,1,Check
9.4,290.46,9.6154,1,1.4083,CHECK,1,Check
9.5,284.95,9.5238,1,1.4273,CHECK,1,Check
9.6,279.6,9.434,1,1.4465,CHECK,1,Check
9.7,274.4,9.3458,1,1.4656,CHECK,1,Check
9.8,269.34,9.2593,1,1.4849,CHECK,1,Check
9.9,264.42,9.1743,1,1.5043,CHECK,1,Check
10.0,259.64,9.0909,1,1.5237,CHECK,1,Check
10.1,254.98,9.009,1,1.5431,CHECK,1,Check
10.2,250.45,8.9286,1,1.5627,CHECK,1,Check
10.3,246.03,8.8496,1,1.5823,CHECK,1,Check
10.4,241.74,8.7719,1,1.602,CHECK,1,Check
10.5,237.55,8.6957,1,1.6217,CHECK,1,Check
10.6,233.47,8.6207,1,1.6415,CHECK,1,Check
10.7,229.5,8.547,1,1.6614,CHECK,1,Check
10.8,225.62,8.4746,1,1.6814,CHECK,1,Check
10.9,221.85,8.4034,1,1.7014,CHECK,1,Check
11.0,218.17,8.3333,1,1.7215,CHECK,1,Check
11.1,214.58,8.2645,1,1.7416,CHECK,1,Check
11.2,211.07,8.1967,1,1.7619,CHECK,1,Check
11.3,207.65,8.1301,1,1.7821,CHECK,1,Check
11.4,204.32,8.0645,1,1.8025,CHECK,1,Check
11.5,201.06,8.0,1,1.8229,CHECK,1,Check
11.6,197.88,7.9365,1,1.8434,CHECK,1,Check
11.7,194.78,7.874,1,1.864,CHECK,1,Check
11.8,191.75,7.8125,1,1.8846,CHECK,1,Check
11.9,188.79,7.7519,1,1.9052,CHECK,1,Check
12.0,185.89,7.6923,1,1.926,CHECK,1,Check
12.1,183.07,7.6336,1,1.9468,CHECK,1,Check
12.2,180.3,7.5758,1,1.9677,CHECK,1,Check
12.3,177.6,7.5188,1,1.9886,CHECK,1,Check
12.4,174.96,7.4627,1,2.0096,CHECK,1,Check
12.5,172.38,7.4074,1,2.0307,CHECK,1,Check
12.6,169.85,7.3529,1,2.0519,CHECK,1,Check
12.7,167.38,7.2993,1,2.0731,CHECK,1,Check
12.8,164.96,7.2464,1,2.0943,CHECK,1,Check
12.9,162.6,7.1942,1,2.1156,CHECK,1,Check
13.0,160.29,7.1429,1,2.137,CHECK,1,Check
13.1,158.02,7.0922,1,2.1585,CHECK,1,Check
13.2,155.8,7.0423,1,2.18,CHECK,1,Check
13.3,153.63,6.993,1,2.2016,CHECK,1,Check
13.4,151.5,6.9444,1,2.2233,CHECK,1,Check
13.5,149.42,6.8966,1,2.245,CHECK,1,Check
13.6,147.38,6.8493,1,2.2668,CHECK,1,Check
13.7,145.38,6.8027,1,2.2886,CHECK,1,Check
13.8,143.43,6.7568,1,2.3105,CHECK,1,Check
13.9,141.51,6.7114,1,2.3324,CHECK,1,Check
14.0,139.63,6.6667,1,2.3545,CHECK,1,Check
14.1,137.78,6.6225,1,2.3766,CHECK,1,Check
14.2,135.98,6.5789,1,2.3987,CHECK,1,Check
14.3,134.2,6.5359,1,2.421,CHECK,1,Check
14.4,132.47,6.4935,1,2.4432,CHECK,1,Check
14.5,130.76,6.4516,1,2.4656,CHECK,1,Check
14.6,129.09,6.4103,1,2.488,CHECK,1,Check
14.7,127.45,6.3694,1,2.5104,CHECK,1,Check
14.8,125.84,6.3291,1,2.533,CHECK,1,Check
14.9,124.27,6.2893,1,2.5555,CHECK,1,Check
15.0,122.72,6.25,2,2.5782,CHECK,1,Check
15.1,121.2,6.2112,2,2.6009,CHECK,1,Check
15.2,119.71,6.1728,2,2.6237,CHECK,1,Check
15.3,118.24,6.135,2,2.6465,CHECK,1,Check
15.4,116.81,6.0976,2,2.6694,CHECK,1,Check
15.5,115.39,6.0606,2,2.6924,CHECK,1,Check
15.6,114.01,6.0241,2,2.7154,CHECK,1,Check
15.7,112.65,5.988,2,2.7385,CHECK,1,Check
15.8,111.31,5.9524,2,2.7616,CHECK,1,Check
15.9,110.0,5.9172,2,2.7848,CHECK,1,Check
16.0,108.71,5.8824,2,2.8081,CHECK,1,Check
16.1,107.44,5.848,2,2.8314,CHECK,1,Check
16.2,106.19,5.814,2,2.8548,CHECK,1,Check
16.3,104.97,5.7803,2,2.8783,CHECK,1,Check
16.4,103.77,5.7471,2,2.9017,CHECK,1,Check
16.5,102.58,5.7143,2,2.9254,CHECK,1,Check
16.6,101.42,5.6818,2,2.949,CHECK,1,Check
16.7,100.28,5.6497,2,2.9726,CHECK,1,Check
16.8,99.15,5.618,2,2.9964,CHECK,1,Check
16.9,98.05,5.5866,2,3.0202,CHECK,1,Check
17.0,96.96,5.5556,2,3.0441,CHECK,1,Check
17.1,95.89,5.5249,2,3.068,CHECK,1,Check
17.2,94.84,5.4945,2,3.092,CHECK,1,Check
17.3,93.81,5.4645,2,3.1161,CHECK,1,Check
17.4,92.79,5.4348,2,3.1402,CHECK,1,Check
17.5,91.79,5.4054,2,3.1644,CHECK,1,Check
17.6,90.81,5.3763,2,3.1886,CHECK,1,Check
17.7,89.84,5.3476,2,3.2129,CHECK,1,Check
17.8,88.89,5.3191,2,3.2372,CHECK,1,Check
17.9,87.95,5.291,2,3.2616,CHECK,1,Check
18.0,87.02,5.2632,2,3.2861,CHECK,1,Check
18.1,86.12,5.2356,2,3.3106,CHECK,1,Check
18.2,85.22,5.2083,2,3.3352,CHECK,1,Check
18.3,84.34,5.1813,2,3.3599,CHECK,1,Check
18.4,83.47,5.1546,2,3.3846,CHECK,1,Check
18.5,82.62,5.1282,2,3.4093,CHECK,1,Check
18.6,81.78,5.102,2,3.4342,CHECK,1,Check
18.7,80.95,5.0761,2,3.459,CHECK,1,Check
18.8,80.13,5.0505,2,3.484,CHECK,1,Check
18.9,79.33,5.0251,2,3.509,CHECK,1,Check
19.0,78.54,5.0,2,3.5341,CHECK,1,Check
19.1,77.76,4.9751,2,3.5592,CHECK,1,Check
19.2,76.99,4.9505,2,3.5844,CHECK,1,Check
19.3,76.24,4.9261,2,3.6096,CHECK,1,Check
19.4,75.49,4.902,2,3.6349,CHECK,1,Check
19.5,74.76,4.878,2,3.6602,CHECK,1,Check
19.6,74.03,4.8544,2,3.6857,CHECK,1,Check
19.7,73.32,4.8309,2,3.7111,CHECK,1,Check
19.8,72.61,4.8077,2,3.7367,CHECK,1,Check
19.9,71.92,4.7847,2,3.7623,CHECK,1,Check
20.0,71.24,4.7619,2,3.7879,CHECK,1,Check
20.1,70.56,4.7393,2,3.8137,CHECK,1,Check
20.2,69.9,4.717,2,3.8394,CHECK,1,Check
20.3,69.25,4.6948,2,3.8651,CHECK,1,Check
20.4,68.6,4.6729,2,3.8911,CHECK,1,Check
20.5,67.96,4.6512,2,3.9171,CHECK,1,Check
20.6,67.34,4.6296,2,3.943,CHECK,1,Check
20.7,66.72,4.6083,2,3.969,CHECK,1,Check
20.8,66.11,4.5872,2,3.9951,CHECK,1,Check
20.9,65.5,4.5662,2,4.0214,CHECK,1,Check
21.0,64.91,4.5455,2,4.0476,CHECK,1,Check
21.1,64.32,4.5249,2,4.0739,CHECK,1,Check
21.2,63.74,4.5045,2,4.1003,CHECK,1,Check
21.3,63.17,4.4843,2,4.1267,CHECK,1,Check
21.4,62.61,4.4643,2,4.1531,CHECK,1,Check
21.5,62.06,4.4444,2,4.1796,CHECK,1,Check
21.6,61.51,4.4248,2,4.2062,CHECK,1,Check
21.7,60.97,4.4053,2,4.2328,CHECK,1,Check
21.8,60.43,4.386,2,4.2596,CHECK,1,Check
21.9,59.91,4.3668,2,4.2862,CHECK,1,Check
22.0,59.39,4.3478,2,4.313,CHECK,1,Check
22.1,58.87,4.329,2,4.34,CHECK,1,Check
22.2,58.37,4.3103,2,4.3668,CHECK,1,Check
22.3,57.87,4.2918,2,4.3938,CHECK,1,Check
22.4,57.37,4.2735,2,4.4209,CHECK,1,Check
22.5,56.89,4.2553,2,4.4479,CHECK,1,Check
22.6,56.41,4.2373,2,4.4751,CHECK,1,Check
22.7,55.93,4.2194,2,4.5023,CHECK,1,Check
22.8,55.46,4.2017,2,4.5296,CHECK,1,Check
22.9,55.0,4.1841,2,4.5569,CHECK,1,Check
23.0,54.54,4.1667,2,4.5843,CHECK,1,Check
23.1,54.09,4.1494,2,4.6117,CHECK,1,Check
23.2,53.64,4.1322,2,4.6393,CHECK,1,Check
23.3,53.2,4.1152,2,4.6668,CHECK,1,Check
23.4,52.77,4.0984,2,4.6943,CHECK,1,Check
23.5,52.34,4.0816,2,4.722,CHECK,1,Check
23.6,51.91,4.065,2,4.7498,CHECK,1,Check
23.7,51.49,4.0486,2,4.7776,CHECK,1,Check
23.8,51.08,4.0323,2,4.8054,CHECK,1,Check
23.9,50.67,4.0161,2,4.8333,CHECK,1,Check
24.0,50.27,4.0,2,4.8611,CHECK,1,Check
24.1,49.87,3.9841,2,4.8892,CHECK,1,Check
24.2,49.47,3.9683,2,4.9173,CHECK,1,Check
24.3,49.08,3.9526,2,4.9454,CHECK,1,Check
24.4,48.69,3.937,2,4.9737,CHECK,1,Check
24.5,48.31,3.9216,2,5.0019,CHECK,1,Check
24.6,47.94,3.9062,2,5.0301,CHECK,1,Check
24.7,47.56,3.8911,2,5.0586,CHECK,1,Check
24.8,47.2,3.876,2,5.0868,CHECK,1,Check
24.9,46.83,3.861,2,5.1154,CHECK,1,Check
25.0,46.47,3.8462,2,5.1439,WARNING,1,Check
25.1,46.12,3.8314,2,5.1724,WARNING,1,Check
25.2,45.77,3.8168,2,5.201,WARNING,1,Check
25.3,45.42,3.8023,2,5.2297,WARNING,1,Check
25.4,45.08,3.7879,2,5.2584,WARNING,1,Check
25.5,44.74,3.7736,2,5.2872,WARNING,1,Check
25.6,44.4,3.7594,2,5.3162,WARNING,1,Check
25.7,44.07,3.7453,2,5.345,WARNING,1,Check
25.8,43.74,3.7313,2,5.374,WARNING,1,Check
25.9,43.42,3.7175,2,5.4029,WARNING,1,Check
26.0,43.09,3.7037,2,5.4322,WARNING,1,Check
26.1,42.78,3.69,2,5.4612,WARNING,1,Check
26.2,42.46,3.6765,2,5.4905,WARNING,1,Check
26.3,42.15,3.663,2,5.5198,WARNING,1,Check
26.4,41.85,3.6496,2,5.5489,WARNING,1,Check
26.5,41.54,3.6364,2,5.5784,WARNING,1,Check
26.6,41.24,3.6232,2,5.6078,WARNING,1,Check
26.7,40.94,3.6101,2,5.6374,WARNING,1,Check
26.8,40.65,3.5971,2,5.6668,WARNING,1,Check
26.9,40.36,3.5842,2,5.6964,WARNING,1,Check
27.0,40.07,3.5714,2,5.7261,WARNING,1,Check
27.1,39.79,3.5587,2,5.7556,WARNING,1,Check
27.2,39.5,3.5461,2,5.7856,WARNING,1,Check
27.3,39.23,3.5336,2,5.8152,WARNING,1,Check
27.4,38.95,3.5211,2,5.8452,WARNING,1,Check
27.5,38.68,3.5088,2,5.875,WARNING,1,Check
27.6,38.41,3.4965,2,5.905,WARNING,1,Check
27.7,38.14,3.4843,2,5.9351,WARNING,1,Check
27.8,37.88,3.4722,2,5.9651,WARNING,1,Check
27.9,37.61,3.4602,2,5.9955,WARNING,1,Check
28.0,37.36,3.4483,2,6.0254,WARNING,1,Check
28.1,37.1,3.4364,2,6.0558,WARNING,1,Check
28.2,36.85,3.4247,2,6.0859,WARNING,1,Check
28.3,36.59,3.413,2,6.1166,WARNING,1,Check
28.4,36.35,3.4014,2,6.1467,WARNING,1,Check
28.5,36.1,3.3898,2,6.1774,WARNING,1,Check
28.6,35.86,3.3784,2,6.2078,WARNING,1,Check
28.7,35.62,3.367,2,6.2383,WARNING,1,Check
28.8,35.38,3.3557,2,6.269,WARNING,1,Check
28.9,35.14,3.3445,2,6.2999,WARNING,1,Check
29.0,34.91,3.3333,2,6.3305,WARNING,1,Check
29.1,34.68,3.3223,2,6.3612,WARNING,1,Check
29.2,34.45,3.3113,2,6.3921,WARNING,1,Check
29.3,34.22,3.3003,2,6.4232,WARNING,1,Check
29.4,33.99,3.2895,2,6.4544,WARNING,1,Check
29.5,33.77,3.2787,2,6.4853,WARNING,1,Check
29.6,33.55,3.268,2,6.5164,WARNING,1,Check
29.7,33.33,3.2573,2,6.5476,WARNING,1,Check
29.8,33.12,3.2468,2,6.5785,WARNING,1,Check
29.9,32.9,3.2362,2,6.6101,WARNING,1,Check
30.0,32.69,3.2258,3,6.6413,DANGER,2,Dangerous
30.1,32.48,3.2154,3,6.6727,DANGER,2,Dangerous
30.2,32.27,3.2051,3,6.7042,DANGER,2,Dangerous
30.3,32.07,3.1949,3,6.7354,DANGER,2,Dangerous
30.4,31.86,3.1847,3,6.7672,DANGER,2,Dangerous
30.5,31.66,3.1746,3,6.7987,DANGER,2,Dangerous
30.6,31.46,3.1646,3,6.8303,DANGER,2,Dangerous
30.7,31.26,3.1546,3,6.8621,DANGER,2,Dangerous
30.8,31.07,3.1447,3,6.8936,DANGER,2,Dangerous
30.9,30.87,3.1348,3,6.9257,DANGER,2,Dangerous
31.0,30.68,3.125,3,6.9574,DANGER,2,Dangerous
31.1,30.49,3.1153,3,6.9893,DANGER,2,Dangerous
31.2,30.3,3.1056,3,7.0213,DANGER,2,Dangerous
31.3,30.11,3.096,3,7.0535,DANGER,2,Dangerous
31.4,29.93,3.0864,3,7.0853,DANGER,2,Dangerous
31.5,29.74,3.0769,3,7.1177,DANGER,2,Dangerous
31.6,29.56,3.0675,3,7.1498,DANGER,2,Dangerous
31.7,29.38,3.0581,3,7.182,DANGER,2,Dangerous
31.8,29.2,3.0488,3,7.2144,DANGER,2,Dangerous
31.9,29.02,3.0395,3,7.2469,DANGER,2,Dangerous
32.0,28.85,3.0303,3,7.279,DANGER,2,Dangerous
32.1,28.67,3.0211,3,7.3118,DANGER,2,Dangerous
32.2,28.5,3.012,3,7.3442,DANGER,2,Dangerous
32.3,28.33,3.003,3,7.3768,DANGER,2,Dangerous
32.4,28.16,2.994,3,7.4094,DANGER,2,Dangerous
32.5,27.99,2.9851,3,7.4423,DANGER,2,Dangerous
32.6,27.83,2.9762,3,7.4746,DANGER,2,Dangerous
32.7,27.66,2.9674,3,7.5077,DANGER,2,Dangerous
32.8,27.5,2.9586,3,7.5404,DANGER,2,Dangerous
32.9,27.34,2.9499,3,7.5732,DANGER,2,Dangerous
33.0,27.18,2.9412,3,7.6061,DANGER,2,Dangerous
33.1,27.02,2.9326,3,7.6392,DANGER,2,Dangerous
33.2,26.86,2.924,3,7.6724,DANGER,2,Dangerous
33.3,26.7,2.9155,3,7.7058,DANGER,2,Dangerous
33.4,26.55,2.907,3,7.7386,DANGER,2,Dangerous
33.5,26.39,2.8986,3,7.7723,DANGER,2,Dangerous
33.6,26.24,2.8902,3,7.8054,DANGER,2,Dangerous
33.7,26.09,2.8818,3,7.8387,DANGER,2,Dangerous
33.8,25.94,2.8736,3,7.8722,DANGER,2,Dangerous
33.9,25.79,2.8653,3,7.9057,DANGER,2,Dangerous
34.0,25.65,2.8571,3,7.9388,DANGER,2,Dangerous
34.1,25.5,2.849,3,7.9726,DANGER,2,Dangerous
34.2,25.36,2.8409,3,8.0059,DANGER,2,Dangerous
34.3,25.21,2.8329,3,8.0401,DANGER,2,Dangerous
34.4,25.07,2.8249,3,8.0736,DANGER,2,Dangerous
34.5,24.93,2.8169,3,8.1073,DANGER,2,Dangerous
34.6,24.79,2.809,3,8.1412,DANGER,2,Dangerous
34.7,24.65,2.8011,3,8.1752,DANGER,2,Dangerous
34.8,24.51,2.7933,3,8.2093,DANGER,2,Dangerous
34.9,24.38,2.7855,3,8.2429,DANGER,2,Dangerous
35.0,24.24,2.7778,3,8.2773,DANGER,2,Dangerous
35.1,24.11,2.7701,3,8.3111,DANGER,2,Dangerous
35.2,23.97,2.7624,3,8.3458,DANGER,2,Dangerous
35.3,23.84,2.7548,3,8.3799,DANGER,2,Dangerous
35.4,23.71,2.7473,3,8.4141,DANGER,2,Dangerous
35.5,23.58,2.7397,3,8.4485,DANGER,2,Dangerous
35.6,23.45,2.7322,3,8.483,DANGER,2,Dangerous
35.7,23.32,2.7248,3,8.5176,DANGER,2,Dangerous
35.8,23.2,2.7174,3,8.5516,DANGER,2,Dangerous
35.9,23.07,2.71,3,8.5865,DANGER,2,Dangerous
36.0,22.95,2.7027,3,8.6208,DANGER,2,Dangerous
36.1,22.82,2.6954,3,8.656,DANGER,2,Dangerous
36.2,22.7,2.6882,3,8.6905,DANGER,2,Dangerous
36.3,22.58,2.681,3,8.7251,DANGER,2,Dangerous
36.4,22.46,2.6738,3,8.7599,DANGER,2,Dangerous
36.5,22.34,2.6667,3,8.7948,DANGER,2,Dangerous
36.6,22.22,2.6596,3,8.8299,DANGER,2,Dangerous
36.7,22.1,2.6525,3,8.8651,DANGER,2,Dangerous
36.8,21.99,2.6455,3,8.8995,DANGER,2,Dangerous
36.9,21.87,2.6385,3,8.935,DANGER,2,Dangerous
37.0,21.76,2.6316,3,8.9697,DANGER,2,Dangerous
37.1,21.64,2.6247,3,9.0055,DANGER,2,Dangerous
37.2,21.53,2.6178,3,9.0404,DANGER,2,Dangerous
37.3,21.42,2.611,3,9.0755,DANGER,2,Dangerous
37.4,21.31,2.6042,3,9.1108,DANGER,2,Dangerous
37.5,21.19,2.5974,3,9.1471,DANGER,2,Dangerous
37.6,21.09,2.5907,3,9.1816,DANGER,2,Dangerous
37.7,20.98,2.584,3,9.2173,DANGER,2,Dangerous
37.8,20.87,2.5773,3,9.2531,DANGER,2,Dangerous
37.9,20.76,2.5707,3,9.289,DANGER,2,Dangerous
38.0,20.65,2.5641,3,9.3251,DANGER,2,Dangerous
38.1,20.55,2.5575,3,9.3603,DANGER,2,Dangerous
38.2,20.44,2.551,3,9.3967,DANGER,2,Dangerous
38.3,20.34,2.5445,3,9.4321,DANGER,2,Dangerous
38.4,20.24,2.5381,3,9.4677,DANGER,2,Dangerous
38.5,20.14,2.5316,3,9.5034,DANGER,2,Dangerous
38.6,20.03,2.5253,3,9.5404,DANGER,2,Dangerous
38.7,19.93,2.5189,3,9.5764,DANGER,2,Dangerous
38.8,19.83,2.5126,3,9.6125,DANGER,2,Dangerous
38.9,19.73,2.5063,3,9.6488,DANGER,2,Dangerous
39.0,19.63,2.5,3,9.6852,DANGER,2,Dangerous
39.1,19.54,2.4938,3,9.7206,DANGER,2,Dangerous
39.2,19.44,2.4876,3,9.7573,DANGER,2,Dangerous
39.3,19.34,2.4814,3,9.7942,DANGER,2,Dangerous
39.4,19.25,2.4752,3,9.83,DANGER,2,Dangerous
39.5,19.15,2.4691,3,9.8671,DANGER,2,Dangerous
39.6,19.06,2.4631,3,9.9031,DANGER,2,Dangerous
39.7,18.97,2.457,3,9.9393,DANGER,2,Dangerous
39.8,18.87,2.451,3,9.9769,DANGER,2,Dangerous
39.9,18.78,2.445,3,10.0134,DANGER,2,Dangerous
40.0,18.69,2.439,3,10.05,DANGER,2,Dangerous
40.1,18.6,2.4331,3,10.0867,DANGER,2,Dangerous
40.2,18.51,2.4272,3,10.1236,DANGER,2,Dangerous
40.3,18.42,2.4213,3,10.1606,DANGER,2,Dangerous
40.4,18.33,2.4155,3,10.1977,DANGER,2,Dangerous
40.5,18.24,2.4096,3,10.235,DANGER,2,Dangerous
40.6,18.15,2.4038,3,10.2725,DANGER,2,Dangerous
40.7,18.07,2.3981,3,10.3087,DANGER,2,Dangerous
40.8,17.98,2.3923,3,10.3464,DANGER,2,Dangerous
40.9,17.89,2.3866,3,10.3843,DANGER,2,Dangerous
41.0,17.81,2.381,3,10.4209,DANGER,2,Dangerous
41.1,17.72,2.3753,3,10.4591,DANGER,2,Dangerous
41.2,17.64,2.3697,3,10.496,DANGER,2,Dangerous
41.3,17.56,2.3641,3,10.533,DANGER,2,Dangerous
41.4,17.48,2.3585,3,10.5702,DANGER,2,Dangerous
41.5,17.39,2.3529,3,10.6089,DANGER,2,Dangerous
41.6,17.31,2.3474,3,10.6463,DANGER,2,Dangerous
41.7,17.23,2.3419,3,10.6839,DANGER,2,Dangerous
41.8,17.15,2.3364,3,10.7216,DANGER,2,Dangerous
41.9,17.07,2.331,3,10.7594,DANGER,2,Dangerous
42.0,16.99,2.3256,3,10.7974,DANGER,2,Dangerous
42.1,16.91,2.3202,3,10.8355,DANGER,2,Dangerous
42.2,16.83,2.3148,3,10.8738,DANGER,2,Dangerous
42.3,16.76,2.3095,3,10.9106,DANGER,2,Dangerous
42.4,16.68,2.3041,3,10.9492,DANGER,2,Dangerous
42.5,16.6,2.2989,3,10.9879,DANGER,2,Dangerous
42.6,16.53,2.2936,3,11.0251,DANGER,2,Dangerous
42.7,16.45,2.2883,3,11.0641,DANGER,2,Dangerous
42.8,16.38,2.2831,3,11.1015,DANGER,2,Dangerous
42.9,16.3,2.2779,3,11.1408,DANGER,2,Dangerous
43.0,16.23,2.2727,3,11.1786,DANGER,2,Dangerous
43.1,16.15,2.2676,3,11.2181,DANGER,2,Dangerous
43.2,16.08,2.2624,3,11.2561,DANGER,2,Dangerous
43.3,16.01,2.2573,3,11.2943,DANGER,2,Dangerous
43.4,15.94,2.2523,3,11.3325,DANGER,2,Dangerous
43.5,15.86,2.2472,3,11.3727,DANGER,2,Dangerous
43.6,15.79,2.2422,3,11.4113,DANGER,2,Dangerous
43.7,15.72,2.2371,3,11.45,DANGER,2,Dangerous
43.8,15.65,2.2321,3,11.4888,DANGER,2,Dangerous
43.9,15.58,2.2272,3,11.5278,DANGER,2,Dangerous
44.0,15.51,2.2222,3,11.5669,DANGER,2,Dangerous
44.1,15.45,2.2173,3,11.6043,DANGER,2,Dangerous
44.2,15.38,2.2124,3,11.6436,DANGER,2,Dangerous
44.3,15.31,2.2075,3,11.6832,DANGER,2,Dangerous
44.4,15.24,2.2026,3,11.7228,DANGER,2,Dangerous
44.5,15.17,2.1978,3,11.7627,DANGER,2,Dangerous
44.6,15.11,2.193,3,11.8007,DANGER,2,Dangerous
44.7,15.04,2.1882,3,11.8408,DANGER,2,Dangerous
44.8,14.98,2.1834,3,11.8791,DANGER,2,Dangerous
44.9,14.91,2.1786,3,11.9195,DANGER,2,Dangerous
45.0,14.85,2.1739,3,11.958,DANGER,2,Dangerous
45.1,14.78,2.1692,3,11.9987,DANGER,2,Dangerous
45.2,14.72,2.1645,3,12.0375,DANGER,2,Dangerous
45.3,14.66,2.1598,3,12.0764,DANGER,2,Dangerous
45.4,14.59,2.1552,3,12.1176,DANGER,2,Dangerous
45.5,14.53,2.1505,3,12.1568,DANGER,2,Dangerous
45.6,14.47,2.1459,3,12.1961,DANGER,2,Dangerous
45.7,14.41,2.1413,3,12.2356,DANGER,2,Dangerous
45.8,14.34,2.1368,3,12.2773,DANGER,2,Dangerous
45.9,14.28,2.1322,3,12.317,DANGER,2,Dangerous
46.0,14.22,2.1277,3,12.3569,DANGER,2,Dangerous
46.1,14.16,2.1231,3,12.3969,DANGER,2,Dangerous
46.2,14.1,2.1186,3,12.4371,DANGER,2,Dangerous
46.3,14.04,2.1142,3,12.4774,DANGER,2,Dangerous
46.4,13.98,2.1097,3,12.5178,DANGER,2,Dangerous
46.5,13.92,2.1053,3,12.5584,DANGER,2,Dangerous
46.6,13.87,2.1008,3,12.5968,DANGER,2,Dangerous
46.7,13.81,2.0964,3,12.6377,DANGER,2,Dangerous
46.8,13.75,2.0921,3,12.6787,DANGER,2,Dangerous
46.9,13.69,2.0877,3,12.7198,DANGER,2,Dangerous
47.0,13.64,2.0833,3,12.7587,DANGER,2,Dangerous
47.1,13.58,2.079,3,12.8001,DANGER,2,Dangerous
47.2,13.52,2.0747,3,12.8417,DANGER,2,Dangerous
47.3,13.47,2.0704,3,12.881,DANGER,2,Dangerous
47.4,13.41,2.0661,3,12.9228,DANGER,2,Dangerous
47.5,13.36,2.0619,3,12.9624,DANGER,2,Dangerous
47.6,13.3,2.0576,3,13.0045,DANGER,2,Dangerous
47.7,13.25,2.0534,3,13.0443,DANGER,2,Dangerous
47.8,13.19,2.0492,3,13.0868,DANGER,2,Dangerous
47.9,13.14,2.045,3,13.1269,DANGER,2,Dangerous
48.0,13.08,2.0408,3,13.1696,DANGER,2,Dangerous
48.1,13.03,2.0367,3,13.2099,DANGER,2,Dangerous
48.2,12.98,2.0325,3,13.2504,DANGER,2,Dangerous
48.3,12.93,2.0284,3,13.291,DANGER,2,Dangerous
48.4,12.87,2.0243,3,13.3343,DANGER,2,Dangerous
48.5,12.82,2.0202,3,13.3752,DANGER,2,Dangerous
48.6,12.77,2.0161,3,13.4162,DANGER,2,Dangerous
48.7,12.72,2.0121,3,13.4573,DANGER,2,Dangerous
48.8,12.67,2.008,3,13.4985,DANGER,2,Dangerous
48.9,12.62,2.004,3,13.5399,DANGER,2,Dangerous
49.0,12.57,2.0,3,13.5815,DANGER,2,Dangerous
49.1,12.52,1.996,3,13.6231,DANGER,2,Dangerous
49.2,12.47,1.992,3,13.6649,DANGER,2,Dangerous
49.3,12.42,1.9881,3,13.7068,DANGER,2,Dangerous
49.4,12.37,1.9841,3,13.7489,DANGER,2,Dangerous
49.5,12.32,1.9802,3,13.7911,DANGER,2,Dangerous
49.6,12.27,1.9763,3,13.8335,DANGER,2,Dangerous
49.7,12.22,1.9724,3,13.876,DANGER,2,Dangerous
49.8,12.17,1.9685,3,13.9186,DANGER,2,Dangerous
49.9,12.13,1.9646,3,13.9584,DANGER,2,Dangerous
50.0,12.08,1.9608,3,14.0013,DANGER,2,Dangerous
50.1,12.03,1.9569,3,14.0444,DANGER,2,Dangerous
50.2,11.98,1.9531,3,14.0876,DANGER,2,Dangerous
50.3,11.94,1.9493,3,14.1279,DANGER,2,Dangerous
50.4,11.89,1.9455,3,14.1714,DANGER,2,Dangerous
50.5,11.85,1.9417,3,14.212,DANGER,2,Dangerous
50.6,11.8,1.938,3,14.2557,DANGER,2,Dangerous
50.7,11.75,1.9342,3,14.2997,DANGER,2,Dangerous
50.8,11.71,1.9305,3,14.3406,DANGER,2,Dangerous
50.9,11.66,1.9268,3,14.3848,DANGER,2,Dangerous
51.0,11.62,1.9231,3,14.426,DANGER,2,Dangerous
51.1,11.57,1.9194,3,14.4705,DANGER,2,Dangerous
51.2,11.53,1.9157,3,14.512,DANGER,2,Dangerous
51.3,11.49,1.912,3,14.5535,DANGER,2,Dangerous
51.4,11.44,1.9084,3,14.5985,DANGER,2,Dangerous
51.5,11.4,1.9048,3,14.6403,DANGER,2,Dangerous
51.6,11.35,1.9011,3,14.6856,DANGER,2,Dangerous
51.7,11.31,1.8975,3,14.7276,DANGER,2,Dangerous
51.8,11.27,1.8939,3,14.7698,DANGER,2,Dangerous
51.9,11.23,1.8904,3,14.8121,DANGER,2,Dangerous
52.0,11.18,1.8868,3,14.858,DANGER,2,Dangerous
52.1,11.14,1.8832,3,14.9006,DANGER,2,Dangerous
52.2,11.1,1.8797,3,14.9433,DANGER,2,Dangerous
52.3,11.06,1.8762,3,14.9861,DANGER,2,Dangerous
52.4,11.02,1.8727,3,15.0291,DANGER,2,Dangerous
52.5,10.98,1.8692,3,15.0722,DANGER,2,Dangerous
52.6,10.94,1.8657,3,15.1154,DANGER,2,Dangerous
52.7,10.89,1.8622,3,15.1624,DANGER,2,Dangerous
52.8,10.85,1.8587,3,15.2059,DANGER,2,Dangerous
52.9,10.81,1.8553,3,15.2496,DANGER,2,Dangerous
53.0,10.77,1.8519,3,15.2934,DANGER,2,Dangerous
53.1,10.73,1.8484,3,15.3373,DANGER,2,Dangerous
53.2,10.69,1.845,3,15.3814,DANGER,2,Dangerous
53.3,10.65,1.8416,3,15.4256,DANGER,2,Dangerous
53.4,10.62,1.8382,3,15.466,DANGER,2,Dangerous
53.5,10.58,1.8349,3,15.5105,DANGER,2,Dangerous
53.6,10.54,1.8315,3,15.5551,DANGER,2,Dangerous
53.7,10.5,1.8282,3,15.5998,DANGER,2,Dangerous
53.8,10.46,1.8248,3,15.6447,DANGER,2,Dangerous
53.9,10.42,1.8215,3,15.6897,DANGER,2,Dangerous
54.0,10.39,1.8182,3,15.7309,DANGER,2,Dangerous
54.1,10.35,1.8149,3,15.7762,DANGER,2,Dangerous
54.2,10.31,1.8116,3,15.8216,DANGER,2,Dangerous
54.3,10.27,1.8083,3,15.8672,DANGER,2,Dangerous
54.4,10.24,1.8051,3,15.9089,DANGER,2,Dangerous
54.5,10.2,1.8018,3,15.9547,DANGER,2,Dangerous
54.6,10.16,1.7986,3,16.0008,DANGER,2,Dangerous
54.7,10.13,1.7953,3,16.0427,DANGER,2,Dangerous
54.8,10.09,1.7921,3,16.089,DANGER,2,Dangerous
54.9,10.05,1.7889,3,16.1355,DANGER,2,Dangerous
55.0,10.02,1.7857,3,16.1778,DANGER,2,Dangerous
55.1,9.98,1.7825,3,16.2246,DANGER,2,Dangerous
55.2,9.95,1.7794,3,16.2672,DANGER,2,Dangerous
55.3,9.91,1.7762,3,16.3142,DANGER,2,Dangerous
55.4,9.88,1.773,3,16.357,DANGER,2,Dangerous
55.5,9.84,1.7699,3,16.4044,DANGER,2,Dangerous
55.6,9.81,1.7668,3,16.4474,DANGER,2,Dangerous
55.7,9.77,1.7637,3,16.4951,DANGER,2,Dangerous
55.8,9.74,1.7606,3,16.5384,DANGER,2,Dangerous
55.9,9.7,1.7575,3,16.5863,DANGER,2,Dangerous
56.0,9.67,1.7544,3,16.6299,DANGER,2,Dangerous
56.1,9.64,1.7513,3,16.6735,DANGER,2,Dangerous
56.2,9.6,1.7483,3,16.7219,DANGER,2,Dangerous
56.3,9.57,1.7452,3,16.7658,DANGER,2,Dangerous
56.4,9.54,1.7422,3,16.8098,DANGER,2,Dangerous
56.5,9.5,1.7391,3,16.8588,DANGER,2,Dangerous
56.6,9.47,1.7361,3,16.903,DANGER,2,Dangerous
56.7,9.44,1.7331,3,16.9474,DANGER,2,Dangerous
56.8,9.4,1.7301,3,16.9968,DANGER,2,Dangerous
56.9,9.37,1.7271,3,17.0415,DANGER,2,Dangerous
57.0,9.34,1.7241,3,17.0862,DANGER,2,Dangerous
57.1,9.31,1.7212,3,17.1311,DANGER,2,Dangerous
57.2,9.27,1.7182,3,17.1812,DANGER,2,Dangerous
57.3,9.24,1.7153,3,17.2263,DANGER,2,Dangerous
57.4,9.21,1.7123,3,17.2716,DANGER,2,Dangerous
57.5,9.18,1.7094,3,17.3171,DANGER,2,Dangerous
57.6,9.15,1.7065,3,17.3626,DANGER,2,Dangerous
57.7,9.12,1.7036,3,17.4083,DANGER,2,Dangerous
57.8,9.09,1.7007,3,17.4541,DANGER,2,Dangerous
57.9,9.06,1.6978,3,17.5,DANGER,2,Dangerous
58.0,9.02,1.6949,3,17.5514,DANGER,2,Dangerous
58.1,8.99,1.692,3,17.5976,DANGER,2,Dangerous
58.2,8.96,1.6892,3,17.644,DANGER,2,Dangerous
58.3,8.93,1.6863,3,17.6905,DANGER,2,Dangerous
58.4,8.9,1.6835,3,17.7371,DANGER,2,Dangerous
58.5,8.87,1.6807,3,17.7839,DANGER,2,Dangerous
58.6,8.84,1.6779,3,17.8308,DANGER,2,Dangerous
58.7,8.81,1.675,3,17.8778,DANGER,2,Dangerous
58.8,8.79,1.6722,3,17.9194,DANGER,2,Dangerous
58.9,8.76,1.6694,3,17.9667,DANGER,2,Dangerous
59.0,8.73,1.6667,3,18.0141,DANGER,2,Dangerous
59.1,8.7,1.6639,3,18.0617,DANGER,2,Dangerous
59.2,8.67,1.6611,3,18.1094,DANGER,2,Dangerous
59.3,8.64,1.6584,3,18.1572,DANGER,2,Dangerous
59.4,8.61,1.6556,3,18.2052,DANGER,2,Dangerous
59.5,8.58,1.6529,3,18.2533,DANGER,2,Dangerous
59.6,8.55,1.6502,3,18.3016,DANGER,2,Dangerous
59.7,8.53,1.6474,3,18.3441,DANGER,2,Dangerous
59.8,8.5,1.6447,3,18.3927,DANGER,2,Dangerous
59.9,8.47,1.642,3,18.4414,DANGER,2,Dangerous
60.0,8.44,1.6393,3,18.4902,DANGER,2,Dangerous
60.1,8.42,1.6367,3,18.5332,DANGER,2,Dangerous
60.2,8.39,1.634,3,18.5823,DANGER,2,Dangerous
60.3,8.36,1.6313,3,18.6316,DANGER,2,Dangerous
60.4,8.33,1.6287,3,18.681,DANGER,2,Dangerous
60.5,8.31,1.626,3,18.7243,DANGER,2,Dangerous
60.6,8.28,1.6234,3,18.774,DANGER,2,Dangerous
60.7,8.25,1.6207,3,18.8239,DANGER,2,Dangerous
60.8,8.23,1.6181,3,18.8676,DANGER,2,Dangerous
60.9,8.2,1.6155,3,18.9177,DANGER,2,Dangerous
61.0,8.17,1.6129,3,18.968,DANGER,2,Dangerous
61.1,8.15,1.6103,3,19.012,DANGER,2,Dangerous
61.2,8.12,1.6077,3,19.0626,DANGER,2,Dangerous
61.3,8.09,1.6051,3,19.1134,DANGER,2,Dangerous
61.4,8.07,1.6026,3,19.1577,DANGER,2,Dangerous
61.5,8.04,1.6,3,19.2088,DANGER,2,Dangerous
61.6,8.02,1.5974,3,19.2533,DANGER,2,Dangerous
61.7,7.99,1.5949,3,19.3047,DANGER,2,Dangerous
61.8,7.97,1.5924,3,19.3495,DANGER,2,Dangerous
61.9,7.94,1.5898,3,19.4011,DANGER,2,Dangerous
62.0,7.92,1.5873,3,19.4461,DANGER,2,Dangerous
62.1,7.89,1.5848,3,19.4981,DANGER,2,Dangerous
62.2,7.87,1.5823,3,19.5433,DANGER,2,Dangerous
62.3,7.84,1.5798,3,19.5956,DANGER,2,Dangerous
62.4,7.82,1.5773,3,19.641,DANGER,2,Dangerous
62.5,7.79,1.5748,3,19.6936,DANGER,2,Dangerous
62.6,7.77,1.5723,3,19.7393,DANGER,2,Dangerous
62.7,7.74,1.5699,3,19.7922,DANGER,2,Dangerous
62.8,7.72,1.5674,3,19.8381,DANGER,2,Dangerous
62.9,7.69,1.5649,3,19.8914,DANGER,2,Dangerous
63.0,7.67,1.5625,3,19.9375,DANGER,2,Dangerous
63.1,7.65,1.5601,3,19.9838,DANGER,2,Dangerous
63.2,7.62,1.5576,3,20.0375,DANGER,2,Dangerous
63.3,7.6,1.5552,3,20.084,DANGER,2,Dangerous
63.4,7.57,1.5528,3,20.1381,DANGER,2,Dangerous
63.5,7.55,1.5504,3,20.1848,DANGER,2,Dangerous
63.6,7.53,1.548,3,20.2317,DANGER,2,Dangerous
63.7,7.5,1.5456,3,20.2862,DANGER,2,Dangerous
63.8,7.48,1.5432,3,20.3333,DANGER,2,Dangerous
63.9,7.46,1.5408,3,20.3805,DANGER,2,Dangerous
64.0,7.44,1.5385,3,20.4278,DANGER,2,Dangerous
64.1,7.41,1.5361,3,20.483,DANGER,2,Dangerous
64.2,7.39,1.5337,3,20.5306,DANGER,2,Dangerous
64.3,7.37,1.5314,3,20.5783,DANGER,2,Dangerous
64.4,7.35,1.5291,3,20.6261,DANGER,2,Dangerous
64.5,7.32,1.5267,3,20.6819,DANGER,2,Dangerous
64.6,7.3,1.5244,3,20.73,DANGER,2,Dangerous
64.7,7.28,1.5221,3,20.7782,DANGER,2,Dangerous
64.8,7.26,1.5198,3,20.8265,DANGER,2,Dangerous
64.9,7.23,1.5175,3,20.883,DANGER,2,Dangerous
65.0,7.21,1.5152,3,20.9316,DANGER,2,Dangerous
65.1,7.19,1.5129,3,20.9803,DANGER,2,Dangerous
65.2,7.17,1.5106,3,21.0291,DANGER,2,Dangerous
65.3,7.15,1.5083,3,21.078,DANGER,2,Dangerous
65.4,7.13,1.506,3,21.127,DANGER,2,Dangerous
65.5,7.1,1.5038,3,21.1846,DANGER,2,Dangerous
65.6,7.08,1.5015,3,21.234,DANGER,2,Dangerous
65.7,7.06,1.4993,3,21.2834,DANGER,2,Dangerous
65.8,7.04,1.497,3,21.333,DANGER,2,Dangerous
65.9,7.02,1.4948,3,21.3826,DANGER,2,Dangerous
66.0,7.0,1.4925,3,21.4325,DANGER,2,Dangerous
66.1,6.98,1.4903,3,21.4824,DANGER,2,Dangerous
66.2,6.96,1.4881,3,21.5325,DANGER,2,Dangerous
66.3,6.94,1.4859,3,21.5826,DANGER,2,Dangerous
66.4,6.92,1.4837,3,21.633,DANGER,2,Dangerous
66.5,6.9,1.4815,3,21.6834,DANGER,2,Dangerous
66.6,6.87,1.4793,3,21.743,DANGER,2,Dangerous
66.7,6.85,1.4771,3,21.7937,DANGER,2,Dangerous
66.8,6.83,1.4749,3,21.8446,DANGER,2,Dangerous
66.9,6.81,1.4728,3,21.8956,DANGER,2,Dangerous
67.0,6.79,1.4706,3,21.9468,DANGER,2,Dangerous
67.1,6.77,1.4684,3,21.9981,DANGER,2,Dangerous
67.2,6.75,1.4663,3,22.0495,DANGER,2,Dangerous
67.3,6.73,1.4641,3,22.101,DANGER,2,Dangerous
67.4,6.71,1.462,3,22.1527,DANGER,2,Dangerous
67.5,6.7,1.4599,3,22.195,DANGER,2,Dangerous
67.6,6.68,1.4577,3,22.2469,DANGER,2,Dangerous
67.7,6.66,1.4556,3,22.299,DANGER,2,Dangerous
67.8,6.64,1.4535,3,22.3512,DANGER,2,Dangerous
67.9,6.62,1.4514,3,22.4035,DANGER,2,Dangerous
68.0,6.6,1.4493,3,22.456,DANGER,2,Dangerous
68.1,6.58,1.4472,3,22.5086,DANGER,2,Dangerous
68.2,6.56,1.4451,3,22.5613,DANGER,2,Dangerous
68.3,6.54,1.443,3,22.6142,DANGER,2,Dangerous
68.4,6.52,1.4409,3,22.6673,DANGER,2,Dangerous
68.5,6.5,1.4388,3,22.7205,DANGER,2,Dangerous
68.6,6.49,1.4368,3,22.7637,DANGER,2,Dangerous
68.7,6.47,1.4347,3,22.8171,DANGER,2,Dangerous
68.8,6.45,1.4327,3,22.8707,DANGER,2,Dangerous
68.9,6.43,1.4306,3,22.9244,DANGER,2,Dangerous
69.0,6.41,1.4286,3,22.9783,DANGER,2,Dangerous
69.1,6.39,1.4265,3,23.0324,DANGER,2,Dangerous
69.2,6.37,1.4245,3,23.0865,DANGER,2,Dangerous
69.3,6.36,1.4225,3,23.1304,DANGER,2,Dangerous
69.4,6.34,1.4205,3,23.1848,DANGER,2,Dangerous
69.5,6.32,1.4184,3,23.2394,DANGER,2,Dangerous
69.6,6.3,1.4164,3,23.2942,DANGER,2,Dangerous
69.7,6.29,1.4144,3,23.3383,DANGER,2,Dangerous
69.8,6.27,1.4124,3,23.3933,DANGER,2,Dangerous
69.9,6.25,1.4104,3,23.4485,DANGER,2,Dangerous
70.0,6.23,1.4085,3,23.5038,DANGER,2,Dangerous
70.1,6.21,1.4065,3,23.5593,DANGER,2,Dangerous
70.2,6.2,1.4045,3,23.6039,DANGER,2,Dangerous
70.3,6.18,1.4025,3,23.6597,DANGER,2,Dangerous
70.4,6.16,1.4006,3,23.7156,DANGER,2,Dangerous
70.5,6.15,1.3986,3,23.7605,DANGER,2,Dangerous
70.6,6.13,1.3966,3,23.8167,DANGER,2,Dangerous
70.7,6.11,1.3947,3,23.873,DANGER,2,Dangerous
70.8,6.09,1.3928,3,23.9295,DANGER,2,Dangerous
70.9,6.08,1.3908,3,23.9748,DANGER,2,Dangerous
71.0,6.06,1.3889,3,24.0316,DANGER,2,Dangerous
71.1,6.04,1.387,3,24.0886,DANGER,2,Dangerous
71.2,6.03,1.385,3,24.1341,DANGER,2,Dangerous
71.3,6.01,1.3831,3,24.1913,DANGER,2,Dangerous
71.4,5.99,1.3812,3,24.2488,DANGER,2,Dangerous
71.5,5.98,1.3793,3,24.2945,DANGER,2,Dangerous
71.6,5.96,1.3774,3,24.3523,DANGER,2,Dangerous
71.7,5.94,1.3755,3,24.4102,DANGER,2,Dangerous
71.8,5.93,1.3736,3,24.4562,DANGER,2,Dangerous
71.9,5.91,1.3717,3,24.5144,DANGER,2,Dangerous
72.0,5.9,1.3699,3,24.5606,DANGER,2,Dangerous
72.1,5.88,1.368,3,24.6191,DANGER,2,Dangerous
72.2,5.86,1.3661,3,24.6778,DANGER,2,Dangerous
72.3,5.85,1.3643,3,24.7243,DANGER,2,Dangerous
72.4,5.83,1.3624,3,24.7833,DANGER,2,Dangerous
72.5,5.82,1.3605,3,24.83,DANGER,2,Dangerous
72.6,5.8,1.3587,3,24.8892,DANGER,2,Dangerous
72.7,5.78,1.3569,3,24.9487,DANGER,2,Dangerous
72.8,5.77,1.355,3,24.9957,DANGER,2,Dangerous
72.9,5.75,1.3532,3,25.0555,DANGER,2,Dangerous
73.0,5.74,1.3514,3,25.1026,DANGER,2,Dangerous
73.1,5.72,1.3495,3,25.1627,DANGER,2,Dangerous
73.2,5.71,1.3477,3,25.2101,DANGER,2,Dangerous
73.3,5.69,1.3459,3,25.2705,DANGER,2,Dangerous
73.4,5.68,1.3441,3,25.318,DANGER,2,Dangerous
73.5,5.66,1.3423,3,25.3788,DANGER,2,Dangerous
73.6,5.65,1.3405,3,25.4265,DANGER,2,Dangerous
73.7,5.63,1.3387,3,25.4876,DANGER,2,Dangerous
73.8,5.61,1.3369,3,25.5489,DANGER,2,Dangerous
73.9,5.6,1.3351,3,25.5969,DANGER,2,Dangerous
74.0,5.59,1.3333,3,25.645,DANGER,2,Dangerous
74.1,5.57,1.3316,3,25.7067,DANGER,2,Dangerous
74.2,5.56,1.3298,3,25.755,DANGER,2,Dangerous
74.3,5.54,1.328,3,25.8171,DANGER,2,Dangerous
74.4,5.53,1.3263,3,25.8656,DANGER,2,Dangerous
74.5,5.51,1.3245,3,25.928,DANGER,2,Dangerous
74.6,5.5,1.3228,3,25.9767,DANGER,2,Dangerous
74.7,5.48,1.321,3,26.0395,DANGER,2,Dangerous
74.8,5.47,1.3193,3,26.0884,DANGER,2,Dangerous
74.9,5.45,1.3175,3,26.1515,DANGER,2,Dangerous
75.0,5.44,1.3158,3,26.2006,DANGER,2,Dangerous
75.1,5.42,1.3141,3,26.2641,DANGER,2,Dangerous
75.2,5.41,1.3123,3,26.3134,DANGER,2,Dangerous
75.3,5.4,1.3106,3,26.3628,DANGER,2,Dangerous
75.4,5.38,1.3089,3,26.4268,DANGER,2,Dangerous
75.5,5.37,1.3072,3,26.4764,DANGER,2,Dangerous
75.6,5.35,1.3055,3,26.5407,DANGER,2,Dangerous
75.7,5.34,1.3038,3,26.5905,DANGER,2,Dangerous
75.8,5.33,1.3021,3,26.6404,DANGER,2,Dangerous
75.9,5.31,1.3004,3,26.7053,DANGER,2,Dangerous
76.0,5.3,1.2987,3,26.7554,DANGER,2,Dangerous
76.1,5.28,1.297,3,26.8206,DANGER,2,Dangerous
76.2,5.27,1.2953,3,26.8709,DANGER,2,Dangerous
76.3,5.26,1.2937,3,26.9214,DANGER,2,Dangerous
76.4,5.24,1.292,3,26.9871,DANGER,2,Dangerous
76.5,5.23,1.2903,3,27.0378,DANGER,2,Dangerous
76.6,5.22,1.2887,3,27.0885,DANGER,2,Dangerous
76.7,5.2,1.287,3,27.1548,DANGER,2,Dangerous
76.8,5.19,1.2853,3,27.2057,DANGER,2,Dangerous
76.9,5.18,1.2837,3,27.2568,DANGER,2,Dangerous
77.0,5.16,1.2821,3,27.3236,DANGER,2,Dangerous
77.1,5.15,1.2804,3,27.3749,DANGER,2,Dangerous
77.2,5.14,1.2788,3,27.4262,DANGER,2,Dangerous
77.3,5.12,1.2771,3,27.4936,DANGER,2,Dangerous
77.4,5.11,1.2755,3,27.5452,DANGER,2,Dangerous
77.5,5.1,1.2739,3,27.5969,DANGER,2,Dangerous
77.6,5.09,1.2723,3,27.6486,DANGER,2,Dangerous
77.7,5.07,1.2706,3,27.7168,DANGER,2,Dangerous
77.8,5.06,1.269,3,27.7688,DANGER,2,Dangerous
77.9,5.05,1.2674,3,27.8208,DANGER,2,Dangerous
78.0,5.03,1.2658,3,27.8895,DANGER,2,Dangerous
78.1,5.02,1.2642,3,27.9419,DANGER,2,Dangerous
78.2,5.01,1.2626,3,27.9943,DANGER,2,Dangerous
78.3,5.0,1.261,3,28.0468,DANGER,2,Dangerous
78.4,4.98,1.2594,3,28.1163,DANGER,2,Dangerous
78.5,4.97,1.2579,3,28.169,DANGER,2,Dangerous
78.6,4.96,1.2563,3,28.2219,DANGER,2,Dangerous
78.7,4.95,1.2547,3,28.2749,DANGER,2,Dangerous
78.8,4.93,1.2531,3,28.3451,DANGER,2,Dangerous
78.9,4.92,1.2516,3,28.3983,DANGER,2,Dangerous
79.0,4.91,1.25,3,28.4516,DANGER,2,Dangerous
79.1,4.9,1.2484,3,28.505,DANGER,2,Dangerous
79.2,4.88,1.2469,3,28.576,DANGER,2,Dangerous
79.3,4.87,1.2453,3,28.6297,DANGER,2,Dangerous
79.4,4.86,1.2438,3,28.6834,DANGER,2,Dangerous
79.5,4.85,1.2422,3,28.7373,DANGER,2,Dangerous
79.6,4.84,1.2407,3,28.7912,DANGER,2,Dangerous
79.7,4.82,1.2392,3,28.8632,DANGER,2,Dangerous
79.8,4.81,1.2376,3,28.9174,DANGER,2,Dangerous
79.9,4.8,1.2361,3,28.9718,DANGER,2,Dangerous
80.0,4.79,1.2346,3,29.0262,DANGER,2,Dangerous
80.1,4.78,1.233,3,29.0807,DANGER,2,Dangerous
80.2,4.76,1.2315,3,29.1537,DANGER,2,Dangerous
80.3,4.75,1.23,3,29.2085,DANGER,2,Dangerous
80.4,4.74,1.2285,3,29.2634,DANGER,2,Dangerous
80.5,4.73,1.227,3,29.3184,DANGER,2,Dangerous
80.6,4.72,1.2255,3,29.3735,DANGER,2,Dangerous
80.7,4.71,1.224,3,29.4287,DANGER,2,Dangerous
80.8,4.7,1.2225,3,29.484,DANGER,2,Dangerous
80.9,4.68,1.221,3,29.5584,DANGER,2,Dangerous
81.0,4.67,1.2195,3,29.614,DANGER,2,Dangerous
81.1,4.66,1.218,3,29.6697,DANGER,2,Dangerous
81.2,4.65,1.2165,3,29.7256,DANGER,2,Dangerous
81.3,4.64,1.2151,3,29.7815,DANGER,2,Dangerous
81.4,4.63,1.2136,3,29.8375,DANGER,2,Dangerous
81.5,4.62,1.2121,3,29.8936,DANGER,2,Dangerous
81.6,4.6,1.2107,3,29.9695,DANGER,2,Dangerous
81.7,4.59,1.2092,3,30.026,DANGER,2,Dangerous
81.8,4.58,1.2077,3,30.0825,DANGER,2,Dangerous
81.9,4.57,1.2063,3,30.1392,DANGER,2,Dangerous
82.0,4.56,1.2048,3,30.1959,DANGER,2,Dangerous
82.1,4.55,1.2034,3,30.2528,DANGER,2,Dangerous
82.2,4.54,1.2019,3,30.3098,DANGER,2,Dangerous
82.3,4.53,1.2005,3,30.3669,DANGER,2,Dangerous
82.4,4.52,1.199,3,30.4241,DANGER,2,Dangerous
82.5,4.51,1.1976,3,30.4814,DANGER,2,Dangerous
82.6,4.5,1.1962,3,30.5389,DANGER,2,Dangerous
82.7,4.48,1.1947,3,30.6171,DANGER,2,Dangerous
82.8,4.47,1.1933,3,30.6749,DANGER,2,Dangerous
82.9,4.46,1.1919,3,30.7327,DANGER,2,Dangerous
83.0,4.45,1.1905,3,30.7907,DANGER,2,Dangerous
83.1,4.44,1.1891,3,30.8489,DANGER,2,Dangerous
83.2,4.43,1.1876,3,30.9071,DANGER,2,Dangerous
83.3,4.42,1.1862,3,30.9654,DANGER,2,Dangerous
83.4,4.41,1.1848,3,31.0239,DANGER,2,Dangerous
83.5,4.4,1.1834,3,31.0825,DANGER,2,Dangerous
83.6,4.39,1.182,3,31.1412,DANGER,2,Dangerous
83.7,4.38,1.1806,3,31.2,DANGER,2,Dangerous
83.8,4.37,1.1792,3,31.259,DANGER,2,Dangerous
83.9,4.36,1.1779,3,31.3181,DANGER,2,Dangerous
84.0,4.35,1.1765,3,31.3773,DANGER,2,Dangerous
84.1,4.34,1.1751,3,31.4366,DANGER,2,Dangerous
84.2,4.33,1.1737,3,31.496,DANGER,2,Dangerous
84.3,4.32,1.1723,3,31.5556,DANGER,2,Dangerous
84.4,4.31,1.171,3,31.6153,DANGER,2,Dangerous
84.5,4.3,1.1696,3,31.6751,DANGER,2,Dangerous
84.6,4.29,1.1682,3,31.7351,DANGER,2,Dangerous
84.7,4.28,1.1669,3,31.7952,DANGER,2,Dangerous
84.8,4.27,1.1655,3,31.8554,DANGER,2,Dangerous
84.9,4.26,1.1641,3,31.9157,DANGER,2,Dangerous
85.0,4.25,1.1628,3,31.9762,DANGER,2,Dangerous
85.1,4.24,1.1614,3,32.0368,DANGER,2,Dangerous
85.2,4.23,1.1601,3,32.0975,DANGER,2,Dangerous
85.3,4.22,1.1587,3,32.1584,DANGER,2,Dangerous
85.4,4.21,1.1574,3,32.2194,DANGER,2,Dangerous
85.5,4.2,1.1561,3,32.2805,DANGER,2,Dangerous
85.6,4.19,1.1547,3,32.3418,DANGER,2,Dangerous
85.7,4.18,1.1534,3,32.4031,DANGER,2,Dangerous
85.8,4.17,1.1521,3,32.4647,DANGER,2,Dangerous
85.9,4.16,1.1507,3,32.5263,DANGER,2,Dangerous
86.0,4.15,1.1494,3,32.5881,DANGER,2,Dangerous
86.1,4.14,1.1481,3,32.6501,DANGER,2,Dangerous
86.2,4.13,1.1468,3,32.7122,DANGER,2,Dangerous
86.3,4.12,1.1455,3,32.7744,DANGER,2,Dangerous
86.4,4.11,1.1442,3,32.8367,DANGER,2,Dangerous
86.5,4.1,1.1429,3,32.8992,DANGER,2,Dangerous
86.6,4.09,1.1416,3,32.9619,DANGER,2,Dangerous
86.7,4.08,1.1403,3,33.0247,DANGER,2,Dangerous
86.8,4.08,1.139,3,33.0627,DANGER,2,Dangerous
86.9,4.07,1.1377,3,33.1257,DANGER,2,Dangerous
87.0,4.06,1.1364,3,33.1888,DANGER,2,Dangerous
87.1,4.05,1.1351,3,33.252,DANGER,2,Dangerous
87.2,4.04,1.1338,3,33.3154,DANGER,2,Dangerous
87.3,4.03,1.1325,3,33.379,DANGER,2,Dangerous
87.4,4.02,1.1312,3,33.4426,DANGER,2,Dangerous
87.5,4.01,1.1299,3,33.5065,DANGER,2,Dangerous
87.6,4.0,1.1287,3,33.5704,DANGER,2,Dangerous
87.7,3.99,1.1274,3,33.6346,DANGER,2,Dangerous
87.8,3.98,1.1261,3,33.6989,DANGER,2,Dangerous
87.9,3.98,1.1249,3,33.7372,DANGER,2,Dangerous
88.0,3.97,1.1236,3,33.8017,DANGER,2,Dangerous
88.1,3.96,1.1223,3,33.8663,DANGER,2,Dangerous
88.2,3.95,1.1211,3,33.9311,DANGER,2,Dangerous
88.3,3.94,1.1198,3,33.996,DANGER,2,Dangerous
88.4,3.93,1.1186,3,34.0611,DANGER,2,Dangerous
88.5,3.92,1.1173,3,34.1263,DANGER,2,Dangerous
88.6,3.91,1.1161,3,34.1917,DANGER,2,Dangerous
88.7,3.9,1.1148,3,34.2572,DANGER,2,Dangerous
88.8,3.9,1.1136,3,34.2958,DANGER,2,Dangerous
88.9,3.89,1.1123,3,34.3616,DANGER,2,Dangerous
89.0,3.88,1.1111,3,34.4275,DANGER,2,Dangerous
89.1,3.87,1.1099,3,34.4935,DANGER,2,Dangerous
89.2,3.86,1.1086,3,34.5597,DANGER,2,Dangerous
89.3,3.85,1.1074,3,34.6261,DANGER,2,Dangerous
89.4,3.84,1.1062,3,34.6926,DANGER,2,Dangerous
89.5,3.84,1.105,3,34.7315,DANGER,2,Dangerous
89.6,3.83,1.1038,3,34.7982,DANGER,2,Dangerous
89.7,3.82,1.1025,3,34.8651,DANGER,2,Dangerous
89.8,3.81,1.1013,3,34.9322,DANGER,2,Dangerous
89.9,3.8,1.1001,3,34.9994,DANGER,2,Dangerous
90.0,3.79,1.0989,3,35.0668,DANGER,2,Dangerous
90.1,3.79,1.0977,3,35.1058,DANGER,2,Dangerous
90.2,3.78,1.0965,3,35.1734,DANGER,2,Dangerous
90.3,3.77,1.0953,3,35.2411,DANGER,2,Dangerous
90.4,3.76,1.0941,3,35.3091,DANGER,2,Dangerous
90.5,3.75,1.0929,3,35.3772,DANGER,2,Dangerous
90.6,3.74,1.0917,3,35.4455,DANGER,2,Dangerous
90.7,3.74,1.0905,3,35.4846,DANGER,2,Dangerous
90.8,3.73,1.0893,3,35.5531,DANGER,2,Dangerous
90.9,3.72,1.0881,3,35.6218,DANGER,2,Dangerous
91.0,3.71,1.087,3,35.6906,DANGER,2,Dangerous
91.1,3.7,1.0858,3,35.7597,DANGER,2,Dangerous
91.2,3.7,1.0846,3,35.7989,DANGER,2,Dangerous
91.3,3.69,1.0834,3,35.8682,DANGER,2,Dangerous
91.4,3.68,1.0823,3,35.9376,DANGER,2,Dangerous
91.5,3.67,1.0811,3,36.0072,DANGER,2,Dangerous
91.6,3.66,1.0799,3,36.077,DANGER,2,Dangerous
91.7,3.66,1.0787,3,36.1164,DANGER,2,Dangerous
91.8,3.65,1.0776,3,36.1864,DANGER,2,Dangerous
91.9,3.64,1.0764,3,36.2566,DANGER,2,Dangerous
92.0,3.63,1.0753,3,36.3269,DANGER,2,Dangerous
92.1,3.62,1.0741,3,36.3975,DANGER,2,Dangerous
92.2,3.62,1.073,3,36.437,DANGER,2,Dangerous
92.3,3.61,1.0718,3,36.5078,DANGER,2,Dangerous
92.4,3.6,1.0707,3,36.5788,DANGER,2,Dangerous
92.5,3.59,1.0695,3,36.6499,DANGER,2,Dangerous
92.6,3.59,1.0684,3,36.6895,DANGER,2,Dangerous
92.7,3.58,1.0672,3,36.7609,DANGER,2,Dangerous
92.8,3.57,1.0661,3,36.8325,DANGER,2,Dangerous
92.9,3.56,1.065,3,36.9043,DANGER,2,Dangerous
93.0,3.56,1.0638,3,36.944,DANGER,2,Dangerous
93.1,3.55,1.0627,3,37.016,DANGER,2,Dangerous
93.2,3.54,1.0616,3,37.0882,DANGER,2,Dangerous
93.3,3.53,1.0604,3,37.1606,DANGER,2,Dangerous
93.4,3.53,1.0593,3,37.2005,DANGER,2,Dangerous
93.5,3.52,1.0582,3,37.2731,DANGER,2,Dangerous
93.6,3.51,1.0571,3,37.3459,DANGER,2,Dangerous
93.7,3.5,1.056,3,37.419,DANGER,2,Dangerous
93.8,3.5,1.0549,3,37.4589,DANGER,2,Dangerous
93.9,3.49,1.0537,3,37.5322,DANGER,2,Dangerous
94.0,3.48,1.0526,3,37.6057,DANGER,2,Dangerous
94.1,3.47,1.0515,3,37.6794,DANGER,2,Dangerous
94.2,3.47,1.0504,3,37.7194,DANGER,2,Dangerous
94.3,3.46,1.0493,3,37.7933,DANGER,2,Dangerous
94.4,3.45,1.0482,3,37.8675,DANGER,2,Dangerous
94.5,3.44,1.0471,3,37.9418,DANGER,2,Dangerous
94.6,3.44,1.046,3,37.982,DANGER,2,Dangerous
94.7,3.43,1.0449,3,38.0566,DANGER,2,Dangerous
94.8,3.42,1.0438,3,38.1314,DANGER,2,Dangerous
94.9,3.42,1.0428,3,38.1716,DANGER,2,Dangerous
95.0,3.41,1.0417,3,38.2467,DANGER,2,Dangerous
95.1,3.4,1.0406,3,38.322,DANGER,2,Dangerous
95.2,3.39,1.0395,3,38.3975,DANGER,2,Dangerous
95.3,3.39,1.0384,3,38.4378,DANGER,2,Dangerous
95.4,3.38,1.0373,3,38.5136,DANGER,2,Dangerous
95.5,3.37,1.0363,3,38.5896,DANGER,2,Dangerous
95.6,3.37,1.0352,3,38.63,DANGER,2,Dangerous
95.7,3.36,1.0341,3,38.7062,DANGER,2,Dangerous
95.8,3.35,1.0331,3,38.7827,DANGER,2,Dangerous
95.9,3.35,1.032,3,38.8231,DANGER,2,Dangerous
96.0,3.34,1.0309,3,38.8999,DANGER,2,Dangerous
96.1,3.33,1.0299,3,38.9768,DANGER,2,Dangerous
96.2,3.33,1.0288,3,39.0174,DANGER,2,Dangerous
96.3,3.32,1.0277,3,39.0946,DANGER,2,Dangerous
96.4,3.31,1.0267,3,39.1721,DANGER,2,Dangerous
96.5,3.3,1.0256,3,39.2497,DANGER,2,Dangerous
96.6,3.3,1.0246,3,39.2904,DANGER,2,Dangerous
96.7,3.29,1.0235,3,39.3684,DANGER,2,Dangerous
96.8,3.28,1.0225,3,39.4466,DANGER,2,Dangerous
96.9,3.28,1.0215,3,39.4873,DANGER,2,Dangerous
97.0,3.27,1.0204,3,39.5658,DANGER,2,Dangerous
97.1,3.26,1.0194,3,39.6445,DANGER,2,Dangerous
97.2,3.26,1.0183,3,39.6853,DANGER,2,Dangerous
97.3,3.25,1.0173,3,39.7643,DANGER,2,Dangerous
97.4,3.24,1.0163,3,39.8435,DANGER,2,Dangerous
97.5,3.24,1.0152,3,39.8844,DANGER,2,Dangerous
97.6,3.23,1.0142,3,39.9639,DANGER,2,Dangerous
97.7,3.22,1.0132,3,40.0437,DANGER,2,Dangerous
97.8,3.22,1.0121,3,40.0847,DANGER,2,Dangerous
97.9,3.21,1.0111,3,40.1647,DANGER,2,Dangerous
98.0,3.21,1.0101,3,40.2057,DANGER,2,Dangerous
98.1,3.2,1.0091,3,40.2861,DANGER,2,Dangerous
98.2,3.19,1.0081,3,40.3667,DANGER,2,Dangerous
98.3,3.19,1.007,3,40.4078,DANGER,2,Dangerous
98.4,3.18,1.006,3,40.4886,DANGER,2,Dangerous
98.5,3.17,1.005,3,40.5698,DANGER,2,Dangerous
98.6,3.17,1.004,3,40.611,DANGER,2,Dangerous
98.7,3.16,1.003,3,40.6924,DANGER,2,Dangerous
98.8,3.15,1.002,3,40.7741,DANGER,2,Dangerous
98.9,3.15,1.001,3,40.8153,DANGER,2,Dangerous
99.0,3.14,1.0,3,40.8973,DANGER,2,Dangerous
99.1,3.14,0.999,3,40.9386,DANGER,2,Dangerous
99.2,3.13,0.998,3,41.0209,DANGER,2,Dangerous
99.3,3.12,0.997,3,41.1035,DANGER,2,Dangerous
99.4,3.12,0.996,3,41.1449,DANGER,2,Dangerous
99.5,3.11,0.995,3,41.2277,DANGER,2,Dangerous
99.6,3.1,0.994,3,41.3109,DANGER,2,Dangerous
99.7,3.1,0.993,3,41.3524,DANGER,2,Dangerous
99.8,3.09,0.9921,3,41.4358,DANGER,2,Dangerous
99.9,3.09,0.9911,3,41.4773,DANGER,2,Dangerous
100.0,3.08,0.9901,4,41.5611,DANGER,2,Dangerous
100.1,3.07,0.9891,4,41.6451,DANGER,2,Dangerous
100.2,3.07,0.9881,4,41.6867,DANGER,2,Dangerous
100.3,3.06,0.9872,4,41.7711,DANGER,2,Dangerous
100.4,3.06,0.9862,4,41.8127,DANGER,2,Dangerous
100.5,3.05,0.9852,4,41.8974,DANGER,2,Dangerous
100.6,3.04,0.9843,4,41.9824,DANGER,2,Dangerous
100.7,3.04,0.9833,4,42.0241,DANGER,2,Dangerous
100.8,3.03,0.9823,4,42.1094,DANGER,2,Dangerous
100.9,3.03,0.9814,4,42.1511,DANGER,2,Dangerous
101.0,3.02,0.9804,4,42.2368,DANGER,2,Dangerous
101.1,3.01,0.9794,4,42.3227,DANGER,2,Dangerous
101.2,3.01,0.9785,4,42.3645,DANGER,2,Dangerous
101.3,3.0,0.9775,4,42.4508,DANGER,2,Dangerous
101.4,3.0,0.9766,4,42.4927,DANGER,2,Dangerous
101.5,2.99,0.9756,4,42.5792,DANGER,2,Dangerous
101.6,2.98,0.9747,4,42.6661,DANGER,2,Dangerous
101.7,2.98,0.9737,4,42.7081,DANGER,2,Dangerous
101.8,2.97,0.9728,4,42.7953,DANGER,2,Dangerous
101.9,2.97,0.9718,4,42.8373,DANGER,2,Dangerous
102.0,2.96,0.9709,4,42.9249,DANGER,2,Dangerous
102.1,2.96,0.9699,4,42.967,DANGER,2,Dangerous
102.2,2.95,0.969,4,43.0549,DANGER,2,Dangerous
102.3,2.94,0.9681,4,43.1431,DANGER,2,Dangerous
102.4,2.94,0.9671,4,43.1852,DANGER,2,Dangerous
102.5,2.93,0.9662,4,43.2738,DANGER,2,Dangerous
102.6,2.93,0.9653,4,43.316,DANGER,2,Dangerous
102.7,2.92,0.9643,4,43.4049,DANGER,2,Dangerous
102.8,2.92,0.9634,4,43.4472,DANGER,2,Dangerous
102.9,2.91,0.9625,4,43.5364,DANGER,2,Dangerous
103.0,2.9,0.9615,4,43.626,DANGER,2,Dangerous
103.1,2.9,0.9606,4,43.6684,DANGER,2,Dangerous
103.2,2.89,0.9597,4,43.7583,DANGER,2,Dangerous
103.3,2.89,0.9588,4,43.8007,DANGER,2,Dangerous
103.4,2.88,0.9579,4,43.891,DANGER,2,Dangerous
103.5,2.88,0.9569,4,43.9335,DANGER,2,Dangerous
103.6,2.87,0.956,4,44.0241,DANGER,2,Dangerous
103.7,2.87,0.9551,4,44.0666,DANGER,2,Dangerous
103.8,2.86,0.9542,4,44.1577,DANGER,2,Dangerous
103.9,2.85,0.9533,4,44.249,DANGER,2,Dangerous
104.0,2.85,0.9524,4,44.2916,DANGER,2,Dangerous
104.1,2.84,0.9515,4,44.3834,DANGER,2,Dangerous
104.2,2.84,0.9506,4,44.426,DANGER,2,Dangerous
104.3,2.83,0.9497,4,44.5181,DANGER,2,Dangerous
104.4,2.83,0.9488,4,44.5608,DANGER,2,Dangerous
104.5,2.82,0.9479,4,44.6533,DANGER,2,Dangerous
104.6,2.82,0.947,4,44.6961,DANGER,2,Dangerous
104.7,2.81,0.9461,4,44.789,DANGER,2,Dangerous
104.8,2.81,0.9452,4,44.8317,DANGER,2,Dangerous
104.9,2.8,0.9443,4,44.925,DANGER,2,Dangerous
105.0,2.8,0.9434,4,44.9679,DANGER,2,Dangerous
105.1,2.79,0.9425,4,45.0615,DANGER,2,Dangerous
105.2,2.79,0.9416,4,45.1044,DANGER,2,Dangerous
105.3,2.78,0.9407,4,45.1985,DANGER,2,Dangerous
105.4,2.78,0.9398,4,45.2414,DANGER,2,Dangerous
105.5,2.77,0.939,4,45.3359,DANGER,2,Dangerous
105.6,2.76,0.9381,4,45.4307,DANGER,2,Dangerous
105.7,2.76,0.9372,4,45.4737,DANGER,2,Dangerous
105.8,2.75,0.9363,4,45.569,DANGER,2,Dangerous
105.9,2.75,0.9355,4,45.612,DANGER,2,Dangerous
106.0,2.74,0.9346,4,45.7077,DANGER,2,Dangerous
106.1,2.74,0.9337,4,45.7508,DANGER,2,Dangerous
106.2,2.73,0.9328,4,45.8468,DANGER,2,Dangerous
106.3,2.73,0.932,4,45.89,DANGER,2,Dangerous
106.4,2.72,0.9311,4,45.9865,DANGER,2,Dangerous
106.5,2.72,0.9302,4,46.0297,DANGER,2,Dangerous
106.6,2.71,0.9294,4,46.1266,DANGER,2,Dangerous
106.7,2.71,0.9285,4,46.1699,DANGER,2,Dangerous
106.8,2.7,0.9276,4,46.2672,DANGER,2,Dangerous
106.9,2.7,0.9268,4,46.3105,DANGER,2,Dangerous
107.0,2.69,0.9259,4,46.4082,DANGER,2,Dangerous
107.1,2.69,0.9251,4,46.4516,DANGER,2,Dangerous
107.2,2.68,0.9242,4,46.5497,DANGER,2,Dangerous
107.3,2.68,0.9234,4,46.5932,DANGER,2,Dangerous
107.4,2.67,0.9225,4,46.6918,DANGER,2,Dangerous
107.5,2.67,0.9217,4,46.7352,DANGER,2,Dangerous
107.6,2.66,0.9208,4,46.8343,DANGER,2,Dangerous
107.7,2.66,0.92,4,46.8778,DANGER,2,Dangerous
107.8,2.65,0.9191,4,46.9773,DANGER,2,Dangerous
107.9,2.65,0.9183,4,47.0208,DANGER,2,Dangerous
108.0,2.64,0.9174,4,47.1208,DANGER,2,Dangerous
108.1,2.64,0.9166,4,47.1644,DANGER,2,Dangerous
108.2,2.63,0.9158,4,47.2647,DANGER,2,Dangerous
108.3,2.63,0.9149,4,47.3084,DANGER,2,Dangerous
108.4,2.62,0.9141,4,47.4092,DANGER,2,Dangerous
108.5,2.62,0.9132,4,47.453,DANGER,2,Dangerous
108.6,2.62,0.9124,4,47.4967,DANGER,2,Dangerous
108.7,2.61,0.9116,4,47.598,DANGER,2,Dangerous
108.8,2.61,0.9107,4,47.6418,DANGER,2,Dangerous
108.9,2.6,0.9099,4,47.7436,DANGER,2,Dangerous
109.0,2.6,0.9091,4,47.7874,DANGER,2,Dangerous
109.1,2.59,0.9083,4,47.8897,DANGER,2,Dangerous
109.2,2.59,0.9074,4,47.9336,DANGER,2,Dangerous
109.3,2.58,0.9066,4,48.0363,DANGER,2,Dangerous
109.4,2.58,0.9058,4,48.0802,DANGER,2,Dangerous
109.5,2.57,0.905,4,48.1834,DANGER,2,Dangerous
109.6,2.57,0.9042,4,48.2274,DANGER,2,Dangerous
109.7,2.56,0.9033,4,48.3311,DANGER,2,Dangerous
109.8,2.56,0.9025,4,48.3751,DANGER,2,Dangerous
109.9,2.55,0.9017,4,48.4793,DANGER,2,Dangerous
110.0,2.55,0.9009,4,48.5234,DANGER,2,Dangerous
110.1,2.55,0.9001,4,48.5675,DANGER,2,Dangerous
110.2,2.54,0.8993,4,48.6722,DANGER,2,Dangerous
110.3,2.54,0.8985,4,48.7164,DANGER,2,Dangerous
110.4,2.53,0.8977,4,48.8215,DANGER,2,Dangerous
110.5,2.53,0.8969,4,48.8657,DANGER,2,Dangerous
110.6,2.52,0.8961,4,48.9714,DANGER,2,Dangerous
110.7,2.52,0.8953,4,49.0157,DANGER,2,Dangerous
110.8,2.51,0.8945,4,49.1218,DANGER,2,Dangerous
110.9,2.51,0.8937,4,49.1662,DANGER,2,Dangerous
111.0,2.5,0.8929,4,49.2728,DANGER,2,Dangerous
111.1,2.5,0.8921,4,49.3172,DANGER,2,Dangerous
111.2,2.5,0.8913,4,49.3616,DANGER,2,Dangerous
111.3,2.49,0.8905,4,49.4688,DANGER,2,Dangerous
111.4,2.49,0.8897,4,49.5133,DANGER,2,Dangerous
111.5,2.48,0.8889,4,49.621,DANGER,2,Dangerous
111.6,2.48,0.8881,4,49.6655,DANGER,2,Dangerous
111.7,2.47,0.8873,4,49.7738,DANGER,2,Dangerous
111.8,2.47,0.8865,4,49.8183,DANGER,2,Dangerous
111.9,2.46,0.8857,4,49.9271,DANGER,2,Dangerous
112.0,2.46,0.885,4,49.9717,DANGER,2,Dangerous
112.1,2.46,0.8842,4,50.0163,DANGER,2,Dangerous
112.2,2.45,0.8834,4,50.1257,DANGER,2,Dangerous
112.3,2.45,0.8826,4,50.1703,DANGER,2,Dangerous
112.4,2.44,0.8818,4,50.2802,DANGER,2,Dangerous
112.5,2.44,0.8811,4,50.325,DANGER,2,Dangerous
112.6,2.43,0.8803,4,50.4354,DANGER,2,Dangerous
112.7,2.43,0.8795,4,50.4802,DANGER,2,Dangerous
112.8,2.43,0.8787,4,50.525,DANGER,2,Dangerous
112.9,2.42,0.878,4,50.636,DANGER,2,Dangerous
113.0,2.42,0.8772,4,50.6808,DANGER,2,Dangerous
113.1,2.41,0.8764,4,50.7924,DANGER,2,Dangerous
113.2,2.41,0.8757,4,50.8373,DANGER,2,Dangerous
113.3,2.4,0.8749,4,50.9494,DANGER,2,Dangerous
113.4,2.4,0.8741,4,50.9944,DANGER,2,Dangerous
113.5,2.4,0.8734,4,51.0393,DANGER,2,Dangerous
113.6,2.39,0.8726,4,51.152,DANGER,2,Dangerous
113.7,2.39,0.8718,4,51.1971,DANGER,2,Dangerous
113.8,2.38,0.8711,4,51.3104,DANGER,2,Dangerous
113.9,2.38,0.8703,4,51.3554,DANGER,2,Dangerous
114.0,2.38,0.8696,4,51.4005,DANGER,2,Dangerous
114.1,2.37,0.8688,4,51.5144,DANGER,2,Dangerous
114.2,2.37,0.8681,4,51.5596,DANGER,2,Dangerous
114.3,2.36,0.8673,4,51.6741,DANGER,2,Dangerous
114.4,2.36,0.8666,4,51.7193,DANGER,2,Dangerous
114.5,2.35,0.8658,4,51.8343,DANGER,2,Dangerous
114.6,2.35,0.8651,4,51.8796,DANGER,2,Dangerous
114.7,2.35,0.8643,4,51.9249,DANGER,2,Dangerous
114.8,2.34,0.8636,4,52.0406,DANGER,2,Dangerous
114.9,2.34,0.8628,4,52.0859,DANGER,2,Dangerous
115.0,2.33,0.8621,4,52.2022,DANGER,2,Dangerous
115.1,2.33,0.8613,4,52.2476,DANGER,2,Dangerous
115.2,2.33,0.8606,4,52.293,DANGER,2,Dangerous
115.3,2.32,0.8598,4,52.4099,DANGER,2,Dangerous
115.4,2.32,0.8591,4,52.4554,DANGER,2,Dangerous
115.5,2.31,0.8584,4,52.5729,DANGER,2,Dangerous
115.6,2.31,0.8576,4,52.6184,DANGER,2,Dangerous
115.7,2.31,0.8569,4,52.664,DANGER,2,Dangerous
115.8,2.3,0.8562,4,52.7822,DANGER,2,Dangerous
115.9,2.3,0.8554,4,52.8278,DANGER,2,Dangerous
116.0,2.29,0.8547,4,52.9466,DANGER,2,Dangerous
116.1,2.29,0.854,4,52.9922,DANGER,2,Dangerous
116.2,2.29,0.8532,4,53.0379,DANGER,2,Dangerous
116.3,2.28,0.8525,4,53.1574,DANGER,2,Dangerous
116.4,2.28,0.8518,4,53.2031,DANGER,2,Dangerous
116.5,2.28,0.8511,4,53.2488,DANGER,2,Dangerous
116.6,2.27,0.8503,4,53.369,DANGER,2,Dangerous
116.7,2.27,0.8496,4,53.4147,DANGER,2,Dangerous
116.8,2.26,0.8489,4,53.5356,DANGER,2,Dangerous
116.9,2.26,0.8482,4,53.5814,DANGER,2,Dangerous
117.0,2.26,0.8475,4,53.6272,DANGER,2,Dangerous
117.1,2.25,0.8467,4,53.7488,DANGER,2,Dangerous
117.2,2.25,0.846,4,53.7947,DANGER,2,Dangerous
117.3,2.24,0.8453,4,53.9168,DANGER,2,Dangerous
117.4,2.24,0.8446,4,53.9628,DANGER,2,Dangerous
117.5,2.24,0.8439,4,54.0088,DANGER,2,Dangerous
117.6,2.23,0.8432,4,54.1316,DANGER,2,Dangerous
117.7,2.23,0.8425,4,54.1777,DANGER,2,Dangerous
117.8,2.23,0.8418,4,54.2237,DANGER,2,Dangerous
117.9,2.22,0.841,4,54.3473,DANGER,2,Dangerous
118.0,2.22,0.8403,4,54.3934,DANGER,2,Dangerous
118.1,2.21,0.8396,4,54.5176,DANGER,2,Dangerous
118.2,2.21,0.8389,4,54.5638,DANGER,2,Dangerous
118.3,2.21,0.8382,4,54.61,DANGER,2,Dangerous
118.4,2.2,0.8375,4,54.735,DANGER,2,Dangerous
118.5,2.2,0.8368,4,54.7812,DANGER,2,Dangerous
118.6,2.2,0.8361,4,54.8274,DANGER,2,Dangerous
118.7,2.19,0.8354,4,54.9532,DANGER,2,Dangerous
118.8,2.19,0.8347,4,54.9995,DANGER,2,Dangerous
118.9,2.19,0.834,4,55.0458,DANGER,2,Dangerous
119.0,2.18,0.8333,4,55.1723,DANGER,2,Dangerous
119.1,2.18,0.8326,4,55.2186,DANGER,2,Dangerous
119.2,2.17,0.8319,4,55.3458,DANGER,2,Dangerous
119.3,2.17,0.8313,4,55.3922,DANGER,2,Dangerous
119.4,2.17,0.8306,4,55.4387,DANGER,2,Dangerous
119.5,2.16,0.8299,4,55.5666,DANGER,2,Dangerous
119.6,2.16,0.8292,4,55.6131,DANGER,2,Dangerous
119.7,2.16,0.8285,4,55.6596,DANGER,2,Dangerous
119.8,2.15,0.8278,4,55.7883,DANGER,2,Dangerous
119.9,2.15,0.8271,4,55.8349,DANGER,2,Dangerous
120.0,2.15,0.8264,4,55.8815,DANGER,2,Dangerous
120.1,2.14,0.8258,4,56.011,DANGER,2,Dangerous
120.2,2.14,0.8251,4,56.0576,DANGER,2,Dangerous
120.3,2.14,0.8244,4,56.1042,DANGER,2,Dangerous
120.4,2.13,0.8237,4,56.2345,DANGER,2,Dangerous
120.5,2.13,0.823,4,56.2812,DANGER,2,Dangerous
120.6,2.12,0.8224,4,56.4123,DANGER,2,Dangerous
120.7,2.12,0.8217,4,56.459,DANGER,2,Dangerous
120.8,2.12,0.821,4,56.5058,DANGER,2,Dangerous
120.9,2.11,0.8203,4,56.6376,DANGER,2,Dangerous
121.0,2.11,0.8197,4,56.6845,DANGER,2,Dangerous
121.1,2.11,0.819,4,56.7313,DANGER,2,Dangerous
121.2,2.1,0.8183,4,56.864,DANGER,2,Dangerous
121.3,2.1,0.8177,4,56.9109,DANGER,2,Dangerous
121.4,2.1,0.817,4,56.9578,DANGER,2,Dangerous
121.5,2.09,0.8163,4,57.0913,DANGER,2,Dangerous
121.6,2.09,0.8157,4,57.1383,DANGER,2,Dangerous
121.7,2.09,0.815,4,57.1853,DANGER,2,Dangerous
121.8,2.08,0.8143,4,57.3195,DANGER,2,Dangerous
121.9,2.08,0.8137,4,57.3666,DANGER,2,Dangerous
122.0,2.08,0.813,4,57.4137,DANGER,2,Dangerous
122.1,2.07,0.8123,4,57.5488,DANGER,2,Dangerous
122.2,2.07,0.8117,4,57.5959,DANGER,2,Dangerous
122.3,2.07,0.811,4,57.6431,DANGER,2,Dangerous
122.4,2.06,0.8104,4,57.779,DANGER,2,Dangerous
122.5,2.06,0.8097,4,57.8263,DANGER,2,Dangerous
122.6,2.06,0.8091,4,57.8735,DANGER,2,Dangerous
122.7,2.05,0.8084,4,58.0103,DANGER,2,Dangerous
122.8,2.05,0.8078,4,58.0576,DANGER,2,Dangerous
122.9,2.05,0.8071,4,58.1049,DANGER,2,Dangerous
123.0,2.04,0.8065,4,58.2426,DANGER,2,Dangerous
123.1,2.04,0.8058,4,58.2899,DANGER,2,Dangerous
123.2,2.04,0.8052,4,58.3373,DANGER,2,Dangerous
123.3,2.03,0.8045,4,58.4759,DANGER,2,Dangerous
123.4,2.03,0.8039,4,58.5233,DANGER,2,Dangerous
123.5,2.03,0.8032,4,58.5707,DANGER,2,Dangerous
123.6,2.02,0.8026,4,58.7102,DANGER,2,Dangerous
123.7,2.02,0.8019,4,58.7577,DANGER,2,Dangerous
123.8,2.02,0.8013,4,58.8052,DANGER,2,Dangerous
123.9,2.01,0.8006,4,58.9455,DANGER,2,Dangerous
124.0,2.01,0.8,4,58.9931,DANGER,2,Dangerous
124.1,2.01,0.7994,4,59.0407,DANGER,2,Dangerous
124.2,2.0,0.7987,4,59.182,DANGER,2,Dangerous
124.3,2.0,0.7981,4,59.2296,DANGER,2,Dangerous
124.4,2.0,0.7974,4,59.2773,DANGER,2,Dangerous
124.5,1.99,0.7968,4,59.4195,DANGER,2,Dangerous
124.6,1.99,0.7962,4,59.4672,DANGER,2,Dangerous
124.7,1.99,0.7955,4,59.5149,DANGER,2,Dangerous
124.8,1.99,0.7949,4,59.5626,DANGER,2,Dangerous
124.9,1.98,0.7943,4,59.7058,DANGER,2,Dangerous
125.0,1.98,0.7937,4,59.7536,DANGER,2,Dangerous
125.1,1.98,0.793,4,59.8014,DANGER,2,Dangerous
125.2,1.97,0.7924,4,59.9456,DANGER,2,Dangerous
125.3,1.97,0.7918,4,59.9934,DANGER,2,Dangerous
125.4,1.97,0.7911,4,60.0413,DANGER,2,Dangerous
125.5,1.96,0.7905,4,60.1864,DANGER,2,Dangerous
125.6,1.96,0.7899,4,60.2343,DANGER,2,Dangerous
125.7,1.96,0.7893,4,60.2823,DANGER,2,Dangerous
125.8,1.95,0.7886,4,60.4283,DANGER,2,Dangerous
125.9,1.95,0.788,4,60.4764,DANGER,2,Dangerous
126.0,1.95,0.7874,4,60.5244,DANGER,2,Dangerous
126.1,1.94,0.7868,4,60.6714,DANGER,2,Dangerous
126.2,1.94,0.7862,4,60.7195,DANGER,2,Dangerous
126.3,1.94,0.7855,4,60.7676,DANGER,2,Dangerous
126.4,1.94,0.7849,4,60.8157,DANGER,2,Dangerous
126.5,1.93,0.7843,4,60.9638,DANGER,2,Dangerous
126.6,1.93,0.7837,4,61.012,DANGER,2,Dangerous
126.7,1.93,0.7831,4,61.0602,DANGER,2,Dangerous
126.8,1.92,0.7825,4,61.2092,DANGER,2,Dangerous
126.9,1.92,0.7819,4,61.2575,DANGER,2,Dangerous
127.0,1.92,0.7812,4,61.3058,DANGER,2,Dangerous
127.1,1.91,0.7806,4,61.4558,DANGER,2,Dangerous
127.2,1.91,0.78,4,61.5042,DANGER,2,Dangerous
127.3,1.91,0.7794,4,61.5525,DANGER,2,Dangerous
127.4,1.91,0.7788,4,61.6009,DANGER,2,Dangerous
127.5,1.9,0.7782,4,61.752,DANGER,2,Dangerous
127.6,1.9,0.7776,4,61.8004,DANGER,2,Dangerous
127.7,1.9,0.777,4,61.8489,DANGER,2,Dangerous
127.8,1.89,0.7764,4,62.001,DANGER,2,Dangerous
127.9,1.89,0.7758,4,62.0495,DANGER,2,Dangerous
128.0,1.89,0.7752,4,62.098,DANGER,2,Dangerous
128.1,1.88,0.7746,4,62.2512,DANGER,2,Dangerous
128.2,1.88,0.774,4,62.2998,DANGER,2,Dangerous
128.3,1.88,0.7734,4,62.3484,DANGER,2,Dangerous
128.4,1.88,0.7728,4,62.397,DANGER,2,Dangerous
128.5,1.87,0.7722,4,62.5514,DANGER,2,Dangerous
128.6,1.87,0.7716,4,62.6,DANGER,2,Dangerous
128.7,1.87,0.771,4,62.6487,DANGER,2,Dangerous
128.8,1.86,0.7704,4,62.8041,DANGER,2,Dangerous
128.9,1.86,0.7698,4,62.8529,DANGER,2,Dangerous
129.0,1.86,0.7692,4,62.9016,DANGER,2,Dangerous
129.1,1.86,0.7686,4,62.9504,DANGER,2,Dangerous
129.2,1.85,0.768,4,63.1069,DANGER,2,Dangerous
129.3,1.85,0.7675,4,63.1558,DANGER,2,Dangerous
129.4,1.85,0.7669,4,63.2046,DANGER,2,Dangerous
129.5,1.84,0.7663,4,63.3622,DANGER,2,Dangerous
129.6,1.84,0.7657,4,63.4112,DANGER,2,Dangerous
129.7,1.84,0.7651,4,63.4601,DANGER,2,Dangerous
129.8,1.84,0.7645,4,63.509,DANGER,2,Dangerous
129.9,1.83,0.7639,4,63.6678,DANGER,2,Dangerous
130.0,1.83,0.7634,4,63.7168,DANGER,2,Dangerous
130.1,1.83,0.7628,4,63.7659,DANGER,2,Dangerous
130.2,1.83,0.7622,4,63.8149,DANGER,2,Dangerous
130.3,1.82,0.7616,4,63.9749,DANGER,2,Dangerous
130.4,1.82,0.761,4,64.024,DANGER,2,Dangerous
130.5,1.82,0.7605,4,64.0731,DANGER,2,Dangerous
130.6,1.81,0.7599,4,64.2342,DANGER,2,Dangerous
130.7,1.81,0.7593,4,64.2834,DANGER,2,Dangerous
130.8,1.81,0.7587,4,64.3326,DANGER,2,Dangerous
130.9,1.81,0.7582,4,64.3818,DANGER,2,Dangerous
131.0,1.8,0.7576,4,64.5441,DANGER,2,Dangerous
131.1,1.8,0.757,4,64.5934,DANGER,2,Dangerous
131.2,1.8,0.7564,4,64.6427,DANGER,2,Dangerous
131.3,1.79,0.7559,4,64.8062,DANGER,2,Dangerous
131.4,1.79,0.7553,4,64.8555,DANGER,2,Dangerous
131.5,1.79,0.7547,4,64.9049,DANGER,2,Dangerous
131.6,1.79,0.7541,4,64.9542,DANGER,2,Dangerous
131.7,1.78,0.7536,4,65.119,DANGER,2,Dangerous
131.8,1.78,0.753,4,65.1685,DANGER,2,Dangerous
131.9,1.78,0.7524,4,65.2179,DANGER,2,Dangerous
132.0,1.78,0.7519,4,65.2673,DANGER,2,Dangerous
132.1,1.77,0.7513,4,65.4334,DANGER,2,Dangerous
132.2,1.77,0.7508,4,65.4829,DANGER,2,Dangerous
132.3,1.77,0.7502,4,65.5324,DANGER,2,Dangerous
132.4,1.77,0.7496,4,65.582,DANGER,2,Dangerous
132.5,1.76,0.7491,4,65.7493,DANGER,2,Dangerous
132.6,1.76,0.7485,4,65.7989,DANGER,2,Dangerous
132.7,1.76,0.7479,4,65.8485,DANGER,2,Dangerous
132.8,1.75,0.7474,4,66.0171,DANGER,2,Dangerous
132.9,1.75,0.7468,4,66.0668,DANGER,2,Dangerous
133.0,1.75,0.7463,4,66.1165,DANGER,2,Dangerous
133.1,1.75,0.7457,4,66.1662,DANGER,2,Dangerous
133.2,1.74,0.7452,4,66.3361,DANGER,2,Dangerous
133.3,1.74,0.7446,4,66.3859,DANGER,2,Dangerous
133.4,1.74,0.744,4,66.4357,DANGER,2,Dangerous
133.5,1.74,0.7435,4,66.4855,DANGER,2,Dangerous
133.6,1.73,0.7429,4,66.6566,DANGER,2,Dangerous
133.7,1.73,0.7424,4,66.7065,DANGER,2,Dangerous
133.8,1.73,0.7418,4,66.7564,DANGER,2,Dangerous
133.9,1.73,0.7413,4,66.8063,DANGER,2,Dangerous
134.0,1.72,0.7407,4,66.9788,DANGER,2,Dangerous
134.1,1.72,0.7402,4,67.0288,DANGER,2,Dangerous
134.2,1.72,0.7396,4,67.0788,DANGER,2,Dangerous
134.3,1.72,0.7391,4,67.1288,DANGER,2,Dangerous
134.4,1.71,0.7386,4,67.3027,DANGER,2,Dangerous
134.5,1.71,0.738,4,67.3528,DANGER,2,Dangerous
134.6,1.71,0.7375,4,67.4028,DANGER,2,Dangerous
134.7,1.71,0.7369,4,67.4529,DANGER,2,Dangerous
134.8,1.7,0.7364,4,67.6282,DANGER,2,Dangerous
134.9,1.7,0.7358,4,67.6784,DANGER,2,Dangerous
135.0,1.7,0.7353,4,67.7285,DANGER,2,Dangerous
135.1,1.7,0.7348,4,67.7787,DANGER,2,Dangerous
135.2,1.69,0.7342,4,67.9554,DANGER,2,Dangerous
135.3,1.69,0.7337,4,68.0056,DANGER,2,Dangerous
135.4,1.69,0.7331,4,68.0559,DANGER,2,Dangerous
135.5,1.69,0.7326,4,68.1062,DANGER,2,Dangerous
135.6,1.68,0.7321,4,68.2842,DANGER,2,Dangerous
135.7,1.68,0.7315,4,68.3346,DANGER,2,Dangerous
135.8,1.68,0.731,4,68.385,DANGER,2,Dangerous
135.9,1.68,0.7305,4,68.4353,DANGER,2,Dangerous
136.0,1.67,0.7299,4,68.6148,DANGER,2,Dangerous
136.1,1.67,0.7294,4,68.6653,DANGER,2,Dangerous
136.2,1.67,0.7289,4,68.7157,DANGER,2,Dangerous
136.3,1.67,0.7283,4,68.7662,DANGER,2,Dangerous
136.4,1.66,0.7278,4,68.9472,DANGER,2,Dangerous
136.5,1.66,0.7273,4,68.9977,DANGER,2,Dangerous
136.6,1.66,0.7267,4,69.0483,DANGER,2,Dangerous
136.7,1.66,0.7262,4,69.0988,DANGER,2,Dangerous
136.8,1.65,0.7257,4,69.2813,DANGER,2,Dangerous
136.9,1.65,0.7252,4,69.3319,DANGER,2,Dangerous
137.0,1.65,0.7246,4,69.3826,DANGER,2,Dangerous
137.1,1.65,0.7241,4,69.4332,DANGER,2,Dangerous
137.2,1.64,0.7236,4,69.6171,DANGER,2,Dangerous
137.3,1.64,0.7231,4,69.6679,DANGER,2,Dangerous
137.4,1.64,0.7225,4,69.7186,DANGER,2,Dangerous
137.5,1.64,0.722,4,69.7694,DANGER,2,Dangerous
137.6,1.64,0.7215,4,69.8201,DANGER,2,Dangerous
137.7,1.63,0.721,4,70.0057,DANGER,2,Dangerous
137.8,1.63,0.7205,4,70.0565,DANGER,2,Dangerous
137.9,1.63,0.7199,4,70.1073,DANGER,2,Dangerous
138.0,1.63,0.7194,4,70.1582,DANGER,2,Dangerous
138.1,1.62,0.7189,4,70.3453,DANGER,2,Dangerous
138.2,1.62,0.7184,4,70.3962,DANGER,2,Dangerous
138.3,1.62,0.7179,4,70.4471,DANGER,2,Dangerous
138.4,1.62,0.7174,4,70.4981,DANGER,2,Dangerous
138.5,1.61,0.7168,4,70.6867,DANGER,2,Dangerous
138.6,1.61,0.7163,4,70.7377,DANGER,2,Dangerous
138.7,1.61,0.7158,4,70.7888,DANGER,2,Dangerous
138.8,1.61,0.7153,4,70.8398,DANGER,2,Dangerous
138.9,1.61,0.7148,4,70.8908,DANGER,2,Dangerous
139.0,1.6,0.7143,4,71.0811,DANGER,2,Dangerous
139.1,1.6,0.7138,4,71.1323,DANGER,2,Dangerous
139.2,1.6,0.7133,4,71.1834,DANGER,2,Dangerous
139.3,1.6,0.7128,4,71.2346,DANGER,2,Dangerous
139.4,1.59,0.7123,4,71.4265,DANGER,2,Dangerous
139.5,1.59,0.7117,4,71.4777,DANGER,2,Dangerous
139.6,1.59,0.7112,4,71.5289,DANGER,2,Dangerous
139.7,1.59,0.7107,4,71.5802,DANGER,2,Dangerous
139.8,1.58,0.7102,4,71.7737,DANGER,2,Dangerous
139.9,1.58,0.7097,4,71.825,DANGER,2,Dangerous
140.0,1.58,0.7092,4,71.8764,DANGER,2,Dangerous
140.1,1.58,0.7087,4,71.9277,DANGER,2,Dangerous
140.2,1.58,0.7082,4,71.979,DANGER,2,Dangerous
140.3,1.57,0.7077,4,72.1743,DANGER,2,Dangerous
140.4,1.57,0.7072,4,72.2257,DANGER,2,Dangerous
140.5,1.57,0.7067,4,72.2772,DANGER,2,Dangerous
140.6,1.57,0.7062,4,72.3286,DANGER,2,Dangerous
140.7,1.56,0.7057,4,72.5255,DANGER,2,Dangerous
140.8,1.56,0.7052,4,72.577,DANGER,2,Dangerous
140.9,1.56,0.7047,4,72.6286,DANGER,2,Dangerous
141.0,1.56,0.7042,4,72.6801,DANGER,2,Dangerous
141.1,1.56,0.7037,4,72.7317,DANGER,2,Dangerous
141.2,1.55,0.7032,4,72.9304,DANGER,2,Dangerous
141.3,1.55,0.7027,4,72.982,DANGER,2,Dangerous
141.4,1.55,0.7022,4,73.0337,DANGER,2,Dangerous
141.5,1.55,0.7018,4,73.0853,DANGER,2,Dangerous
141.6,1.54,0.7013,4,73.2857,DANGER,2,Dangerous
141.7,1.54,0.7008,4,73.3375,DANGER,2,Dangerous
141.8,1.54,0.7003,4,73.3892,DANGER,2,Dangerous
141.9,1.54,0.6998,4,73.441,DANGER,2,Dangerous
142.0,1.54,0.6993,4,73.4927,DANGER,2,Dangerous
142.1,1.53,0.6988,4,73.6949,DANGER,2,Dangerous
142.2,1.53,0.6983,4,73.7468,DANGER,2,Dangerous
142.3,1.53,0.6978,4,73.7987,DANGER,2,Dangerous
142.4,1.53,0.6974,4,73.8505,DANGER,2,Dangerous
142.5,1.53,0.6969,4,73.9024,DANGER,2,Dangerous
142.6,1.52,0.6964,4,74.1065,DANGER,2,Dangerous
142.7,1.52,0.6959,4,74.1584,DANGER,2,Dangerous
142.8,1.52,0.6954,4,74.2104,DANGER,2,Dangerous
142.9,1.52,0.6949,4,74.2624,DANGER,2,Dangerous
143.0,1.52,0.6944,4,74.3143,DANGER,2,Dangerous
143.1,1.51,0.694,4,74.5203,DANGER,2,Dangerous
143.2,1.51,0.6935,4,74.5724,DANGER,2,Dangerous
143.3,1.51,0.693,4,74.6244,DANGER,2,Dangerous
143.4,1.51,0.6925,4,74.6765,DANGER,2,Dangerous
143.5,1.5,0.692,4,74.8843,DANGER,2,Dangerous
143.6,1.5,0.6916,4,74.9364,DANGER,2,Dangerous
143.7,1.5,0.6911,4,74.9886,DANGER,2,Dangerous
143.8,1.5,0.6906,4,75.0408,DANGER,2,Dangerous
143.9,1.5,0.6901,4,75.093,DANGER,2,Dangerous
144.0,1.49,0.6897,4,75.3027,DANGER,2,Dangerous
144.1,1.49,0.6892,4,75.355,DANGER,2,Dangerous
144.2,1.49,0.6887,4,75.4073,DANGER,2,Dangerous
144.3,1.49,0.6882,4,75.4596,DANGER,2,Dangerous
144.4,1.49,0.6878,4,75.5118,DANGER,2,Dangerous
144.5,1.48,0.6873,4,75.7235,DANGER,2,Dangerous
144.6,1.48,0.6868,4,75.7759,DANGER,2,Dangerous
144.7,1.48,0.6863,4,75.8283,DANGER,2,Dangerous
144.8,1.48,0.6859,4,75.8807,DANGER,2,Dangerous
144.9,1.48,0.6854,4,75.9331,DANGER,2,Dangerous
145.0,1.47,0.6849,4,76.1467,DANGER,2,Dangerous
145.1,1.47,0.6845,4,76.1993,DANGER,2,Dangerous
145.2,1.47,0.684,4,76.2518,DANGER,2,Dangerous
145.3,1.47,0.6835,4,76.3043,DANGER,2,Dangerous
145.4,1.47,0.6831,4,76.3568,DANGER,2,Dangerous
145.5,1.46,0.6826,4,76.5724,DANGER,2,Dangerous
145.6,1.46,0.6821,4,76.6251,DANGER,2,Dangerous
145.7,1.46,0.6817,4,76.6777,DANGER,2,Dangerous
145.8,1.46,0.6812,4,76.7303,DANGER,2,Dangerous
145.9,1.46,0.6807,4,76.783,DANGER,2,Dangerous
146.0,1.45,0.6803,4,77.0006,DANGER,2,Dangerous
146.1,1.45,0.6798,4,77.0534,DANGER,2,Dangerous
146.2,1.45,0.6793,4,77.1061,DANGER,2,Dangerous
146.3,1.45,0.6789,4,77.1589,DANGER,2,Dangerous
146.4,1.45,0.6784,4,77.2116,DANGER,2,Dangerous
146.5,1.44,0.678,4,77.4314,DANGER,2,Dangerous
146.6,1.44,0.6775,4,77.4842,DANGER,2,Dangerous
146.7,1.44,0.677,4,77.5371,DANGER,2,Dangerous
146.8,1.44,0.6766,4,77.5899,DANGER,2,Dangerous
146.9,1.44,0.6761,4,77.6428,DANGER,2,Dangerous
147.0,1.43,0.6757,4,77.8647,DANGER,2,Dangerous
147.1,1.43,0.6752,4,77.9176,DANGER,2,Dangerous
147.2,1.43,0.6748,4,77.9706,DANGER,2,Dangerous
147.3,1.43,0.6743,4,78.0236,DANGER,2,Dangerous
147.4,1.43,0.6739,4,78.0765,DANGER,2,Dangerous
147.5,1.42,0.6734,4,78.3005,DANGER,2,Dangerous
147.6,1.42,0.6729,4,78.3536,DANGER,2,Dangerous
147.7,1.42,0.6725,4,78.4067,DANGER,2,Dangerous
147.8,1.42,0.672,4,78.4598,DANGER,2,Dangerous
147.9,1.42,0.6716,4,78.5129,DANGER,2,Dangerous
148.0,1.42,0.6711,4,78.566,DANGER,2,Dangerous
148.1,1.41,0.6707,4,78.7922,DANGER,2,Dangerous
148.2,1.41,0.6702,4,78.8454,DANGER,2,Dangerous
148.3,1.41,0.6698,4,78.8986,DANGER,2,Dangerous
148.4,1.41,0.6693,4,78.9518,DANGER,2,Dangerous
148.5,1.41,0.6689,4,79.005,DANGER,2,Dangerous
148.6,1.4,0.6684,4,79.2335,DANGER,2,Dangerous
148.7,1.4,0.668,4,79.2868,DANGER,2,Dangerous
148.8,1.4,0.6676,4,79.3402,DANGER,2,Dangerous
148.9,1.4,0.6671,4,79.3935,DANGER,2,Dangerous
149.0,1.4,0.6667,4,79.4468,DANGER,2,Dangerous
149.1,1.39,0.6662,4,79.6775,DANGER,2,Dangerous
149.2,1.39,0.6658,4,79.731,DANGER,2,Dangerous
149.3,1.39,0.6653,4,79.7844,DANGER,2,Dangerous
149.4,1.39,0.6649,4,79.8378,DANGER,2,Dangerous
149.5,1.39,0.6645,4,79.8913,DANGER,2,Dangerous
149.6,1.39,0.664,4,79.9447,DANGER,2,Dangerous
149.7,1.38,0.6636,4,80.1778,DANGER,2,Dangerous
149.8,1.38,0.6631,4,80.2314,DANGER,2,Dangerous
149.9,1.38,0.6627,4,80.2849,DANGER,2,Dangerous
150.0,1.38,0.6623,4,80.3385,DANGER,2,Dangerous
150.1,1.38,0.6618,4,80.392,DANGER,2,Dangerous
150.2,1.37,0.6614,4,80.6274,DANGER,2,Dangerous
150.3,1.37,0.6609,4,80.6811,DANGER,2,Dangerous
150.4,1.37,0.6605,4,80.7348,DANGER,2,Dangerous
150.5,1.37,0.6601,4,80.7885,DANGER,2,Dangerous
150.6,1.37,0.6596,4,80.8421,DANGER,2,Dangerous
150.7,1.37,0.6592,4,80.8958,DANGER,2,Dangerous
150.8,1.36,0.6588,4,81.1336,DANGER,2,Dangerous
150.9,1.36,0.6583,4,81.1875,DANGER,2,Dangerous
151.0,1.36,0.6579,4,81.2413,DANGER,2,Dangerous
151.1,1.36,0.6575,4,81.2951,DANGER,2,Dangerous
151.2,1.36,0.657,4,81.3489,DANGER,2,Dangerous
151.3,1.35,0.6566,4,81.5891,DANGER,2,Dangerous
151.4,1.35,0.6562,4,81.643,DANGER,2,Dangerous
151.5,1.35,0.6557,4,81.6969,DANGER,2,Dangerous
151.6,1.35,0.6553,4,81.7508,DANGER,2,Dangerous
151.7,1.35,0.6549,4,81.8048,DANGER,2,Dangerous
151.8,1.35,0.6545,4,81.8587,DANGER,2,Dangerous
151.9,1.34,0.654,4,82.1014,DANGER,2,Dangerous
152.0,1.34,0.6536,4,82.1555,DANGER,2,Dangerous
152.1,1.34,0.6532,4,82.2095,DANGER,2,Dangerous
152.2,1.34,0.6527,4,82.2636,DANGER,2,Dangerous
152.3,1.34,0.6523,4,82.3176,DANGER,2,Dangerous
152.4,1.34,0.6519,4,82.3717,DANGER,2,Dangerous
152.5,1.33,0.6515,4,82.6169,DANGER,2,Dangerous
152.6,1.33,0.651,4,82.6711,DANGER,2,Dangerous
152.7,1.33,0.6506,4,82.7253,DANGER,2,Dangerous
152.8,1.33,0.6502,4,82.7795,DANGER,2,Dangerous
152.9,1.33,0.6498,4,82.8336,DANGER,2,Dangerous
153.0,1.32,0.6494,4,83.0814,DANGER,2,Dangerous
153.1,1.32,0.6489,4,83.1357,DANGER,2,Dangerous
153.2,1.32,0.6485,4,83.19,DANGER,2,Dangerous
153.3,1.32,0.6481,4,83.2443,DANGER,2,Dangerous
153.4,1.32,0.6477,4,83.2986,DANGER,2,Dangerous
153.5,1.32,0.6472,4,83.3529,DANGER,2,Dangerous
153.6,1.31,0.6468,4,83.6033,DANGER,2,Dangerous
153.7,1.31,0.6464,4,83.6578,DANGER,2,Dangerous
153.8,1.31,0.646,4,83.7122,DANGER,2,Dangerous
153.9,1.31,0.6456,4,83.7666,DANGER,2,Dangerous
154.0,1.31,0.6452,4,83.821,DANGER,2,Dangerous
154.1,1.31,0.6447,4,83.8755,DANGER,2,Dangerous
154.2,1.3,0.6443,4,84.1286,DANGER,2,Dangerous
154.3,1.3,0.6439,4,84.1831,DANGER,2,Dangerous
154.4,1.3,0.6435,4,84.2377,DANGER,2,Dangerous
154.5,1.3,0.6431,4,84.2922,DANGER,2,Dangerous
154.6,1.3,0.6427,4,84.3468,DANGER,2,Dangerous
154.7,1.3,0.6423,4,84.4013,DANGER,2,Dangerous
154.8,1.29,0.6418,4,84.6572,DANGER,2,Dangerous
154.9,1.29,0.6414,4,84.7118,DANGER,2,Dangerous
155.0,1.29,0.641,4,84.7665,DANGER,2,Dangerous
155.1,1.29,0.6406,4,84.8212,DANGER,2,Dangerous
155.2,1.29,0.6402,4,84.8759,DANGER,2,Dangerous
155.3,1.29,0.6398,4,84.9306,DANGER,2,Dangerous
155.4,1.28,0.6394,4,85.1892,DANGER,2,Dangerous
155.5,1.28,0.639,4,85.244,DANGER,2,Dangerous
155.6,1.28,0.6386,4,85.2988,DANGER,2,Dangerous
155.7,1.28,0.6382,4,85.3536,DANGER,2,Dangerous
155.8,1.28,0.6378,4,85.4085,DANGER,2,Dangerous
155.9,1.28,0.6373,4,85.4633,DANGER,2,Dangerous
156.0,1.27,0.6369,4,85.7247,DANGER,2,Dangerous
156.1,1.27,0.6365,4,85.7796,DANGER,2,Dangerous
156.2,1.27,0.6361,4,85.8346,DANGER,2,Dangerous
156.3,1.27,0.6357,4,85.8895,DANGER,2,Dangerous
156.4,1.27,0.6353,4,85.9445,DANGER,2,Dangerous
156.5,1.27,0.6349,4,85.9994,DANGER,2,Dangerous
156.6,1.26,0.6345,4,86.2637,DANGER,2,Dangerous
156.7,1.26,0.6341,4,86.3187,DANGER,2,Dangerous
156.8,1.26,0.6337,4,86.3738,DANGER,2,Dangerous
156.9,1.26,0.6333,4,86.4289,DANGER,2,Dangerous
157.0,1.26,0.6329,4,86.484,DANGER,2,Dangerous
157.1,1.26,0.6325,4,86.5391,DANGER,2,Dangerous
157.2,1.26,0.6321,4,86.5942,DANGER,2,Dangerous
157.3,1.25,0.6317,4,86.8614,DANGER,2,Dangerous
157.4,1.25,0.6313,4,86.9167,DANGER,2,Dangerous
157.5,1.25,0.6309,4,86.9719,DANGER,2,Dangerous
157.6,1.25,0.6305,4,87.0271,DANGER,2,Dangerous
157.7,1.25,0.6301,4,87.0823,DANGER,2,Dangerous
157.8,1.25,0.6297,4,87.1375,DANGER,2,Dangerous
157.9,1.24,0.6293,4,87.4078,DANGER,2,Dangerous
158.0,1.24,0.6289,4,87.4631,DANGER,2,Dangerous
158.1,1.24,0.6285,4,87.5185,DANGER,2,Dangerous
158.2,1.24,0.6281,4,87.5738,DANGER,2,Dangerous
158.3,1.24,0.6277,4,87.6292,DANGER,2,Dangerous
158.4,1.24,0.6274,4,87.6845,DANGER,2,Dangerous
158.5,1.23,0.627,4,87.9577,DANGER,2,Dangerous
158.6,1.23,0.6266,4,88.0132,DANGER,2,Dangerous
158.7,1.23,0.6262,4,88.0687,DANGER,2,Dangerous
158.8,1.23,0.6258,4,88.1242,DANGER,2,Dangerous
158.9,1.23,0.6254,4,88.1797,DANGER,2,Dangerous
159.0,1.23,0.625,4,88.2352,DANGER,2,Dangerous
159.1,1.23,0.6246,4,88.2907,DANGER,2,Dangerous
159.2,1.22,0.6242,4,88.5671,DANGER,2,Dangerous
159.3,1.22,0.6238,4,88.6227,DANGER,2,Dangerous
159.4,1.22,0.6234,4,88.6784,DANGER,2,Dangerous
159.5,1.22,0.6231,4,88.734,DANGER,2,Dangerous
159.6,1.22,0.6227,4,88.7896,DANGER,2,Dangerous
159.7,1.22,0.6223,4,88.8453,DANGER,2,Dangerous
159.8,1.22,0.6219,4,88.9009,DANGER,2,Dangerous
159.9,1.21,0.6215,4,89.1805,DANGER,2,Dangerous
160.0,1.21,0.6211,4,89.2363,DANGER,2,Dangerous
160.1,1.21,0.6207,4,89.2921,DANGER,2,Dangerous
160.2,1.21,0.6203,4,89.3478,DANGER,2,Dangerous
160.3,1.21,0.62,4,89.4036,DANGER,2,Dangerous
160.4,1.21,0.6196,4,89.4594,DANGER,2,Dangerous
160.5,1.2,0.6192,4,89.7421,DANGER,2,Dangerous
160.6,1.2,0.6188,4,89.7981,DANGER,2,Dangerous
160.7,1.2,0.6184,4,89.854,DANGER,2,Dangerous
160.8,1.2,0.618,4,89.9099,DANGER,2,Dangerous
160.9,1.2,0.6177,4,89.9658,DANGER,2,Dangerous
161.0,1.2,0.6173,4,90.0217,DANGER,2,Dangerous
161.1,1.2,0.6169,4,90.0776,DANGER,2,Dangerous
161.2,1.19,0.6165,4,90.3637,DANGER,2,Dangerous
161.3,1.19,0.6161,4,90.4198,DANGER,2,Dangerous
161.4,1.19,0.6158,4,90.4758,DANGER,2,Dangerous
161.5,1.19,0.6154,4,90.5319,DANGER,2,Dangerous
161.6,1.19,0.615,4,90.588,DANGER,2,Dangerous
161.7,1.19,0.6146,4,90.644,DANGER,2,Dangerous
161.8,1.19,0.6143,4,90.7001,DANGER,2,Dangerous
161.9,1.18,0.6139,4,90.9896,DANGER,2,Dangerous
162.0,1.18,0.6135,4,91.0458,DANGER,2,Dangerous
162.1,1.18,0.6131,4,91.102,DANGER,2,Dangerous
162.2,1.18,0.6127,4,91.1582,DANGER,2,Dangerous
162.3,1.18,0.6124,4,91.2144,DANGER,2,Dangerous
162.4,1.18,0.612,4,91.2706,DANGER,2,Dangerous
162.5,1.18,0.6116,4,91.3268,DANGER,2,Dangerous
162.6,1.17,0.6112,4,91.6197,DANGER,2,Dangerous
162.7,1.17,0.6109,4,91.6761,DANGER,2,Dangerous
162.8,1.17,0.6105,4,91.7324,DANGER,2,Dangerous
162.9,1.17,0.6101,4,91.7888,DANGER,2,Dangerous
163.0,1.17,0.6098,4,91.8451,DANGER,2,Dangerous
163.1,1.17,0.6094,4,91.9014,DANGER,2,Dangerous
163.2,1.17,0.609,4,91.9578,DANGER,2,Dangerous
163.3,1.16,0.6086,4,92.2542,DANGER,2,Dangerous
163.4,1.16,0.6083,4,92.3107,DANGER,2,Dangerous
163.5,1.16,0.6079,4,92.3672,DANGER,2,Dangerous
163.6,1.16,0.6075,4,92.4237,DANGER,2,Dangerous
163.7,1.16,0.6072,4,92.4802,DANGER,2,Dangerous
163.8,1.16,0.6068,4,92.5367,DANGER,2,Dangerous
163.9,1.16,0.6064,4,92.5932,DANGER,2,Dangerous
164.0,1.15,0.6061,4,92.8932,DANGER,2,Dangerous
164.1,1.15,0.6057,4,92.9499,DANGER,2,Dangerous
164.2,1.15,0.6053,4,93.0065,DANGER,2,Dangerous
164.3,1.15,0.605,4,93.0632,DANGER,2,Dangerous
164.4,1.15,0.6046,4,93.1198,DANGER,2,Dangerous
164.5,1.15,0.6042,4,93.1764,DANGER,2,Dangerous
164.6,1.15,0.6039,4,93.2331,DANGER,2,Dangerous
164.7,1.14,0.6035,4,93.5367,DANGER,2,Dangerous
164.8,1.14,0.6031,4,93.5935,DANGER,2,Dangerous
164.9,1.14,0.6028,4,93.6503,DANGER,2,Dangerous
165.0,1.14,0.6024,4,93.7071,DANGER,2,Dangerous
165.1,1.14,0.602,4,93.7639,DANGER,2,Dangerous
165.2,1.14,0.6017,4,93.8207,DANGER,2,Dangerous
165.3,1.14,0.6013,4,93.8775,DANGER,2,Dangerous
165.4,1.13,0.601,4,94.1848,DANGER,2,Dangerous
165.5,1.13,0.6006,4,94.2417,DANGER,2,Dangerous
165.6,1.13,0.6002,4,94.2987,DANGER,2,Dangerous
165.7,1.13,0.5999,4,94.3556,DANGER,2,Dangerous
165.8,1.13,0.5995,4,94.4126,DANGER,2,Dangerous
165.9,1.13,0.5992,4,94.4695,DANGER,2,Dangerous
166.0,1.13,0.5988,4,94.5265,DANGER,2,Dangerous
166.1,1.13,0.5984,4,94.5834,DANGER,2,Dangerous
166.2,1.12,0.5981,4,94.8946,DANGER,2,Dangerous
166.3,1.12,0.5977,4,94.9517,DANGER,2,Dangerous
166.4,1.12,0.5974,4,95.0088,DANGER,2,Dangerous
166.5,1.12,0.597,4,95.0659,DANGER,2,Dangerous
166.6,1.12,0.5967,4,95.123,DANGER,2,Dangerous
166.7,1.12,0.5963,4,95.1801,DANGER,2,Dangerous
166.8,1.12,0.5959,4,95.2372,DANGER,2,Dangerous
166.9,1.11,0.5956,4,95.5523,DANGER,2,Dangerous
167.0,1.11,0.5952,4,95.6095,DANGER,2,Dangerous
167.1,1.11,0.5949,4,95.6668,DANGER,2,Dangerous
167.2,1.11,0.5945,4,95.724,DANGER,2,Dangerous
167.3,1.11,0.5942,4,95.7813,DANGER,2,Dangerous
167.4,1.11,0.5938,4,95.8385,DANGER,2,Dangerous
167.5,1.11,0.5935,4,95.8958,DANGER,2,Dangerous
167.6,1.11,0.5931,4,95.953,DANGER,2,Dangerous
167.7,1.1,0.5928,4,96.2721,DANGER,2,Dangerous
167.8,1.1,0.5924,4,96.3295,DANGER,2,Dangerous
167.9,1.1,0.5921,4,96.3869,DANGER,2,Dangerous
168.0,1.1,0.5917,4,96.4443,DANGER,2,Dangerous
168.1,1.1,0.5914,4,96.5017,DANGER,2,Dangerous
168.2,1.1,0.591,4,96.5592,DANGER,2,Dangerous
168.3,1.1,0.5907,4,96.6166,DANGER,2,Dangerous
168.4,1.09,0.5903,4,96.9396,DANGER,2,Dangerous
168.5,1.09,0.59,4,96.9972,DANGER,2,Dangerous
168.6,1.09,0.5896,4,97.0547,DANGER,2,Dangerous
168.7,1.09,0.5893,4,97.1123,DANGER,2,Dangerous
168.8,1.09,0.5889,4,97.1699,DANGER,2,Dangerous
168.9,1.09,0.5886,4,97.2274,DANGER,2,Dangerous
169.0,1.09,0.5882,4,97.285,DANGER,2,Dangerous
169.1,1.09,0.5879,4,97.3426,DANGER,2,Dangerous
169.2,1.08,0.5875,4,97.6698,DANGER,2,Dangerous
169.3,1.08,0.5872,4,97.7275,DANGER,2,Dangerous
169.4,1.08,0.5869,4,97.7852,DANGER,2,Dangerous
169.5,1.08,0.5865,4,97.843,DANGER,2,Dangerous
169.6,1.08,0.5862,4,97.9007,DANGER,2,Dangerous
169.7,1.08,0.5858,4,97.9584,DANGER,2,Dangerous
169.8,1.08,0.5855,4,98.0161,DANGER,2,Dangerous
169.9,1.08,0.5851,4,98.0739,DANGER,2,Dangerous
170.0,1.07,0.5848,4,98.4053,DANGER,2,Dangerous
170.1,1.07,0.5845,4,98.4632,DANGER,2,Dangerous
170.2,1.07,0.5841,4,98.5211,DANGER,2,Dangerous
170.3,1.07,0.5838,4,98.579,DANGER,2,Dangerous
170.4,1.07,0.5834,4,98.6369,DANGER,2,Dangerous
170.5,1.07,0.5831,4,98.6948,DANGER,2,Dangerous
170.6,1.07,0.5828,4,98.7526,DANGER,2,Dangerous
170.7,1.07,0.5824,4,98.8105,DANGER,2,Dangerous
170.8,1.06,0.5821,4,99.1463,DANGER,2,Dangerous
170.9,1.06,0.5817,4,99.2044,DANGER,2,Dangerous
171.0,1.06,0.5814,4,99.2624,DANGER,2,Dangerous
171.1,1.06,0.5811,4,99.3205,DANGER,2,Dangerous
171.2,1.06,0.5807,4,99.3785,DANGER,2,Dangerous
171.3,1.06,0.5804,4,99.4366,DANGER,2,Dangerous
171.4,1.06,0.58,4,99.4946,DANGER,2,Dangerous
171.5,1.06,0.5797,4,99.5527,DANGER,2,Dangerous
171.6,1.05,0.5794,4,99.8929,DANGER,2,Dangerous
171.7,1.05,0.579,4,99.9511,DANGER,2,Dangerous
171.8,1.05,0.5787,4,100.0093,DANGER,2,Dangerous
171.9,1.05,0.5784,4,100.0675,DANGER,2,Dangerous
172.0,1.05,0.578,4,100.1258,DANGER,2,Dangerous
172.1,1.05,0.5777,4,100.184,DANGER,2,Dangerous
172.2,1.05,0.5774,4,100.2422,DANGER,2,Dangerous
172.3,1.05,0.577,4,100.3004,DANGER,2,Dangerous
172.4,1.04,0.5767,4,100.6451,DANGER,2,Dangerous
172.5,1.04,0.5764,4,100.7035,DANGER,2,Dangerous
172.6,1.04,0.576,4,100.7619,DANGER,2,Dangerous
172.7,1.04,0.5757,4,100.8202,DANGER,2,Dangerous
172.8,1.04,0.5754,4,100.8786,DANGER,2,Dangerous
172.9,1.04,0.575,4,100.937,DANGER,2,Dangerous
173.0,1.04,0.5747,4,100.9954,DANGER,2,Dangerous
173.1,1.04,0.5744,4,101.0537,DANGER,2,Dangerous
173.2,1.04,0.5741,4,101.1121,DANGER,2,Dangerous
173.3,1.03,0.5737,4,101.4616,DANGER,2,Dangerous
173.4,1.03,0.5734,4,101.5201,DANGER,2,Dangerous
173.5,1.03,0.5731,4,101.5787,DANGER,2,Dangerous
173.6,1.03,0.5727,4,101.6372,DANGER,2,Dangerous
173.7,1.03,0.5724,4,101.6958,DANGER,2,Dangerous
173.8,1.03,0.5721,4,101.7543,DANGER,2,Dangerous
173.9,1.03,0.5718,4,101.8129,DANGER,2,Dangerous
174.0,1.03,0.5714,4,101.8714,DANGER,2,Dangerous
174.1,1.02,0.5711,4,102.2255,DANGER,2,Dangerous
174.2,1.02,0.5708,4,102.2842,DANGER,2,Dangerous
174.3,1.02,0.5705,4,102.3429,DANGER,2,Dangerous
174.4,1.02,0.5701,4,102.4017,DANGER,2,Dangerous
174.5,1.02,0.5698,4,102.4604,DANGER,2,Dangerous
174.6,1.02,0.5695,4,102.5191,DANGER,2,Dangerous
174.7,1.02,0.5692,4,102.5778,DANGER,2,Dangerous
174.8,1.02,0.5688,4,102.6365,DANGER,2,Dangerous
174.9,1.02,0.5685,4,102.6952,DANGER,2,Dangerous
175.0,1.01,0.5682,4,103.0542,DANGER,2,Dangerous
175.1,1.01,0.5679,4,103.1131,DANGER,2,Dangerous
175.2,1.01,0.5675,4,103.172,DANGER,2,Dangerous
175.3,1.01,0.5672,4,103.2309,DANGER,2,Dangerous
175.4,1.01,0.5669,4,103.2898,DANGER,2,Dangerous
175.5,1.01,0.5666,4,103.3487,DANGER,2,Dangerous
175.6,1.01,0.5663,4,103.4076,DANGER,2,Dangerous
175.7,1.01,0.5659,4,103.4665,DANGER,2,Dangerous
175.8,1.01,0.5656,4,103.5254,DANGER,2,Dangerous
175.9,1.0,0.5653,4,103.8894,DANGER,2,Dangerous
176.0,1.0,0.565,4,103.9484,DANGER,2,Dangerous
176.1,1.0,0.5647,4,104.0075,DANGER,2,Dangerous
176.2,1.0,0.5643,4,104.0666,DANGER,2,Dangerous
176.3,1.0,0.564,4,104.1256,DANGER,2,Dangerous
176.4,1.0,0.5637,4,104.1847,DANGER,2,Dangerous
176.5,1.0,0.5634,4,104.2437,DANGER,2,Dangerous
176.6,1.0,0.5631,4,104.3028,DANGER,2,Dangerous
176.7,0.99,0.5627,4,104.6717,DANGER,2,Dangerous
176.8,0.99,0.5624,4,104.731,DANGER,2,Dangerous
176.9,0.99,0.5621,4,104.7902,DANGER,2,Dangerous
177.0,0.99,0.5618,4,104.8495,DANGER,2,Dangerous
177.1,0.99,0.5615,4,104.9087,DANGER,2,Dangerous
177.2,0.99,0.5612,4,104.9679,DANGER,2,Dangerous
177.3,0.99,0.5609,4,105.0272,DANGER,2,Dangerous
177.4,0.99,0.5605,4,105.0864,DANGER,2,Dangerous
177.5,0.99,0.5602,4,105.1456,DANGER,2,Dangerous
177.6,0.98,0.5599,4,105.5198,DANGER,2,Dangerous
177.7,0.98,0.5596,4,105.5792,DANGER,2,Dangerous
177.8,0.98,0.5593,4,105.6386,DANGER,2,Dangerous
177.9,0.98,0.559,4,105.698,DANGER,2,Dangerous
178.0,0.98,0.5587,4,105.7574,DANGER,2,Dangerous
178.1,0.98,0.5583,4,105.8168,DANGER,2,Dangerous
178.2,0.98,0.558,4,105.8763,DANGER,2,Dangerous
178.3,0.98,0.5577,4,105.9357,DANGER,2,Dangerous
178.4,0.98,0.5574,4,105.9951,DANGER,2,Dangerous
178.5,0.98,0.5571,4,106.0545,DANGER,2,Dangerous
178.6,0.97,0.5568,4,106.4341,DANGER,2,Dangerous
178.7,0.97,0.5565,4,106.4937,DANGER,2,Dangerous
178.8,0.97,0.5562,4,106.5533,DANGER,2,Dangerous
178.9,0.97,0.5559,4,106.6129,DANGER,2,Dangerous
179.0,0.97,0.5556,4,106.6725,DANGER,2,Dangerous
179.1,0.97,0.5552,4,106.7321,DANGER,2,Dangerous
179.2,0.97,0.5549,4,106.7917,DANGER,2,Dangerous
179.3,0.97,0.5546,4,106.8513,DANGER,2,Dangerous
179.4,0.97,0.5543,4,106.9109,DANGER,2,Dangerous
179.5,0.96,0.554,4,107.2959,DANGER,2,Dangerous
179.6,0.96,0.5537,4,107.3556,DANGER,2,Dangerous
179.7,0.96,0.5534,4,107.4154,DANGER,2,Dangerous
179.8,0.96,0.5531,4,107.4752,DANGER,2,Dangerous
179.9,0.96,0.5528,4,107.5349,DANGER,2,Dangerous
180.0,0.96,0.5525,4,107.5947,DANGER,2,Dangerous
180.1,0.96,0.5522,4,107.6545,DANGER,2,Dangerous
180.2,0.96,0.5519,4,107.7143,DANGER,2,Dangerous
180.3,0.96,0.5516,4,107.774,DANGER,2,Dangerous
180.4,0.95,0.5513,4,108.1645,DANGER,2,Dangerous
180.5,0.95,0.551,4,108.2245,DANGER,2,Dangerous
180.6,0.95,0.5507,4,108.2845,DANGER,2,Dangerous
180.7,0.95,0.5504,4,108.3444,DANGER,2,Dangerous
180.8,0.95,0.5501,4,108.4044,DANGER,2,Dangerous
180.9,0.95,0.5498,4,108.4643,DANGER,2,Dangerous
181.0,0.95,0.5495,4,108.5243,DANGER,2,Dangerous
181.1,0.95,0.5491,4,108.5842,DANGER,2,Dangerous
181.2,0.95,0.5488,4,108.6442,DANGER,2,Dangerous
181.3,0.95,0.5485,4,108.7042,DANGER,2,Dangerous
181.4,0.94,0.5482,4,109.1004,DANGER,2,Dangerous
181.5,0.94,0.5479,4,109.1606,DANGER,2,Dangerous
181.6,0.94,0.5476,4,109.2207,DANGER,2,Dangerous
181.7,0.94,0.5473,4,109.2809,DANGER,2,Dangerous
181.8,0.94,0.547,4,109.341,DANGER,2,Dangerous
181.9,0.94,0.5467,4,109.4012,DANGER,2,Dangerous
182.0,0.94,0.5464,4,109.4613,DANGER,2,Dangerous
182.1,0.94,0.5461,4,109.5215,DANGER,2,Dangerous
182.2,0.94,0.5459,4,109.5816,DANGER,2,Dangerous
182.3,0.94,0.5456,4,109.6417,DANGER,2,Dangerous
182.4,0.93,0.5453,4,110.0439,DANGER,2,Dangerous
182.5,0.93,0.545,4,110.1043,DANGER,2,Dangerous
182.6,0.93,0.5447,4,110.1646,DANGER,2,Dangerous
182.7,0.93,0.5444,4,110.2249,DANGER,2,Dangerous
182.8,0.93,0.5441,4,110.2852,DANGER,2,Dangerous
182.9,0.93,0.5438,4,110.3456,DANGER,2,Dangerous
183.0,0.93,0.5435,4,110.4059,DANGER,2,Dangerous
183.1,0.93,0.5432,4,110.4662,DANGER,2,Dangerous
183.2,0.93,0.5429,4,110.5266,DANGER,2,Dangerous
183.3,0.92,0.5426,4,110.9346,DANGER,2,Dangerous
183.4,0.92,0.5423,4,110.9951,DANGER,2,Dangerous
183.5,0.92,0.542,4,111.0556,DANGER,2,Dangerous
183.6,0.92,0.5417,4,111.1161,DANGER,2,Dangerous
183.7,0.92,0.5414,4,111.1767,DANGER,2,Dangerous
183.8,0.92,0.5411,4,111.2372,DANGER,2,Dangerous
183.9,0.92,0.5408,4,111.2977,DANGER,2,Dangerous
184.0,0.92,0.5405,4,111.3582,DANGER,2,Dangerous
184.1,0.92,0.5402,4,111.4187,DANGER,2,Dangerous
184.2,0.92,0.54,4,111.4793,DANGER,2,Dangerous
184.3,0.91,0.5397,4,111.8934,DANGER,2,Dangerous
184.4,0.91,0.5394,4,111.9541,DANGER,2,Dangerous
184.5,0.91,0.5391,4,112.0148,DANGER,2,Dangerous
184.6,0.91,0.5388,4,112.0755,DANGER,2,Dangerous
184.7,0.91,0.5385,4,112.1363,DANGER,2,Dangerous
184.8,0.91,0.5382,4,112.197,DANGER,2,Dangerous
184.9,0.91,0.5379,4,112.2577,DANGER,2,Dangerous
185.0,0.91,0.5376,4,112.3184,DANGER,2,Dangerous
185.1,0.91,0.5373,4,112.3791,DANGER,2,Dangerous
185.2,0.91,0.5371,4,112.4398,DANGER,2,Dangerous
185.3,0.91,0.5368,4,112.5005,DANGER,2,Dangerous
185.4,0.9,0.5365,4,112.9211,DANGER,2,Dangerous
185.5,0.9,0.5362,4,112.982,DANGER,2,Dangerous
185.6,0.9,0.5359,4,113.0429,DANGER,2,Dangerous
185.7,0.9,0.5356,4,113.1039,DANGER,2,Dangerous
185.8,0.9,0.5353,4,113.1648,DANGER,2,Dangerous
185.9,0.9,0.535,4,113.2257,DANGER,2,Dangerous
186.0,0.9,0.5348,4,113.2866,DANGER,2,Dangerous
186.1,0.9,0.5345,4,113.3475,DANGER,2,Dangerous
186.2,0.9,0.5342,4,113.4084,DANGER,2,Dangerous
186.3,0.9,0.5339,4,113.4693,DANGER,2,Dangerous
186.4,0.89,0.5336,4,113.8963,DANGER,2,Dangerous
186.5,0.89,0.5333,4,113.9574,DANGER,2,Dangerous
186.6,0.89,0.533,4,114.0185,DANGER,2,Dangerous
186.7,0.89,0.5328,4,114.0796,DANGER,2,Dangerous
186.8,0.89,0.5325,4,114.1407,DANGER,2,Dangerous
186.9,0.89,0.5322,4,114.2018,DANGER,2,Dangerous
187.0,0.89,0.5319,4,114.2629,DANGER,2,Dangerous
187.1,0.89,0.5316,4,114.324,DANGER,2,Dangerous
187.2,0.89,0.5313,4,114.3851,DANGER,2,Dangerous
187.3,0.89,0.5311,4,114.4462,DANGER,2,Dangerous
187.4,0.89,0.5308,4,114.5073,DANGER,2,Dangerous
187.5,0.88,0.5305,4,114.941,DANGER,2,Dangerous
187.6,0.88,0.5302,4,115.0023,DANGER,2,Dangerous
187.7,0.88,0.5299,4,115.0636,DANGER,2,Dangerous
187.8,0.88,0.5297,4,115.1249,DANGER,2,Dangerous
187.9,0.88,0.5294,4,115.1862,DANGER,2,Dangerous
188.0,0.88,0.5291,4,115.2475,DANGER,2,Dangerous
188.1,0.88,0.5288,4,115.3088,DANGER,2,Dangerous
188.2,0.88,0.5285,4,115.3701,DANGER,2,Dangerous
188.3,0.88,0.5283,4,115.4314,DANGER,2,Dangerous
188.4,0.88,0.528,4,115.4927,DANGER,2,Dangerous
188.5,0.87,0.5277,4,115.933,DANGER,2,Dangerous
188.6,0.87,0.5274,4,115.9946,DANGER,2,Dangerous
188.7,0.87,0.5271,4,116.0561,DANGER,2,Dangerous
188.8,0.87,0.5269,4,116.1176,DANGER,2,Dangerous
188.9,0.87,0.5266,4,116.1791,DANGER,2,Dangerous
189.0,0.87,0.5263,4,116.2406,DANGER,2,Dangerous
189.1,0.87,0.526,4,116.3021,DANGER,2,Dangerous
189.2,0.87,0.5258,4,116.3636,DANGER,2,Dangerous
189.3,0.87,0.5255,4,116.4251,DANGER,2,Dangerous
189.4,0.87,0.5252,4,116.4866,DANGER,2,Dangerous
189.5,0.87,0.5249,4,116.5481,DANGER,2,Dangerous
189.6,0.86,0.5247,4,116.9954,DANGER,2,Dangerous
189.7,0.86,0.5244,4,117.0571,DANGER,2,Dangerous
189.8,0.86,0.5241,4,117.1188,DANGER,2,Dangerous
189.9,0.86,0.5238,4,117.1805,DANGER,2,Dangerous
190.0,0.86,0.5236,4,117.2422,DANGER,2,Dangerous
190.1,0.86,0.5233,4,117.3039,DANGER,2,Dangerous
190.2,0.86,0.523,4,117.3656,DANGER,2,Dangerous
190.3,0.86,0.5227,4,117.4273,DANGER,2,Dangerous
190.4,0.86,0.5225,4,117.4891,DANGER,2,Dangerous
190.5,0.86,0.5222,4,117.5508,DANGER,2,Dangerous
190.6,0.86,0.5219,4,117.6125,DANGER,2,Dangerous
190.7,0.85,0.5216,4,118.0669,DANGER,2,Dangerous
190.8,0.85,0.5214,4,118.1288,DANGER,2,Dangerous
190.9,0.85,0.5211,4,118.1907,DANGER,2,Dangerous
191.0,0.85,0.5208,4,118.2527,DANGER,2,Dangerous
191.1,0.85,0.5206,4,118.3146,DANGER,2,Dangerous
191.2,0.85,0.5203,4,118.3765,DANGER,2,Dangerous
191.3,0.85,0.52,4,118.4384,DANGER,2,Dangerous
191.4,0.85,0.5198,4,118.5003,DANGER,2,Dangerous
191.5,0.85,0.5195,4,118.5622,DANGER,2,Dangerous
191.6,0.85,0.5192,4,118.6241,DANGER,2,Dangerous
191.7,0.85,0.5189,4,118.686,DANGER,2,Dangerous
191.8,0.85,0.5187,4,118.748,DANGER,2,Dangerous
191.9,0.84,0.5184,4,119.2099,DANGER,2,Dangerous
192.0,0.84,0.5181,4,119.272,DANGER,2,Dangerous
192.1,0.84,0.5179,4,119.3341,DANGER,2,Dangerous
192.2,0.84,0.5176,4,119.3963,DANGER,2,Dangerous
192.3,0.84,0.5173,4,119.4584,DANGER,2,Dangerous
192.4,0.84,0.5171,4,119.5205,DANGER,2,Dangerous
192.5,0.84,0.5168,4,119.5826,DANGER,2,Dangerous
192.6,0.84,0.5165,4,119.6448,DANGER,2,Dangerous
192.7,0.84,0.5163,4,119.7069,DANGER,2,Dangerous
192.8,0.84,0.516,4,119.769,DANGER,2,Dangerous
192.9,0.84,0.5157,4,119.8311,DANGER,2,Dangerous
193.0,0.83,0.5155,4,120.3005,DANGER,2,Dangerous
193.1,0.83,0.5152,4,120.3628,DANGER,2,Dangerous
193.2,0.83,0.5149,4,120.4252,DANGER,2,Dangerous
193.3,0.83,0.5147,4,120.4875,DANGER,2,Dangerous
193.4,0.83,0.5144,4,120.5498,DANGER,2,Dangerous
193.5,0.83,0.5141,4,120.6122,DANGER,2,Dangerous
193.6,0.83,0.5139,4,120.6745,DANGER,2,Dangerous
193.7,0.83,0.5136,4,120.7368,DANGER,2,Dangerous
193.8,0.83,0.5133,4,120.7991,DANGER,2,Dangerous
193.9,0.83,0.5131,4,120.8615,DANGER,2,Dangerous
194.0,0.83,0.5128,4,120.9238,DANGER,2,Dangerous
194.1,0.83,0.5126,4,120.9861,DANGER,2,Dangerous
194.2,0.82,0.5123,4,121.4633,DANGER,2,Dangerous
194.3,0.82,0.512,4,121.5259,DANGER,2,Dangerous
194.4,0.82,0.5118,4,121.5884,DANGER,2,Dangerous
194.5,0.82,0.5115,4,121.651,DANGER,2,Dangerous
194.6,0.82,0.5112,4,121.7135,DANGER,2,Dangerous
194.7,0.82,0.511,4,121.7761,DANGER,2,Dangerous
194.8,0.82,0.5107,4,121.8386,DANGER,2,Dangerous
194.9,0.82,0.5105,4,121.9011,DANGER,2,Dangerous
195.0,0.82,0.5102,4,121.9637,DANGER,2,Dangerous
195.1,0.82,0.5099,4,122.0262,DANGER,2,Dangerous
195.2,0.82,0.5097,4,122.0888,DANGER,2,Dangerous
195.3,0.82,0.5094,4,122.1513,DANGER,2,Dangerous
195.4,0.81,0.5092,4,122.6365,DANGER,2,Dangerous
195.5,0.81,0.5089,4,122.6992,DANGER,2,Dangerous
195.6,0.81,0.5086,4,122.762,DANGER,2,Dangerous
195.7,0.81,0.5084,4,122.8248,DANGER,2,Dangerous
195.8,0.81,0.5081,4,122.8875,DANGER,2,Dangerous
195.9,0.81,0.5079,4,122.9503,DANGER,2,Dangerous
196.0,0.81,0.5076,4,123.0131,DANGER,2,Dangerous
196.1,0.81,0.5074,4,123.0758,DANGER,2,Dangerous
196.2,0.81,0.5071,4,123.1386,DANGER,2,Dangerous
196.3,0.81,0.5068,4,123.2013,DANGER,2,Dangerous
196.4,0.81,0.5066,4,123.2641,DANGER,2,Dangerous
196.5,0.81,0.5063,4,123.3269,DANGER,2,Dangerous
196.6,0.8,0.5061,4,123.8202,DANGER,2,Dangerous
196.7,0.8,0.5058,4,123.8831,DANGER,2,Dangerous
196.8,0.8,0.5056,4,123.9461,DANGER,2,Dangerous
196.9,0.8,0.5053,4,124.0091,DANGER,2,Dangerous
197.0,0.8,0.5051,4,124.0721,DANGER,2,Dangerous
197.1,0.8,0.5048,4,124.1351,DANGER,2,Dangerous
197.2,0.8,0.5045,4,124.198,DANGER,2,Dangerous
197.3,0.8,0.5043,4,124.261,DANGER,2,Dangerous
197.4,0.8,0.504,4,124.324,DANGER,2,Dangerous
197.5,0.8,0.5038,4,124.387,DANGER,2,Dangerous
197.6,0.8,0.5035,4,124.45,DANGER,2,Dangerous
197.7,0.8,0.5033,4,124.5129,DANGER,2,Dangerous
197.8,0.79,0.503,4,125.0146,DANGER,2,Dangerous
197.9,0.79,0.5028,4,125.0778,DANGER,2,Dangerous
198.0,0.79,0.5025,4,125.141,DANGER,2,Dangerous
198.1,0.79,0.5023,4,125.2042,DANGER,2,Dangerous
198.2,0.79,0.502,4,125.2674,DANGER,2,Dangerous
198.3,0.79,0.5018,4,125.3306,DANGER,2,Dangerous
198.4,0.79,0.5015,4,125.3938,DANGER,2,Dangerous
198.5,0.79,0.5013,4,125.457,DANGER,2,Dangerous
198.6,0.79,0.501,4,125.5202,DANGER,2,Dangerous
198.7,0.79,0.5008,4,125.5834,DANGER,2,Dangerous
198.8,0.79,0.5005,4,125.6466,DANGER,2,Dangerous
198.9,0.79,0.5003,4,125.7098,DANGER,2,Dangerous
199.0,0.79,0.5,4,125.773,DANGER,2,Dangerous
199.1,0.78,0.4998,4,126.2833,DANGER,2,Dangerous
199.2,0.78,0.4995,4,126.3468,DANGER,2,Dangerous
199.3,0.78,0.4993,4,126.4102,DANGER,2,Dangerous
199.4,0.78,0.499,4,126.4736,DANGER,2,Dangerous
199.5,0.78,0.4988,4,126.537,DANGER,2,Dangerous
199.6,0.78,0.4985,4,126.6005,DANGER,2,Dangerous
199.7,0.78,0.4983,4,126.6639,DANGER,2,Dangerous
199.8,0.78,0.498,4,126.7273,DANGER,2,Dangerous
199.9,0.78,0.4978,4,126.7908,DANGER,2,Dangerous
200.0,0.78,0.4975,4,126.8542,DANGER,2,Dangerous
200.1,0.78,0.4973,4,126.9176,DANGER,2,Dangerous
200.2,0.78,0.497,4,126.981,DANGER,2,Dangerous
200.3,0.78,0.4968,4,127.0445,DANGER,2,Dangerous
200.4,0.77,0.4965,4,127.5637,DANGER,2,Dangerous
200.5,0.77,0.4963,4,127.6274,DANGER,2,Dangerous
200.6,0.77,0.496,4,127.691,DANGER,2,Dangerous
200.7,0.77,0.4958,4,127.7547,DANGER,2,Dangerous
200.8,0.77,0.4955,4,127.8183,DANGER,2,Dangerous
200.9,0.77,0.4953,4,127.882,DANGER,2,Dangerous
201.0,0.77,0.495,4,127.9457,DANGER,2,Dangerous
201.1,0.77,0.4948,4,128.0093,DANGER,2,Dangerous
201.2,0.77,0.4946,4,128.073,DANGER,2,Dangerous
201.3,0.77,0.4943,4,128.1366,DANGER,2,Dangerous
201.4,0.77,0.4941,4,128.2003,DANGER,2,Dangerous
201.5,0.77,0.4938,4,128.2639,DANGER,2,Dangerous
201.6,0.77,0.4936,4,128.3276,DANGER,2,Dangerous
201.7,0.76,0.4933,4,128.856,DANGER,2,Dangerous
201.8,0.76,0.4931,4,128.9198,DANGER,2,Dangerous
201.9,0.76,0.4929,4,128.9837,DANGER,2,Dangerous
202.0,0.76,0.4926,4,129.0476,DANGER,2,Dangerous
202.1,0.76,0.4924,4,129.1115,DANGER,2,Dangerous
202.2,0.76,0.4921,4,129.1754,DANGER,2,Dangerous
202.3,0.76,0.4919,4,129.2393,DANGER,2,Dangerous
202.4,0.76,0.4916,4,129.3031,DANGER,2,Dangerous
202.5,0.76,0.4914,4,129.367,DANGER,2,Dangerous
202.6,0.76,0.4912,4,129.4309,DANGER,2,Dangerous
202.7,0.76,0.4909,4,129.4948,DANGER,2,Dangerous
202.8,0.76,0.4907,4,129.5587,DANGER,2,Dangerous
202.9,0.76,0.4904,4,129.6226,DANGER,2,Dangerous
203.0,0.75,0.4902,4,130.1603,DANGER,2,Dangerous
203.1,0.75,0.49,4,130.2244,DANGER,2,Dangerous
203.2,0.75,0.4897,4,130.2885,DANGER,2,Dangerous
203.3,0.75,0.4895,4,130.3526,DANGER,2,Dangerous
203.4,0.75,0.4892,4,130.4167,DANGER,2,Dangerous
203.5,0.75,0.489,4,130.4809,DANGER,2,Dangerous
203.6,0.75,0.4888,4,130.545,DANGER,2,Dangerous
203.7,0.75,0.4885,4,130.6091,DANGER,2,Dangerous
203.8,0.75,0.4883,4,130.6732,DANGER,2,Dangerous
203.9,0.75,0.488,4,130.7373,DANGER,2,Dangerous
204.0,0.75,0.4878,4,130.8014,DANGER,2,Dangerous
204.1,0.75,0.4876,4,130.8656,DANGER,2,Dangerous
204.2,0.75,0.4873,4,130.9297,DANGER,2,Dangerous
204.3,0.75,0.4871,4,130.9938,DANGER,2,Dangerous
204.4,0.74,0.4869,4,131.5413,DANGER,2,Dangerous
204.5,0.74,0.4866,4,131.6056,DANGER,2,Dangerous
204.6,0.74,0.4864,4,131.67,DANGER,2,Dangerous
204.7,0.74,0.4861,4,131.7343,DANGER,2,Dangerous
204.8,0.74,0.4859,4,131.7987,DANGER,2,Dangerous
204.9,0.74,0.4857,4,131.863,DANGER,2,Dangerous
205.0,0.74,0.4854,4,131.9274,DANGER,2,Dangerous
205.1,0.74,0.4852,4,131.9917,DANGER,2,Dangerous
205.2,0.74,0.485,4,132.0561,DANGER,2,Dangerous
205.3,0.74,0.4847,4,132.1204,DANGER,2,Dangerous
205.4,0.74,0.4845,4,132.1848,DANGER,2,Dangerous
205.5,0.74,0.4843,4,132.2492,DANGER,2,Dangerous
205.6,0.74,0.484,4,132.3135,DANGER,2,Dangerous
205.7,0.74,0.4838,4,132.3779,DANGER,2,Dangerous
205.8,0.73,0.4836,4,132.9353,DANGER,2,Dangerous
205.9,0.73,0.4833,4,132.9999,DANGER,2,Dangerous
206.0,0.73,0.4831,4,133.0645,DANGER,2,Dangerous
206.1,0.73,0.4829,4,133.1291,DANGER,2,Dangerous
206.2,0.73,0.4826,4,133.1937,DANGER,2,Dangerous
206.3,0.73,0.4824,4,133.2583,DANGER,2,Dangerous
206.4,0.73,0.4822,4,133.3229,DANGER,2,Dangerous
206.5,0.73,0.4819,4,133.3875,DANGER,2,Dangerous
206.6,0.73,0.4817,4,133.4521,DANGER,2,Dangerous
206.7,0.73,0.4815,4,133.5167,DANGER,2,Dangerous
206.8,0.73,0.4812,4,133.5813,DANGER,2,Dangerous
206.9,0.73,0.481,4,133.6458,DANGER,2,Dangerous
207.0,0.73,0.4808,4,133.7104,DANGER,2,Dangerous
207.1,0.73,0.4805,4,133.775,DANGER,2,Dangerous
207.2,0.72,0.4803,4,134.3427,DANGER,2,Dangerous
207.3,0.72,0.4801,4,134.4075,DANGER,2,Dangerous
207.4,0.72,0.4798,4,134.4724,DANGER,2,Dangerous
207.5,0.72,0.4796,4,134.5372,DANGER,2,Dangerous
207.6,0.72,0.4794,4,134.602,DANGER,2,Dangerous
207.7,0.72,0.4792,4,134.6669,DANGER,2,Dangerous
207.8,0.72,0.4789,4,134.7317,DANGER,2,Dangerous
207.9,0.72,0.4787,4,134.7966,DANGER,2,Dangerous
208.0,0.72,0.4785,4,134.8614,DANGER,2,Dangerous
208.1,0.72,0.4782,4,134.9262,DANGER,2,Dangerous
208.2,0.72,0.478,4,134.9911,DANGER,2,Dangerous
208.3,0.72,0.4778,4,135.0559,DANGER,2,Dangerous
208.4,0.72,0.4776,4,135.1207,DANGER,2,Dangerous
208.5,0.72,0.4773,4,135.1856,DANGER,2,Dangerous
208.6,0.72,0.4771,4,135.2504,DANGER,2,Dangerous
208.7,0.71,0.4769,4,135.8288,DANGER,2,Dangerous
208.8,0.71,0.4766,4,135.8939,DANGER,2,Dangerous
208.9,0.71,0.4764,4,135.9589,DANGER,2,Dangerous
209.0,0.71,0.4762,4,136.024,DANGER,2,Dangerous
209.1,0.71,0.476,4,136.0891,DANGER,2,Dangerous
209.2,0.71,0.4757,4,136.1542,DANGER,2,Dangerous
209.3,0.71,0.4755,4,136.2193,DANGER,2,Dangerous
209.4,0.71,0.4753,4,136.2843,DANGER,2,Dangerous
209.5,0.71,0.4751,4,136.3494,DANGER,2,Dangerous
209.6,0.71,0.4748,4,136.4145,DANGER,2,Dangerous
209.7,0.71,0.4746,4,136.4796,DANGER,2,Dangerous
209.8,0.71,0.4744,4,136.5447,DANGER,2,Dangerous
209.9,0.71,0.4742,4,136.6098,DANGER,2,Dangerous
210.0,0.71,0.4739,4,136.6748,DANGER,2,Dangerous
210.1,0.7,0.4737,4,137.2639,DANGER,2,Dangerous
210.2,0.7,0.4735,4,137.3292,DANGER,2,Dangerous
210.3,0.7,0.4733,4,137.3946,DANGER,2,Dangerous
210.4,0.7,0.473,4,137.4599,DANGER,2,Dangerous
210.5,0.7,0.4728,4,137.5252,DANGER,2,Dangerous
210.6,0.7,0.4726,4,137.5906,DANGER,2,Dangerous
210.7,0.7,0.4724,4,137.6559,DANGER,2,Dangerous
210.8,0.7,0.4721,4,137.7212,DANGER,2,Dangerous
210.9,0.7,0.4719,4,137.7866,DANGER,2,Dangerous
211.0,0.7,0.4717,4,137.8519,DANGER,2,Dangerous
211.1,0.7,0.4715,4,137.9172,DANGER,2,Dangerous
211.2,0.7,0.4713,4,137.9826,DANGER,2,Dangerous
211.3,0.7,0.471,4,138.0479,DANGER,2,Dangerous
211.4,0.7,0.4708,4,138.1132,DANGER,2,Dangerous
211.5,0.7,0.4706,4,138.1786,DANGER,2,Dangerous
211.6,0.7,0.4704,4,138.2439,DANGER,2,Dangerous
211.7,0.69,0.4701,4,138.8444,DANGER,2,Dangerous
211.8,0.69,0.4699,4,138.91,DANGER,2,Dangerous
211.9,0.69,0.4697,4,138.9756,DANGER,2,Dangerous
212.0,0.69,0.4695,4,139.0411,DANGER,2,Dangerous
212.1,0.69,0.4693,4,139.1067,DANGER,2,Dangerous
212.2,0.69,0.469,4,139.1723,DANGER,2,Dangerous
212.3,0.69,0.4688,4,139.2379,DANGER,2,Dangerous
212.4,0.69,0.4686,4,139.3035,DANGER,2,Dangerous
212.5,0.69,0.4684,4,139.3691,DANGER,2,Dangerous
212.6,0.69,0.4682,4,139.4347,DANGER,2,Dangerous
212.7,0.69,0.4679,4,139.5002,DANGER,2,Dangerous
212.8,0.69,0.4677,4,139.5658,DANGER,2,Dangerous
212.9,0.69,0.4675,4,139.6314,DANGER,2,Dangerous
213.0,0.69,0.4673,4,139.697,DANGER,2,Dangerous
213.1,0.69,0.4671,4,139.7626,DANGER,2,Dangerous
213.2,0.68,0.4669,4,140.3746,DANGER,2,Dangerous
213.3,0.68,0.4666,4,140.4404,DANGER,2,Dangerous
213.4,0.68,0.4664,4,140.5062,DANGER,2,Dangerous
213.5,0.68,0.4662,4,140.5721,DANGER,2,Dangerous
213.6,0.68,0.466,4,140.6379,DANGER,2,Dangerous
213.7,0.68,0.4658,4,140.7038,DANGER,2,Dangerous
213.8,0.68,0.4655,4,140.7696,DANGER,2,Dangerous
213.9,0.68,0.4653,4,140.8354,DANGER,2,Dangerous
214.0,0.68,0.4651,4,140.9013,DANGER,2,Dangerous
214.1,0.68,0.4649,4,140.9671,DANGER,2,Dangerous
214.2,0.68,0.4647,4,141.033,DANGER,2,Dangerous
214.3,0.68,0.4645,4,141.0988,DANGER,2,Dangerous
214.4,0.68,0.4643,4,141.1647,DANGER,2,Dangerous
214.5,0.68,0.464,4,141.2305,DANGER,2,Dangerous
214.6,0.68,0.4638,4,141.2963,DANGER,2,Dangerous
214.7,0.68,0.4636,4,141.3622,DANGER,2,Dangerous
214.8,0.67,0.4634,4,141.9861,DANGER,2,Dangerous
214.9,0.67,0.4632,4,142.0523,DANGER,2,Dangerous
215.0,0.67,0.463,4,142.1184,DANGER,2,Dangerous
215.1,0.67,0.4627,4,142.1845,DANGER,2,Dangerous
215.2,0.67,0.4625,4,142.2506,DANGER,2,Dangerous
215.3,0.67,0.4623,4,142.3167,DANGER,2,Dangerous
215.4,0.67,0.4621,4,142.3828,DANGER,2,Dangerous
215.5,0.67,0.4619,4,142.4489,DANGER,2,Dangerous
215.6,0.67,0.4617,4,142.515,DANGER,2,Dangerous
215.7,0.67,0.4615,4,142.5811,DANGER,2,Dangerous
215.8,0.67,0.4613,4,142.6472,DANGER,2,Dangerous
215.9,0.67,0.461,4,142.7133,DANGER,2,Dangerous
216.0,0.67,0.4608,4,142.7794,DANGER,2,Dangerous
216.1,0.67,0.4606,4,142.8455,DANGER,2,Dangerous
216.2,0.67,0.4604,4,142.9116,DANGER,2,Dangerous
216.3,0.67,0.4602,4,142.9777,DANGER,2,Dangerous
216.4,0.66,0.46,4,143.6139,DANGER,2,Dangerous
216.5,0.66,0.4598,4,143.6803,DANGER,2,Dangerous
216.6,0.66,0.4596,4,143.7467,DANGER,2,Dangerous
216.7,0.66,0.4593,4,143.813,DANGER,2,Dangerous
216.8,0.66,0.4591,4,143.8794,DANGER,2,Dangerous
216.9,0.66,0.4589,4,143.9458,DANGER,2,Dangerous
217.0,0.66,0.4587,4,144.0121,DANGER,2,Dangerous
217.1,0.66,0.4585,4,144.0785,DANGER,2,Dangerous
217.2,0.66,0.4583,4,144.1449,DANGER,2,Dangerous
217.3,0.66,0.4581,4,144.2112,DANGER,2,Dangerous
217.4,0.66,0.4579,4,144.2776,DANGER,2,Dangerous
217.5,0.66,0.4577,4,144.3439,DANGER,2,Dangerous
217.6,0.66,0.4575,4,144.4103,DANGER,2,Dangerous
217.7,0.66,0.4572,4,144.4767,DANGER,2,Dangerous
217.8,0.66,0.457,4,144.543,DANGER,2,Dangerous
217.9,0.66,0.4568,4,144.6094,DANGER,2,Dangerous
218.0,0.66,0.4566,4,144.6758,DANGER,2,Dangerous
218.1,0.65,0.4564,4,145.3249,DANGER,2,Dangerous
218.2,0.65,0.4562,4,145.3915,DANGER,2,Dangerous
218.3,0.65,0.456,4,145.4582,DANGER,2,Dangerous
218.4,0.65,0.4558,4,145.5248,DANGER,2,Dangerous
218.5,0.65,0.4556,4,145.5914,DANGER,2,Dangerous
218.6,0.65,0.4554,4,145.658,DANGER,2,Dangerous
218.7,0.65,0.4552,4,145.7247,DANGER,2,Dangerous
218.8,0.65,0.455,4,145.7913,DANGER,2,Dangerous
218.9,0.65,0.4548,4,145.8579,DANGER,2,Dangerous
219.0,0.65,0.4545,4,145.9246,DANGER,2,Dangerous
219.1,0.65,0.4543,4,145.9912,DANGER,2,Dangerous
219.2,0.65,0.4541,4,146.0578,DANGER,2,Dangerous
219.3,0.65,0.4539,4,146.1245,DANGER,2,Dangerous
219.4,0.65,0.4537,4,146.1911,DANGER,2,Dangerous
219.5,0.65,0.4535,4,146.2577,DANGER,2,Dangerous
219.6,0.65,0.4533,4,146.3244,DANGER,2,Dangerous
219.7,0.64,0.4531,4,146.9864,DANGER,2,Dangerous
219.8,0.64,0.4529,4,147.0533,DANGER,2,Dangerous
219.9,0.64,0.4527,4,147.1202,DANGER,2,Dangerous
220.0,0.64,0.4525,4,147.1871,DANGER,2,Dangerous
220.1,0.64,0.4523,4,147.254,DANGER,2,Dangerous
220.2,0.64,0.4521,4,147.3209,DANGER,2,Dangerous
220.3,0.64,0.4519,4,147.3878,DANGER,2,Dangerous
220.4,0.64,0.4517,4,147.4547,DANGER,2,Dangerous
220.5,0.64,0.4515,4,147.5216,DANGER,2,Dangerous
220.6,0.64,0.4513,4,147.5885,DANGER,2,Dangerous
220.7,0.64,0.4511,4,147.6554,DANGER,2,Dangerous
220.8,0.64,0.4509,4,147.7223,DANGER,2,Dangerous
220.9,0.64,0.4507,4,147.7892,DANGER,2,Dangerous
221.0,0.64,0.4505,4,147.8561,DANGER,2,Dangerous
221.1,0.64,0.4502,4,147.923,DANGER,2,Dangerous
221.2,0.64,0.45,4,147.9899,DANGER,2,Dangerous
221.3,0.64,0.4498,4,148.0568,DANGER,2,Dangerous
221.4,0.64,0.4496,4,148.1237,DANGER,2,Dangerous
221.5,0.63,0.4494,4,148.7995,DANGER,2,Dangerous
221.6,0.63,0.4492,4,148.8667,DANGER,2,Dangerous
221.7,0.63,0.449,4,148.9339,DANGER,2,Dangerous
221.8,0.63,0.4488,4,149.0011,DANGER,2,Dangerous
221.9,0.63,0.4486,4,149.0682,DANGER,2,Dangerous
222.0,0.63,0.4484,4,149.1354,DANGER,2,Dangerous
222.1,0.63,0.4482,4,149.2026,DANGER,2,Dangerous
222.2,0.63,0.448,4,149.2698,DANGER,2,Dangerous
222.3,0.63,0.4478,4,149.337,DANGER,2,Dangerous
222.4,0.63,0.4476,4,149.4041,DANGER,2,Dangerous
222.5,0.63,0.4474,4,149.4713,DANGER,2,Dangerous
222.6,0.63,0.4472,4,149.5385,DANGER,2,Dangerous
222.7,0.63,0.447,4,149.6057,DANGER,2,Dangerous
222.8,0.63,0.4468,4,149.6728,DANGER,2,Dangerous
222.9,0.63,0.4466,4,149.74,DANGER,2,Dangerous
223.0,0.63,0.4464,4,149.8072,DANGER,2,Dangerous
223.1,0.63,0.4462,4,149.8744,DANGER,2,Dangerous
223.2,0.62,0.446,4,150.564,DANGER,2,Dangerous
223.3,0.62,0.4458,4,150.6314,DANGER,2,Dangerous
223.4,0.62,0.4456,4,150.6989,DANGER,2,Dangerous
223.5,0.62,0.4454,4,150.7664,DANGER,2,Dangerous
223.6,0.62,0.4452,4,150.8338,DANGER,2,Dangerous
223.7,0.62,0.445,4,150.9013,DANGER,2,Dangerous
223.8,0.62,0.4448,4,150.9687,DANGER,2,Dangerous
223.9,0.62,0.4446,4,151.0362,DANGER,2,Dangerous
224.0,0.62,0.4444,4,151.1036,DANGER,2,Dangerous
224.1,0.62,0.4442,4,151.1711,DANGER,2,Dangerous
224.2,0.62,0.444,4,151.2386,DANGER,2,Dangerous
224.3,0.62,0.4439,4,151.306,DANGER,2,Dangerous
224.4,0.62,0.4437,4,151.3735,DANGER,2,Dangerous
224.5,0.62,0.4435,4,151.4409,DANGER,2,Dangerous
224.6,0.62,0.4433,4,151.5084,DANGER,2,Dangerous
224.7,0.62,0.4431,4,151.5758,DANGER,2,Dangerous
224.8,0.62,0.4429,4,151.6433,DANGER,2,Dangerous
224.9,0.62,0.4427,4,151.7108,DANGER,2,Dangerous
225.0,0.62,0.4425,4,151.7782,DANGER,2,Dangerous
225.1,0.61,0.4423,4,152.4826,DANGER,2,Dangerous
225.2,0.61,0.4421,4,152.5503,DANGER,2,Dangerous
225.3,0.61,0.4419,4,152.6181,DANGER,2,Dangerous
225.4,0.61,0.4417,4,152.6858,DANGER,2,Dangerous
225.5,0.61,0.4415,4,152.7535,DANGER,2,Dangerous
225.6,0.61,0.4413,4,152.8213,DANGER,2,Dangerous
225.7,0.61,0.4411,4,152.889,DANGER,2,Dangerous
225.8,0.61,0.4409,4,152.9568,DANGER,2,Dangerous
225.9,0.61,0.4407,4,153.0245,DANGER,2,Dangerous
226.0,0.61,0.4405,4,153.0922,DANGER,2,Dangerous
226.1,0.61,0.4403,4,153.16,DANGER,2,Dangerous
226.2,0.61,0.4401,4,153.2277,DANGER,2,Dangerous
226.3,0.61,0.4399,4,153.2955,DANGER,2,Dangerous
226.4,0.61,0.4398,4,153.3632,DANGER,2,Dangerous
226.5,0.61,0.4396,4,153.4309,DANGER,2,Dangerous
226.6,0.61,0.4394,4,153.4987,DANGER,2,Dangerous
226.7,0.61,0.4392,4,153.5664,DANGER,2,Dangerous
226.8,0.61,0.439,4,153.6342,DANGER,2,Dangerous
226.9,0.6,0.4388,4,154.3534,DANGER,2,Dangerous
227.0,0.6,0.4386,4,154.4214,DANGER,2,Dangerous
227.1,0.6,0.4384,4,154.4894,DANGER,2,Dangerous
227.2,0.6,0.4382,4,154.5574,DANGER,2,Dangerous
227.3,0.6,0.438,4,154.6255,DANGER,2,Dangerous
227.4,0.6,0.4378,4,154.6935,DANGER,2,Dangerous
227.5,0.6,0.4376,4,154.7615,DANGER,2,Dangerous
227.6,0.6,0.4374,4,154.8295,DANGER,2,Dangerous
227.7,0.6,0.4373,4,154.8976,DANGER,2,Dangerous
227.8,0.6,0.4371,4,154.9656,DANGER,2,Dangerous
227.9,0.6,0.4369,4,155.0336,DANGER,2,Dangerous
228.0,0.6,0.4367,4,155.1017,DANGER,2,Dangerous
228.1,0.6,0.4365,4,155.1697,DANGER,2,Dangerous
228.2,0.6,0.4363,4,155.2377,DANGER,2,Dangerous
228.3,0.6,0.4361,4,155.3057,DANGER,2,Dangerous
228.4,0.6,0.4359,4,155.3738,DANGER,2,Dangerous
228.5,0.6,0.4357,4,155.4418,DANGER,2,Dangerous
228.6,0.6,0.4355,4,155.5098,DANGER,2,Dangerous
228.7,0.6,0.4354,4,155.5778,DANGER,2,Dangerous
228.8,0.59,0.4352,4,156.3126,DANGER,2,Dangerous
228.9,0.59,0.435,4,156.3809,DANGER,2,Dangerous
229.0,0.59,0.4348,4,156.4492,DANGER,2,Dangerous
229.1,0.59,0.4346,4,156.5175,DANGER,2,Dangerous
229.2,0.59,0.4344,4,156.5858,DANGER,2,Dangerous
229.3,0.59,0.4342,4,156.6541,DANGER,2,Dangerous
229.4,0.59,0.434,4,156.7225,DANGER,2,Dangerous
229.5,0.59,0.4338,4,156.7908,DANGER,2,Dangerous
229.6,0.59,0.4337,4,156.8591,DANGER,2,Dangerous
229.7,0.59,0.4335,4,156.9274,DANGER,2,Dangerous
229.8,0.59,0.4333,4,156.9957,DANGER,2,Dangerous
229.9,0.59,0.4331,4,157.0641,DANGER,2,Dangerous
230.0,0.59,0.4329,4,157.1324,DANGER,2,Dangerous
230.1,0.59,0.4327,4,157.2007,DANGER,2,Dangerous
230.2,0.59,0.4325,4,157.269,DANGER,2,Dangerous
230.3,0.59,0.4323,4,157.3373,DANGER,2,Dangerous
230.4,0.59,0.4322,4,157.4056,DANGER,2,Dangerous
230.5,0.59,0.432,4,157.474,DANGER,2,Dangerous
230.6,0.59,0.4318,4,157.5423,DANGER,2,Dangerous
230.7,0.59,0.4316,4,157.6106,DANGER,2,Dangerous
230.8,0.58,0.4314,4,158.3615,DANGER,2,Dangerous
230.9,0.58,0.4312,4,158.4301,DANGER,2,Dangerous
231.0,0.58,0.431,4,158.4987,DANGER,2,Dangerous
231.1,0.58,0.4308,4,158.5674,DANGER,2,Dangerous
231.2,0.58,0.4307,4,158.636,DANGER,2,Dangerous
231.3,0.58,0.4305,4,158.7046,DANGER,2,Dangerous
231.4,0.58,0.4303,4,158.7732,DANGER,2,Dangerous
231.5,0.58,0.4301,4,158.8418,DANGER,2,Dangerous
231.6,0.58,0.4299,4,158.9104,DANGER,2,Dangerous
231.7,0.58,0.4297,4,158.979,DANGER,2,Dangerous
231.8,0.58,0.4296,4,159.0477,DANGER,2,Dangerous
231.9,0.58,0.4294,4,159.1163,DANGER,2,Dangerous
232.0,0.58,0.4292,4,159.1849,DANGER,2,Dangerous
232.1,0.58,0.429,4,159.2535,DANGER,2,Dangerous
232.2,0.58,0.4288,4,159.3221,DANGER,2,Dangerous
232.3,0.58,0.4286,4,159.3907,DANGER,2,Dangerous
232.4,0.58,0.4284,4,159.4593,DANGER,2,Dangerous
232.5,0.58,0.4283,4,159.528,DANGER,2,Dangerous
232.6,0.58,0.4281,4,159.5966,DANGER,2,Dangerous
232.7,0.58,0.4279,4,159.6652,DANGER,2,Dangerous
232.8,0.57,0.4277,4,160.4327,DANGER,2,Dangerous
232.9,0.57,0.4275,4,160.5016,DANGER,2,Dangerous
233.0,0.57,0.4274,4,160.5705,DANGER,2,Dangerous
233.1,0.57,0.4272,4,160.6395,DANGER,2,Dangerous
233.2,0.57,0.427,4,160.7084,DANGER,2,Dangerous
233.3,0.57,0.4268,4,160.7773,DANGER,2,Dangerous
233.4,0.57,0.4266,4,160.8462,DANGER,2,Dangerous
233.5,0.57,0.4264,4,160.9151,DANGER,2,Dangerous
233.6,0.57,0.4263,4,160.984,DANGER,2,Dangerous
233.7,0.57,0.4261,4,161.0529,DANGER,2,Dangerous
233.8,0.57,0.4259,4,161.1219,DANGER,2,Dangerous
233.9,0.57,0.4257,4,161.1908,DANGER,2,Dangerous
234.0,0.57,0.4255,4,161.2597,DANGER,2,Dangerous
234.1,0.57,0.4254,4,161.3286,DANGER,2,Dangerous
234.2,0.57,0.4252,4,161.3975,DANGER,2,Dangerous
234.3,0.57,0.425,4,161.4664,DANGER,2,Dangerous
234.4,0.57,0.4248,4,161.5353,DANGER,2,Dangerous
234.5,0.57,0.4246,4,161.6043,DANGER,2,Dangerous
234.6,0.57,0.4244,4,161.6732,DANGER,2,Dangerous
234.7,0.57,0.4243,4,161.7421,DANGER,2,Dangerous
234.8,0.57,0.4241,4,161.811,DANGER,2,Dangerous
234.9,0.56,0.4239,4,162.5959,DANGER,2,Dangerous
235.0,0.56,0.4237,4,162.6651,DANGER,2,Dangerous
235.1,0.56,0.4235,4,162.7343,DANGER,2,Dangerous
235.2,0.56,0.4234,4,162.8036,DANGER,2,Dangerous
235.3,0.56,0.4232,4,162.8728,DANGER,2,Dangerous
235.4,0.56,0.423,4,162.942,DANGER,2,Dangerous
235.5,0.56,0.4228,4,163.0112,DANGER,2,Dangerous
235.6,0.56,0.4227,4,163.0804,DANGER,2,Dangerous
235.7,0.56,0.4225,4,163.1497,DANGER,2,Dangerous
235.8,0.56,0.4223,4,163.2189,DANGER,2,Dangerous
235.9,0.56,0.4221,4,163.2881,DANGER,2,Dangerous
236.0,0.56,0.4219,4,163.3573,DANGER,2,Dangerous
236.1,0.56,0.4218,4,163.4265,DANGER,2,Dangerous
236.2,0.56,0.4216,4,163.4958,DANGER,2,Dangerous
236.3,0.56,0.4214,4,163.565,DANGER,2,Dangerous
236.4,0.56,0.4212,4,163.6342,DANGER,2,Dangerous
236.5,0.56,0.4211,4,163.7034,DANGER,2,Dangerous
236.6,0.56,0.4209,4,163.7726,DANGER,2,Dangerous
236.7,0.56,0.4207,4,163.8419,DANGER,2,Dangerous
236.8,0.56,0.4205,4,163.9111,DANGER,2,Dangerous
236.9,0.56,0.4203,4,163.9803,DANGER,2,Dangerous
237.0,0.55,0.4202,4,164.783,DANGER,2,Dangerous
237.1,0.55,0.42,4,164.8526,DANGER,2,Dangerous
237.2,0.55,0.4198,4,164.9221,DANGER,2,Dangerous
237.3,0.55,0.4196,4,164.9916,DANGER,2,Dangerous
237.4,0.55,0.4195,4,165.0611,DANGER,2,Dangerous
237.5,0.55,0.4193,4,165.1307,DANGER,2,Dangerous
237.6,0.55,0.4191,4,165.2002,DANGER,2,Dangerous
237.7,0.55,0.4189,4,165.2697,DANGER,2,Dangerous
237.8,0.55,0.4188,4,165.3393,DANGER,2,Dangerous
237.9,0.55,0.4186,4,165.4088,DANGER,2,Dangerous
238.0,0.55,0.4184,4,165.4783,DANGER,2,Dangerous
238.1,0.55,0.4182,4,165.5478,DANGER,2,Dangerous
238.2,0.55,0.4181,4,165.6174,DANGER,2,Dangerous
238.3,0.55,0.4179,4,165.6869,DANGER,2,Dangerous
238.4,0.55,0.4177,4,165.7564,DANGER,2,Dangerous
238.5,0.55,0.4175,4,165.826,DANGER,2,Dangerous
238.6,0.55,0.4174,4,165.8955,DANGER,2,Dangerous
238.7,0.55,0.4172,4,165.965,DANGER,2,Dangerous
238.8,0.55,0.417,4,166.0345,DANGER,2,Dangerous
238.9,0.55,0.4168,4,166.1041,DANGER,2,Dangerous
239.0,0.55,0.4167,4,166.1736,DANGER,2,Dangerous
239.1,0.54,0.4165,4,166.9946,DANGER,2,Dangerous
239.2,0.54,0.4163,4,167.0645,DANGER,2,Dangerous
239.3,0.54,0.4161,4,167.1343,DANGER,2,Dangerous
239.4,0.54,0.416,4,167.2042,DANGER,2,Dangerous
239.5,0.54,0.4158,4,167.274,DANGER,2,Dangerous
239.6,0.54,0.4156,4,167.3439,DANGER,2,Dangerous
239.7,0.54,0.4155,4,167.4137,DANGER,2,Dangerous
239.8,0.54,0.4153,4,167.4835,DANGER,2,Dangerous
239.9,0.54,0.4151,4,167.5534,DANGER,2,Dangerous
240.0,0.54,0.4149,4,167.6232,DANGER,2,Dangerous
240.1,0.54,0.4148,4,167.6931,DANGER,2,Dangerous
240.2,0.54,0.4146,4,167.7629,DANGER,2,Dangerous
240.3,0.54,0.4144,4,167.8328,DANGER,2,Dangerous
240.4,0.54,0.4143,4,167.9026,DANGER,2,Dangerous
240.5,0.54,0.4141,4,167.9724,DANGER,2,Dangerous
240.6,0.54,0.4139,4,168.0423,DANGER,2,Dangerous
240.7,0.54,0.4137,4,168.1121,DANGER,2,Dangerous
240.8,0.54,0.4136,4,168.182,DANGER,2,Dangerous
240.9,0.54,0.4134,4,168.2518,DANGER,2,Dangerous
241.0,0.54,0.4132,4,168.3217,DANGER,2,Dangerous
241.1,0.54,0.4131,4,168.3915,DANGER,2,Dangerous
241.2,0.54,0.4129,4,168.4614,DANGER,2,Dangerous
241.3,0.54,0.4127,4,168.5312,DANGER,2,Dangerous
241.4,0.53,0.4125,4,169.3717,DANGER,2,Dangerous
241.5,0.53,0.4124,4,169.4418,DANGER,2,Dangerous
241.6,0.53,0.4122,4,169.512,DANGER,2,Dangerous
241.7,0.53,0.412,4,169.5822,DANGER,2,Dangerous
241.8,0.53,0.4119,4,169.6523,DANGER,2,Dangerous
241.9,0.53,0.4117,4,169.7225,DANGER,2,Dangerous
242.0,0.53,0.4115,4,169.7927,DANGER,2,Dangerous
242.1,0.53,0.4114,4,169.8628,DANGER,2,Dangerous
242.2,0.53,0.4112,4,169.933,DANGER,2,Dangerous
242.3,0.53,0.411,4,170.0031,DANGER,2,Dangerous
242.4,0.53,0.4108,4,170.0733,DANGER,2,Dangerous
242.5,0.53,0.4107,4,170.1435,DANGER,2,Dangerous
242.6,0.53,0.4105,4,170.2136,DANGER,2,Dangerous
242.7,0.53,0.4103,4,170.2838,DANGER,2,Dangerous
242.8,0.53,0.4102,4,170.354,DANGER,2,Dangerous
242.9,0.53,0.41,4,170.4241,DANGER,2,Dangerous
243.0,0.53,0.4098,4,170.4943,DANGER,2,Dangerous
243.1,0.53,0.4097,4,170.5644,DANGER,2,Dangerous
243.2,0.53,0.4095,4,170.6346,DANGER,2,Dangerous
243.3,0.53,0.4093,4,170.7048,DANGER,2,Dangerous
243.4,0.53,0.4092,4,170.7749,DANGER,2,Dangerous
243.5,0.53,0.409,4,170.8451,DANGER,2,Dangerous
243.6,0.53,0.4088,4,170.9153,DANGER,2,Dangerous
243.7,0.52,0.4087,4,171.7757,DANGER,2,Dangerous
243.8,0.52,0.4085,4,171.8462,DANGER,2,Dangerous
243.9,0.52,0.4083,4,171.9167,DANGER,2,Dangerous
244.0,0.52,0.4082,4,171.9872,DANGER,2,Dangerous
244.1,0.52,0.408,4,172.0577,DANGER,2,Dangerous
244.2,0.52,0.4078,4,172.1282,DANGER,2,Dangerous
244.3,0.52,0.4077,4,172.1986,DANGER,2,Dangerous
244.4,0.52,0.4075,4,172.2691,DANGER,2,Dangerous
244.5,0.52,0.4073,4,172.3396,DANGER,2,Dangerous
244.6,0.52,0.4072,4,172.4101,DANGER,2,Dangerous
244.7,0.52,0.407,4,172.4806,DANGER,2,Dangerous
244.8,0.52,0.4068,4,172.5511,DANGER,2,Dangerous
244.9,0.52,0.4067,4,172.6216,DANGER,2,Dangerous
245.0,0.52,0.4065,4,172.6921,DANGER,2,Dangerous
245.1,0.52,0.4063,4,172.7625,DANGER,2,Dangerous
245.2,0.52,0.4062,4,172.833,DANGER,2,Dangerous
245.3,0.52,0.406,4,172.9035,DANGER,2,Dangerous
245.4,0.52,0.4058,4,172.974,DANGER,2,Dangerous
245.5,0.52,0.4057,4,173.0445,DANGER,2,Dangerous
245.6,0.52,0.4055,4,173.115,DANGER,2,Dangerous
245.7,0.52,0.4054,4,173.1855,DANGER,2,Dangerous
245.8,0.52,0.4052,4,173.2559,DANGER,2,Dangerous
245.9,0.52,0.405,4,173.3264,DANGER,2,Dangerous
246.0,0.51,0.4049,4,174.2074,DANGER,2,Dangerous
246.1,0.51,0.4047,4,174.2783,DANGER,2,Dangerous
246.2,0.51,0.4045,4,174.3491,DANGER,2,Dangerous
246.3,0.51,0.4044,4,174.4199,DANGER,2,Dangerous
246.4,0.51,0.4042,4,174.4907,DANGER,2,Dangerous
246.5,0.51,0.404,4,174.5615,DANGER,2,Dangerous
246.6,0.51,0.4039,4,174.6323,DANGER,2,Dangerous
246.7,0.51,0.4037,4,174.7031,DANGER,2,Dangerous
246.8,0.51,0.4036,4,174.774,DANGER,2,Dangerous
246.9,0.51,0.4034,4,174.8448,DANGER,2,Dangerous
247.0,0.51,0.4032,4,174.9156,DANGER,2,Dangerous
247.1,0.51,0.4031,4,174.9864,DANGER,2,Dangerous
247.2,0.51,0.4029,4,175.0572,DANGER,2,Dangerous
247.3,0.51,0.4027,4,175.128,DANGER,2,Dangerous
247.4,0.51,0.4026,4,175.1989,DANGER,2,Dangerous
247.5,0.51,0.4024,4,175.2697,DANGER,2,Dangerous
247.6,0.51,0.4023,4,175.3405,DANGER,2,Dangerous
247.7,0.51,0.4021,4,175.4113,DANGER,2,Dangerous
247.8,0.51,0.4019,4,175.4821,DANGER,2,Dangerous
247.9,0.51,0.4018,4,175.5529,DANGER,2,Dangerous
248.0,0.51,0.4016,4,175.6238,DANGER,2,Dangerous
248.1,0.51,0.4014,4,175.6946,DANGER,2,Dangerous
248.2,0.51,0.4013,4,175.7654,DANGER,2,Dangerous
248.3,0.51,0.4011,4,175.8362,DANGER,2,Dangerous
248.4,0.51,0.401,4,175.907,DANGER,2,Dangerous
248.5,0.5,0.4008,4,176.8098,DANGER,2,Dangerous
248.6,0.5,0.4006,4,176.8809,DANGER,2,Dangerous
248.7,0.5,0.4005,4,176.9521,DANGER,2,Dangerous
248.8,0.5,0.4003,4,177.0232,DANGER,2,Dangerous
248.9,0.5,0.4002,4,177.0944,DANGER,2,Dangerous
249.0,0.5,0.4,4,177.1656,DANGER,2,Dangerous
249.1,0.5,0.3998,4,177.2367,DANGER,2,Dangerous
249.2,0.5,0.3997,4,177.3079,DANGER,2,Dangerous
249.3,0.5,0.3995,4,177.379,DANGER,2,Dangerous
249.4,0.5,0.3994,4,177.4502,DANGER,2,Dangerous
249.5,0.5,0.3992,4,177.5213,DANGER,2,Dangerous
249.6,0.5,0.399,4,177.5925,DANGER,2,Dangerous
249.7,0.5,0.3989,4,177.6636,DANGER,2,Dangerous
249.8,0.5,0.3987,4,177.7348,DANGER,2,Dangerous
249.9,0.5,0.3986,4,177.8059,DANGER,2,Dangerous
250.0,0.5,0.3984,4,177.8771,DANGER,2,Dangerous
250.1,0.5,0.3982,4,177.9482,DANGER,2,Dangerous
250.2,0.5,0.3981,4,178.0194,DANGER,2,Dangerous
250.3,0.5,0.3979,4,178.0905,DANGER,2,Dangerous
250.4,0.5,0.3978,4,178.1617,DANGER,2,Dangerous
250.5,0.5,0.3976,4,178.2328,DANGER,2,Dangerous
250.6,0.5,0.3975,4,178.304,DANGER,2,Dangerous
250.7,0.5,0.3973,4,178.3751,DANGER,2,Dangerous
250.8,0.5,0.3971,4,178.4463,DANGER,2,Dangerous
250.9,0.5,0.397,4,178.5174,DANGER,2,Dangerous
251.0,0.49,0.3968,4,179.4426,DANGER,2,Dangerous
251.1,0.49,0.3967,4,179.5141,DANGER,2,Dangerous
251.2,0.49,0.3965,4,179.5856,DANGER,2,Dangerous
251.3,0.49,0.3964,4,179.6571,DANGER,2,Dangerous
251.4,0.49,0.3962,4,179.7285,DANGER,2,Dangerous
251.5,0.49,0.396,4,179.8,DANGER,2,Dangerous
251.6,0.49,0.3959,4,179.8715,DANGER,2,Dangerous
251.7,0.49,0.3957,4,179.943,DANGER,2,Dangerous
251.8,0.49,0.3956,4,180.0145,DANGER,2,Dangerous
251.9,0.49,0.3954,4,180.086,DANGER,2,Dangerous
252.0,0.49,0.3953,4,180.1575,DANGER,2,Dangerous
252.1,0.49,0.3951,4,180.229,DANGER,2,Dangerous
252.2,0.49,0.3949,4,180.3005,DANGER,2,Dangerous
252.3,0.49,0.3948,4,180.372,DANGER,2,Dangerous
252.4,0.49,0.3946,4,180.4435,DANGER,2,Dangerous
252.5,0.49,0.3945,4,180.5149,DANGER,2,Dangerous
252.6,0.49,0.3943,4,180.5864,DANGER,2,Dangerous
252.7,0.49,0.3942,4,180.6579,DANGER,2,Dangerous
252.8,0.49,0.394,4,180.7294,DANGER,2,Dangerous
252.9,0.49,0.3939,4,180.8009,DANGER,2,Dangerous
253.0,0.49,0.3937,4,180.8724,DANGER,2,Dangerous
253.1,0.49,0.3935,4,180.9439,DANGER,2,Dangerous
253.2,0.49,0.3934,4,181.0154,DANGER,2,Dangerous
253.3,0.49,0.3932,4,181.0869,DANGER,2,Dangerous
253.4,0.49,0.3931,4,181.1584,DANGER,2,Dangerous
253.5,0.49,0.3929,4,181.2299,DANGER,2,Dangerous
253.6,0.48,0.3928,4,182.1784,DANGER,2,Dangerous
253.7,0.48,0.3926,4,182.2502,DANGER,2,Dangerous
253.8,0.48,0.3925,4,182.3221,DANGER,2,Dangerous
253.9,0.48,0.3923,4,182.3939,DANGER,2,Dangerous
254.0,0.48,0.3922,4,182.4657,DANGER,2,Dangerous
254.1,0.48,0.392,4,182.5376,DANGER,2,Dangerous
254.2,0.48,0.3918,4,182.6094,DANGER,2,Dangerous
254.3,0.48,0.3917,4,182.6813,DANGER,2,Dangerous
254.4,0.48,0.3915,4,182.7531,DANGER,2,Dangerous
254.5,0.48,0.3914,4,182.8249,DANGER,2,Dangerous
254.6,0.48,0.3912,4,182.8968,DANGER,2,Dangerous
254.7,0.48,0.3911,4,182.9686,DANGER,2,Dangerous
254.8,0.48,0.3909,4,183.0404,DANGER,2,Dangerous
254.9,0.48,0.3908,4,183.1123,DANGER,2,Dangerous
255.0,0.48,0.3906,4,183.1841,DANGER,2,Dangerous
255.1,0.48,0.3905,4,183.256,DANGER,2,Dangerous
255.2,0.48,0.3903,4,183.3278,DANGER,2,Dangerous
255.3,0.48,0.3902,4,183.3996,DANGER,2,Dangerous
255.4,0.48,0.39,4,183.4715,DANGER,2,Dangerous
255.5,0.48,0.3899,4,183.5433,DANGER,2,Dangerous
255.6,0.48,0.3897,4,183.6151,DANGER,2,Dangerous
255.7,0.48,0.3896,4,183.687,DANGER,2,Dangerous
255.8,0.48,0.3894,4,183.7588,DANGER,2,Dangerous
255.9,0.48,0.3893,4,183.8306,DANGER,2,Dangerous
256.0,0.48,0.3891,4,183.9025,DANGER,2,Dangerous
256.1,0.48,0.389,4,183.9743,DANGER,2,Dangerous
256.2,0.47,0.3888,4,184.9469,DANGER,2,Dangerous
256.3,0.47,0.3887,4,185.0191,DANGER,2,Dangerous
256.4,0.47,0.3885,4,185.0913,DANGER,2,Dangerous
256.5,0.47,0.3883,4,185.1635,DANGER,2,Dangerous
256.6,0.47,0.3882,4,185.2357,DANGER,2,Dangerous
256.7,0.47,0.388,4,185.3079,DANGER,2,Dangerous
256.8,0.47,0.3879,4,185.38,DANGER,2,Dangerous
256.9,0.47,0.3877,4,185.4522,DANGER,2,Dangerous
257.0,0.47,0.3876,4,185.5244,DANGER,2,Dangerous
257.1,0.47,0.3874,4,185.5966,DANGER,2,Dangerous
257.2,0.47,0.3873,4,185.6688,DANGER,2,Dangerous
257.3,0.47,0.3871,4,185.741,DANGER,2,Dangerous
257.4,0.47,0.387,4,185.8132,DANGER,2,Dangerous
257.5,0.47,0.3868,4,185.8854,DANGER,2,Dangerous
257.6,0.47,0.3867,4,185.9575,DANGER,2,Dangerous
257.7,0.47,0.3865,4,186.0297,DANGER,2,Dangerous
257.8,0.47,0.3864,4,186.1019,DANGER,2,Dangerous
257.9,0.47,0.3862,4,186.1741,DANGER,2,Dangerous
258.0,0.47,0.3861,4,186.2463,DANGER,2,Dangerous
258.1,0.47,0.386,4,186.3185,DANGER,2,Dangerous
258.2,0.47,0.3858,4,186.3907,DANGER,2,Dangerous
258.3,0.47,0.3857,4,186.4629,DANGER,2,Dangerous
258.4,0.47,0.3855,4,186.5351,DANGER,2,Dangerous
258.5,0.47,0.3854,4,186.6072,DANGER,2,Dangerous
258.6,0.47,0.3852,4,186.6794,DANGER,2,Dangerous
258.7,0.47,0.3851,4,186.7516,DANGER,2,Dangerous
258.8,0.47,0.3849,4,186.8238,DANGER,2,Dangerous
258.9,0.47,0.3848,4,186.896,DANGER,2,Dangerous
259.0,0.46,0.3846,4,187.894,DANGER,2,Dangerous
259.1,0.46,0.3845,4,187.9666,DANGER,2,Dangerous
259.2,0.46,0.3843,4,188.0391,DANGER,2,Dangerous
259.3,0.46,0.3842,4,188.1117,DANGER,2,Dangerous
259.4,0.46,0.384,4,188.1842,DANGER,2,Dangerous
259.5,0.46,0.3839,4,188.2568,DANGER,2,Dangerous
259.6,0.46,0.3837,4,188.3293,DANGER,2,Dangerous
259.7,0.46,0.3836,4,188.4019,DANGER,2,Dangerous
259.8,0.46,0.3834,4,188.4744,DANGER,2,Dangerous
259.9,0.46,0.3833,4,188.547,DANGER,2,Dangerous
260.0,0.46,0.3831,4,188.6195,DANGER,2,Dangerous
260.1,0.46,0.383,4,188.6921,DANGER,2,Dangerous
260.2,0.46,0.3828,4,188.7646,DANGER,2,Dangerous
260.3,0.46,0.3827,4,188.8371,DANGER,2,Dangerous
260.4,0.46,0.3826,4,188.9097,DANGER,2,Dangerous
260.5,0.46,0.3824,4,188.9822,DANGER,2,Dangerous
260.6,0.46,0.3823,4,189.0548,DANGER,2,Dangerous
260.7,0.46,0.3821,4,189.1273,DANGER,2,Dangerous
260.8,0.46,0.382,4,189.1999,DANGER,2,Dangerous
260.9,0.46,0.3818,4,189.2724,DANGER,2,Dangerous
261.0,0.46,0.3817,4,189.345,DANGER,2,Dangerous
261.1,0.46,0.3815,4,189.4175,DANGER,2,Dangerous
261.2,0.46,0.3814,4,189.4901,DANGER,2,Dangerous
261.3,0.46,0.3812,4,189.5626,DANGER,2,Dangerous
261.4,0.46,0.3811,4,189.6351,DANGER,2,Dangerous
261.5,0.46,0.381,4,189.7077,DANGER,2,Dangerous
261.6,0.46,0.3808,4,189.7802,DANGER,2,Dangerous
261.7,0.46,0.3807,4,189.8528,DANGER,2,Dangerous
261.8,0.45,0.3805,4,190.877,DANGER,2,Dangerous
261.9,0.45,0.3804,4,190.95,DANGER,2,Dangerous
262.0,0.45,0.3802,4,191.0229,DANGER,2,Dangerous
262.1,0.45,0.3801,4,191.0958,DANGER,2,Dangerous
262.2,0.45,0.3799,4,191.1687,DANGER,2,Dangerous
262.3,0.45,0.3798,4,191.2416,DANGER,2,Dangerous
262.4,0.45,0.3797,4,191.3145,DANGER,2,Dangerous
262.5,0.45,0.3795,4,191.3874,DANGER,2,Dangerous
262.6,0.45,0.3794,4,191.4603,DANGER,2,Dangerous
262.7,0.45,0.3792,4,191.5332,DANGER,2,Dangerous
262.8,0.45,0.3791,4,191.6061,DANGER,2,Dangerous
262.9,0.45,0.3789,4,191.6791,DANGER,2,Dangerous
263.0,0.45,0.3788,4,191.752,DANGER,2,Dangerous
263.1,0.45,0.3786,4,191.8249,DANGER,2,Dangerous
263.2,0.45,0.3785,4,191.8978,DANGER,2,Dangerous
263.3,0.45,0.3784,4,191.9707,DANGER,2,Dangerous
263.4,0.45,0.3782,4,192.0436,DANGER,2,Dangerous
263.5,0.45,0.3781,4,192.1165,DANGER,2,Dangerous
263.6,0.45,0.3779,4,192.1894,DANGER,2,Dangerous
263.7,0.45,0.3778,4,192.2623,DANGER,2,Dangerous
263.8,0.45,0.3776,4,192.3352,DANGER,2,Dangerous
263.9,0.45,0.3775,4,192.4081,DANGER,2,Dangerous
264.0,0.45,0.3774,4,192.4811,DANGER,2,Dangerous
264.1,0.45,0.3772,4,192.554,DANGER,2,Dangerous
264.2,0.45,0.3771,4,192.6269,DANGER,2,Dangerous
264.3,0.45,0.3769,4,192.6998,DANGER,2,Dangerous
264.4,0.45,0.3768,4,192.7727,DANGER,2,Dangerous
264.5,0.45,0.3766,4,192.8456,DANGER,2,Dangerous
264.6,0.45,0.3765,4,192.9185,DANGER,2,Dangerous
264.7,0.45,0.3764,4,192.9914,DANGER,2,Dangerous
264.8,0.44,0.3762,4,194.0434,DANGER,2,Dangerous
264.9,0.44,0.3761,4,194.1167,DANGER,2,Dangerous
265.0,0.44,0.3759,4,194.19,DANGER,2,Dangerous
265.1,0.44,0.3758,4,194.2632,DANGER,2,Dangerous
265.2,0.44,0.3757,4,194.3365,DANGER,2,Dangerous
265.3,0.44,0.3755,4,194.4098,DANGER,2,Dangerous
265.4,0.44,0.3754,4,194.4831,DANGER,2,Dangerous
265.5,0.44,0.3752,4,194.5564,DANGER,2,Dangerous
265.6,0.44,0.3751,4,194.6296,DANGER,2,Dangerous
265.7,0.44,0.375,4,194.7029,DANGER,2,Dangerous
265.8,0.44,0.3748,4,194.7762,DANGER,2,Dangerous
265.9,0.44,0.3747,4,194.8495,DANGER,2,Dangerous
266.0,0.44,0.3745,4,194.9228,DANGER,2,Dangerous
266.1,0.44,0.3744,4,194.996,DANGER,2,Dangerous
266.2,0.44,0.3743,4,195.0693,DANGER,2,Dangerous
266.3,0.44,0.3741,4,195.1426,DANGER,2,Dangerous
266.4,0.44,0.374,4,195.2159,DANGER,2,Dangerous
266.5,0.44,0.3738,4,195.2892,DANGER,2,Dangerous
266.6,0.44,0.3737,4,195.3624,DANGER,2,Dangerous
266.7,0.44,0.3736,4,195.4357,DANGER,2,Dangerous
266.8,0.44,0.3734,4,195.509,DANGER,2,Dangerous
266.9,0.44,0.3733,4,195.5823,DANGER,2,Dangerous
267.0,0.44,0.3731,4,195.6556,DANGER,2,Dangerous
267.1,0.44,0.373,4,195.7288,DANGER,2,Dangerous
267.2,0.44,0.3729,4,195.8021,DANGER,2,Dangerous
267.3,0.44,0.3727,4,195.8754,DANGER,2,Dangerous
267.4,0.44,0.3726,4,195.9487,DANGER,2,Dangerous
267.5,0.44,0.3724,4,196.0219,DANGER,2,Dangerous
267.6,0.44,0.3723,4,196.0952,DANGER,2,Dangerous
267.7,0.44,0.3722,4,196.1685,DANGER,2,Dangerous
267.8,0.43,0.372,4,197.2491,DANGER,2,Dangerous
267.9,0.43,0.3719,4,197.3227,DANGER,2,Dangerous
268.0,0.43,0.3717,4,197.3964,DANGER,2,Dangerous
268.1,0.43,0.3716,4,197.47,DANGER,2,Dangerous
268.2,0.43,0.3715,4,197.5437,DANGER,2,Dangerous
268.3,0.43,0.3713,4,197.6173,DANGER,2,Dangerous
268.4,0.43,0.3712,4,197.691,DANGER,2,Dangerous
268.5,0.43,0.3711,4,197.7646,DANGER,2,Dangerous
268.6,0.43,0.3709,4,197.8383,DANGER,2,Dangerous
268.7,0.43,0.3708,4,197.912,DANGER,2,Dangerous
268.8,0.43,0.3706,4,197.9856,DANGER,2,Dangerous
268.9,0.43,0.3705,4,198.0593,DANGER,2,Dangerous
269.0,0.43,0.3704,4,198.1329,DANGER,2,Dangerous
269.1,0.43,0.3702,4,198.2066,DANGER,2,Dangerous
269.2,0.43,0.3701,4,198.2802,DANGER,2,Dangerous
269.3,0.43,0.37,4,198.3539,DANGER,2,Dangerous
269.4,0.43,0.3698,4,198.4275,DANGER,2,Dangerous
269.5,0.43,0.3697,4,198.5012,DANGER,2,Dangerous
269.6,0.43,0.3695,4,198.5749,DANGER,2,Dangerous
269.7,0.43,0.3694,4,198.6485,DANGER,2,Dangerous
269.8,0.43,0.3693,4,198.7222,DANGER,2,Dangerous
269.9,0.43,0.3691,4,198.7958,DANGER,2,Dangerous
270.0,0.43,0.369,4,198.8695,DANGER,2,Dangerous
270.1,0.43,0.3689,4,198.9431,DANGER,2,Dangerous
270.2,0.43,0.3687,4,199.0168,DANGER,2,Dangerous
270.3,0.43,0.3686,4,199.0904,DANGER,2,Dangerous
270.4,0.43,0.3685,4,199.1641,DANGER,2,Dangerous
270.5,0.43,0.3683,4,199.2377,DANGER,2,Dangerous
270.6,0.43,0.3682,4,199.3114,DANGER,2,Dangerous
270.7,0.43,0.3681,4,199.3851,DANGER,2,Dangerous
270.8,0.43,0.3679,4,199.4587,DANGER,2,Dangerous
270.9,0.42,0.3678,4,200.5691,DANGER,2,Dangerous
271.0,0.42,0.3676,4,200.6431,DANGER,2,Dangerous
271.1,0.42,0.3675,4,200.7172,DANGER,2,Dangerous
271.2,0.42,0.3674,4,200.7912,DANGER,2,Dangerous
271.3,0.42,0.3672,4,200.8652,DANGER,2,Dangerous
271.4,0.42,0.3671,4,200.9393,DANGER,2,Dangerous
271.5,0.42,0.367,4,201.0133,DANGER,2,Dangerous
271.6,0.42,0.3668,4,201.0873,DANGER,2,Dangerous
271.7,0.42,0.3667,4,201.1614,DANGER,2,Dangerous
271.8,0.42,0.3666,4,201.2354,DANGER,2,Dangerous
271.9,0.42,0.3664,4,201.3095,DANGER,2,Dangerous
272.0,0.42,0.3663,4,201.3835,DANGER,2,Dangerous
272.1,0.42,0.3662,4,201.4575,DANGER,2,Dangerous
272.2,0.42,0.366,4,201.5316,DANGER,2,Dangerous
272.3,0.42,0.3659,4,201.6056,DANGER,2,Dangerous
272.4,0.42,0.3658,4,201.6796,DANGER,2,Dangerous
272.5,0.42,0.3656,4,201.7537,DANGER,2,Dangerous
272.6,0.42,0.3655,4,201.8277,DANGER,2,Dangerous
272.7,0.42,0.3654,4,201.9018,DANGER,2,Dangerous
272.8,0.42,0.3652,4,201.9758,DANGER,2,Dangerous
272.9,0.42,0.3651,4,202.0498,DANGER,2,Dangerous
273.0,0.42,0.365,4,202.1239,DANGER,2,Dangerous
273.1,0.42,0.3648,4,202.1979,DANGER,2,Dangerous
273.2,0.42,0.3647,4,202.272,DANGER,2,Dangerous
273.3,0.42,0.3646,4,202.346,DANGER,2,Dangerous
273.4,0.42,0.3644,4,202.42,DANGER,2,Dangerous
273.5,0.42,0.3643,4,202.4941,DANGER,2,Dangerous
273.6,0.42,0.3642,4,202.5681,DANGER,2,Dangerous
273.7,0.42,0.364,4,202.6421,DANGER,2,Dangerous
273.8,0.42,0.3639,4,202.7162,DANGER,2,Dangerous
273.9,0.42,0.3638,4,202.7902,DANGER,2,Dangerous
274.0,0.42,0.3636,4,202.8643,DANGER,2,Dangerous
274.1,0.42,0.3635,4,202.9383,DANGER,2,Dangerous
274.2,0.41,0.3634,4,204.0802,DANGER,2,Dangerous
274.3,0.41,0.3632,4,204.1546,DANGER,2,Dangerous
274.4,0.41,0.3631,4,204.229,DANGER,2,Dangerous
274.5,0.41,0.363,4,204.3034,DANGER,2,Dangerous
274.6,0.41,0.3628,4,204.3779,DANGER,2,Dangerous
274.7,0.41,0.3627,4,204.4523,DANGER,2,Dangerous
274.8,0.41,0.3626,4,204.5267,DANGER,2,Dangerous
274.9,0.41,0.3625,4,204.6012,DANGER,2,Dangerous
275.0,0.41,0.3623,4,204.6756,DANGER,2,Dangerous
275.1,0.41,0.3622,4,204.75,DANGER,2,Dangerous
275.2,0.41,0.3621,4,204.8244,DANGER,2,Dangerous
275.3,0.41,0.3619,4,204.8989,DANGER,2,Dangerous
275.4,0.41,0.3618,4,204.9733,DANGER,2,Dangerous
275.5,0.41,0.3617,4,205.0477,DANGER,2,Dangerous
275.6,0.41,0.3615,4,205.1221,DANGER,2,Dangerous
275.7,0.41,0.3614,4,205.1966,DANGER,2,Dangerous
275.8,0.41,0.3613,4,205.271,DANGER,2,Dangerous
275.9,0.41,0.3611,4,205.3454,DANGER,2,Dangerous
276.0,0.41,0.361,4,205.4199,DANGER,2,Dangerous
276.1,0.41,0.3609,4,205.4943,DANGER,2,Dangerous
276.2,0.41,0.3608,4,205.5687,DANGER,2,Dangerous
276.3,0.41,0.3606,4,205.6431,DANGER,2,Dangerous
276.4,0.41,0.3605,4,205.7176,DANGER,2,Dangerous
276.5,0.41,0.3604,4,205.792,DANGER,2,Dangerous
276.6,0.41,0.3602,4,205.8664,DANGER,2,Dangerous
276.7,0.41,0.3601,4,205.9408,DANGER,2,Dangerous
276.8,0.41,0.36,4,206.0153,DANGER,2,Dangerous
276.9,0.41,0.3598,4,206.0897,DANGER,2,Dangerous
277.0,0.41,0.3597,4,206.1641,DANGER,2,Dangerous
277.1,0.41,0.3596,4,206.2386,DANGER,2,Dangerous
277.2,0.41,0.3595,4,206.313,DANGER,2,Dangerous
277.3,0.41,0.3593,4,206.3874,DANGER,2,Dangerous
277.4,0.41,0.3592,4,206.4618,DANGER,2,Dangerous
277.5,0.41,0.3591,4,206.5363,DANGER,2,Dangerous
277.6,0.4,0.3589,4,207.711,DANGER,2,Dangerous
277.7,0.4,0.3588,4,207.7858,DANGER,2,Dangerous
277.8,0.4,0.3587,4,207.8607,DANGER,2,Dangerous
277.9,0.4,0.3586,4,207.9355,DANGER,2,Dangerous
278.0,0.4,0.3584,4,208.0103,DANGER,2,Dangerous
278.1,0.4,0.3583,4,208.0851,DANGER,2,Dangerous
278.2,0.4,0.3582,4,208.16,DANGER,2,Dangerous
278.3,0.4,0.358,4,208.2348,DANGER,2,Dangerous
278.4,0.4,0.3579,4,208.3096,DANGER,2,Dangerous
278.5,0.4,0.3578,4,208.3844,DANGER,2,Dangerous
278.6,0.4,0.3577,4,208.4592,DANGER,2,Dangerous
278.7,0.4,0.3575,4,208.5341,DANGER,2,Dangerous
278.8,0.4,0.3574,4,208.6089,DANGER,2,Dangerous
278.9,0.4,0.3573,4,208.6837,DANGER,2,Dangerous
279.0,0.4,0.3571,4,208.7585,DANGER,2,Dangerous
279.1,0.4,0.357,4,208.8334,DANGER,2,Dangerous
279.2,0.4,0.3569,4,208.9082,DANGER,2,Dangerous
279.3,0.4,0.3568,4,208.983,DANGER,2,Dangerous
279.4,0.4,0.3566,4,209.0578,DANGER,2,Dangerous
279.5,0.4,0.3565,4,209.1327,DANGER,2,Dangerous
279.6,0.4,0.3564,4,209.2075,DANGER,2,Dangerous
279.7,0.4,0.3563,4,209.2823,DANGER,2,Dangerous
279.8,0.4,0.3561,4,209.3571,DANGER,2,Dangerous
279.9,0.4,0.356,4,209.432,DANGER,2,Dangerous
280.0,0.4,0.3559,4,209.5068,DANGER,2,Dangerous
280.1,0.4,0.3557,4,209.5816,DANGER,2,Dangerous
280.2,0.4,0.3556,4,209.6564,DANGER,2,Dangerous
280.3,0.4,0.3555,4,209.7313,DANGER,2,Dangerous
280.4,0.4,0.3554,4,209.8061,DANGER,2,Dangerous
280.5,0.4,0.3552,4,209.8809,DANGER,2,Dangerous
280.6,0.4,0.3551,4,209.9557,DANGER,2,Dangerous
280.7,0.4,0.355,4,210.0306,DANGER,2,Dangerous
280.8,0.4,0.3549,4,210.1054,DANGER,2,Dangerous
280.9,0.4,0.3547,4,210.1802,DANGER,2,Dangerous
281.0,0.4,0.3546,4,210.255,DANGER,2,Dangerous
281.1,0.39,0.3545,4,211.4641,DANGER,2,Dangerous
281.2,0.39,0.3544,4,211.5393,DANGER,2,Dangerous
281.3,0.39,0.3542,4,211.6145,DANGER,2,Dangerous
281.4,0.39,0.3541,4,211.6898,DANGER,2,Dangerous
281.5,0.39,0.354,4,211.765,DANGER,2,Dangerous
281.6,0.39,0.3539,4,211.8402,DANGER,2,Dangerous
281.7,0.39,0.3537,4,211.9154,DANGER,2,Dangerous
281.8,0.39,0.3536,4,211.9907,DANGER,2,Dangerous
281.9,0.39,0.3535,4,212.0659,DANGER,2,Dangerous
282.0,0.39,0.3534,4,212.1411,DANGER,2,Dangerous
282.1,0.39,0.3532,4,212.2164,DANGER,2,Dangerous
282.2,0.39,0.3531,4,212.2916,DANGER,2,Dangerous
282.3,0.39,0.353,4,212.3668,DANGER,2,Dangerous
282.4,0.39,0.3529,4,212.442,DANGER,2,Dangerous
282.5,0.39,0.3527,4,212.5173,DANGER,2,Dangerous
282.6,0.39,0.3526,4,212.5925,DANGER,2,Dangerous
282.7,0.39,0.3525,4,212.6677,DANGER,2,Dangerous
282.8,0.39,0.3524,4,212.7429,DANGER,2,Dangerous
282.9,0.39,0.3522,4,212.8182,DANGER,2,Dangerous
283.0,0.39,0.3521,4,212.8934,DANGER,2,Dangerous
283.1,0.39,0.352,4,212.9686,DANGER,2,Dangerous
283.2,0.39,0.3519,4,213.0439,DANGER,2,Dangerous
283.3,0.39,0.3517,4,213.1191,DANGER,2,Dangerous
283.4,0.39,0.3516,4,213.1943,DANGER,2,Dangerous
283.5,0.39,0.3515,4,213.2695,DANGER,2,Dangerous
283.6,0.39,0.3514,4,213.3448,DANGER,2,Dangerous
283.7,0.39,0.3512,4,213.42,DANGER,2,Dangerous
283.8,0.39,0.3511,4,213.4952,DANGER,2,Dangerous
283.9,0.39,0.351,4,213.5705,DANGER,2,Dangerous
284.0,0.39,0.3509,4,213.6457,DANGER,2,Dangerous
284.1,0.39,0.3508,4,213.7209,DANGER,2,Dangerous
284.2,0.39,0.3506,4,213.7961,DANGER,2,Dangerous
284.3,0.39,0.3505,4,213.8714,DANGER,2,Dangerous
284.4,0.39,0.3504,4,213.9466,DANGER,2,Dangerous
284.5,0.39,0.3503,4,214.0218,DANGER,2,Dangerous
284.6,0.39,0.3501,4,214.097,DANGER,2,Dangerous
284.7,0.38,0.35,4,215.3419,DANGER,2,Dangerous
284.8,0.38,0.3499,4,215.4176,DANGER,2,Dangerous
284.9,0.38,0.3498,4,215.4932,DANGER,2,Dangerous
285.0,0.38,0.3497,4,215.5688,DANGER,2,Dangerous
285.1,0.38,0.3495,4,215.6445,DANGER,2,Dangerous
285.2,0.38,0.3494,4,215.7201,DANGER,2,Dangerous
285.3,0.38,0.3493,4,215.7957,DANGER,2,Dangerous
285.4,0.38,0.3492,4,215.8714,DANGER,2,Dangerous
285.5,0.38,0.349,4,215.947,DANGER,2,Dangerous
285.6,0.38,0.3489,4,216.0227,DANGER,2,Dangerous
285.7,0.38,0.3488,4,216.0983,DANGER,2,Dangerous
285.8,0.38,0.3487,4,216.1739,DANGER,2,Dangerous
285.9,0.38,0.3486,4,216.2496,DANGER,2,Dangerous
286.0,0.38,0.3484,4,216.3252,DANGER,2,Dangerous
286.1,0.38,0.3483,4,216.4009,DANGER,2,Dangerous
286.2,0.38,0.3482,4,216.4765,DANGER,2,Dangerous
286.3,0.38,0.3481,4,216.5521,DANGER,2,Dangerous
286.4,0.38,0.3479,4,216.6278,DANGER,2,Dangerous
286.5,0.38,0.3478,4,216.7034,DANGER,2,Dangerous
286.6,0.38,0.3477,4,216.779,DANGER,2,Dangerous
286.7,0.38,0.3476,4,216.8547,DANGER,2,Dangerous
286.8,0.38,0.3475,4,216.9303,DANGER,2,Dangerous
286.9,0.38,0.3473,4,217.006,DANGER,2,Dangerous
287.0,0.38,0.3472,4,217.0816,DANGER,2,Dangerous
287.1,0.38,0.3471,4,217.1572,DANGER,2,Dangerous
287.2,0.38,0.347,4,217.2329,DANGER,2,Dangerous
287.3,0.38,0.3469,4,217.3085,DANGER,2,Dangerous
287.4,0.38,0.3467,4,217.3842,DANGER,2,Dangerous
287.5,0.38,0.3466,4,217.4598,DANGER,2,Dangerous
287.6,0.38,0.3465,4,217.5354,DANGER,2,Dangerous
287.7,0.38,0.3464,4,217.6111,DANGER,2,Dangerous
287.8,0.38,0.3463,4,217.6867,DANGER,2,Dangerous
287.9,0.38,0.3461,4,217.7623,DANGER,2,Dangerous
288.0,0.38,0.346,4,217.838,DANGER,2,Dangerous
288.1,0.38,0.3459,4,217.9136,DANGER,2,Dangerous
288.2,0.38,0.3458,4,217.9893,DANGER,2,Dangerous
288.3,0.38,0.3457,4,218.0649,DANGER,2,Dangerous
288.4,0.38,0.3455,4,218.1405,DANGER,2,Dangerous
288.5,0.37,0.3454,4,219.4232,DANGER,2,Dangerous
288.6,0.37,0.3453,4,219.4993,DANGER,2,Dangerous
288.7,0.37,0.3452,4,219.5753,DANGER,2,Dangerous
288.8,0.37,0.3451,4,219.6514,DANGER,2,Dangerous
288.9,0.37,0.3449,4,219.7274,DANGER,2,Dangerous
289.0,0.37,0.3448,4,219.8035,DANGER,2,Dangerous
289.1,0.37,0.3447,4,219.8796,DANGER,2,Dangerous
289.2,0.37,0.3446,4,219.9556,DANGER,2,Dangerous
289.3,0.37,0.3445,4,220.0317,DANGER,2,Dangerous
289.4,0.37,0.3444,4,220.1077,DANGER,2,Dangerous
289.5,0.37,0.3442,4,220.1838,DANGER,2,Dangerous
289.6,0.37,0.3441,4,220.2598,DANGER,2,Dangerous
289.7,0.37,0.344,4,220.3359,DANGER,2,Dangerous
289.8,0.37,0.3439,4,220.412,DANGER,2,Dangerous
289.9,0.37,0.3438,4,220.488,DANGER,2,Dangerous
290.0,0.37,0.3436,4,220.5641,DANGER,2,Dangerous
290.1,0.37,0.3435,4,220.6401,DANGER,2,Dangerous
290.2,0.37,0.3434,4,220.7162,DANGER,2,Dangerous
290.3,0.37,0.3433,4,220.7922,DANGER,2,Dangerous
290.4,0.37,0.3432,4,220.8683,DANGER,2,Dangerous
290.5,0.37,0.3431,4,220.9443,DANGER,2,Dangerous
290.6,0.37,0.3429,4,221.0204,DANGER,2,Dangerous
290.7,0.37,0.3428,4,221.0965,DANGER,2,Dangerous
290.8,0.37,0.3427,4,221.1725,DANGER,2,Dangerous
290.9,0.37,0.3426,4,221.2486,DANGER,2,Dangerous
291.0,0.37,0.3425,4,221.3246,DANGER,2,Dangerous
291.1,0.37,0.3423,4,221.4007,DANGER,2,Dangerous
291.2,0.37,0.3422,4,221.4767,DANGER,2,Dangerous
291.3,0.37,0.3421,4,221.5528,DANGER,2,Dangerous
291.4,0.37,0.342,4,221.6289,DANGER,2,Dangerous
291.5,0.37,0.3419,4,221.7049,DANGER,2,Dangerous
291.6,0.37,0.3418,4,221.781,DANGER,2,Dangerous
291.7,0.37,0.3416,4,221.857,DANGER,2,Dangerous
291.8,0.37,0.3415,4,221.9331,DANGER,2,Dangerous
291.9,0.37,0.3414,4,222.0091,DANGER,2,Dangerous
292.0,0.37,0.3413,4,222.0852,DANGER,2,Dangerous
292.1,0.37,0.3412,4,222.1613,DANGER,2,Dangerous
292.2,0.37,0.3411,4,222.2373,DANGER,2,Dangerous
292.3,0.37,0.3409,4,222.3134,DANGER,2,Dangerous
292.4,0.36,0.3408,4,223.6355,DANGER,2,Dangerous
292.5,0.36,0.3407,4,223.712,DANGER,2,Dangerous
292.6,0.36,0.3406,4,223.7885,DANGER,2,Dangerous
292.7,0.36,0.3405,4,223.865,DANGER,2,Dangerous
292.8,0.36,0.3404,4,223.9414,DANGER,2,Dangerous
292.9,0.36,0.3403,4,224.0179,DANGER,2,Dangerous
293.0,0.36,0.3401,4,224.0944,DANGER,2,Dangerous
293.1,0.36,0.34,4,224.1709,DANGER,2,Dangerous
293.2,0.36,0.3399,4,224.2474,DANGER,2,Dangerous
293.3,0.36,0.3398,4,224.3238,DANGER,2,Dangerous
293.4,0.36,0.3397,4,224.4003,DANGER,2,Dangerous
293.5,0.36,0.3396,4,224.4768,DANGER,2,Dangerous
293.6,0.36,0.3394,4,224.5533,DANGER,2,Dangerous
293.7,0.36,0.3393,4,224.6298,DANGER,2,Dangerous
293.8,0.36,0.3392,4,224.7063,DANGER,2,Dangerous
293.9,0.36,0.3391,4,224.7827,DANGER,2,Dangerous
294.0,0.36,0.339,4,224.8592,DANGER,2,Dangerous
294.1,0.36,0.3389,4,224.9357,DANGER,2,Dangerous
294.2,0.36,0.3388,4,225.0122,DANGER,2,Dangerous
294.3,0.36,0.3386,4,225.0887,DANGER,2,Dangerous
294.4,0.36,0.3385,4,225.1652,DANGER,2,Dangerous
294.5,0.36,0.3384,4,225.2416,DANGER,2,Dangerous
294.6,0.36,0.3383,4,225.3181,DANGER,2,Dangerous
294.7,0.36,0.3382,4,225.3946,DANGER,2,Dangerous
294.8,0.36,0.3381,4,225.4711,DANGER,2,Dangerous
294.9,0.36,0.338,4,225.5476,DANGER,2,Dangerous
295.0,0.36,0.3378,4,225.6241,DANGER,2,Dangerous
295.1,0.36,0.3377,4,225.7005,DANGER,2,Dangerous
295.2,0.36,0.3376,4,225.777,DANGER,2,Dangerous
295.3,0.36,0.3375,4,225.8535,DANGER,2,Dangerous
295.4,0.36,0.3374,4,225.93,DANGER,2,Dangerous
295.5,0.36,0.3373,4,226.0065,DANGER,2,Dangerous
295.6,0.36,0.3372,4,226.083,DANGER,2,Dangerous
295.7,0.36,0.337,4,226.1594,DANGER,2,Dangerous
295.8,0.36,0.3369,4,226.2359,DANGER,2,Dangerous
295.9,0.36,0.3368,4,226.3124,DANGER,2,Dangerous
296.0,0.36,0.3367,4,226.3889,DANGER,2,Dangerous
296.1,0.36,0.3366,4,226.4654,DANGER,2,Dangerous
296.2,0.36,0.3365,4,226.5418,DANGER,2,Dangerous
296.3,0.36,0.3364,4,226.6183,DANGER,2,Dangerous
296.4,0.36,0.3362,4,226.6948,DANGER,2,Dangerous
296.5,0.35,0.3361,4,228.0586,DANGER,2,Dangerous
296.6,0.35,0.336,4,228.1355,DANGER,2,Dangerous
296.7,0.35,0.3359,4,228.2124,DANGER,2,Dangerous
296.8,0.35,0.3358,4,228.2893,DANGER,2,Dangerous
296.9,0.35,0.3357,4,228.3662,DANGER,2,Dangerous
297.0,0.35,0.3356,4,228.4432,DANGER,2,Dangerous
297.1,0.35,0.3355,4,228.5201,DANGER,2,Dangerous
297.2,0.35,0.3353,4,228.597,DANGER,2,Dangerous
297.3,0.35,0.3352,4,228.6739,DANGER,2,Dangerous
297.4,0.35,0.3351,4,228.7508,DANGER,2,Dangerous
297.5,0.35,0.335,4,228.8277,DANGER,2,Dangerous
297.6,0.35,0.3349,4,228.9047,DANGER,2,Dangerous
297.7,0.35,0.3348,4,228.9816,DANGER,2,Dangerous
297.8,0.35,0.3347,4,229.0585,DANGER,2,Dangerous
297.9,0.35,0.3346,4,229.1354,DANGER,2,Dangerous
298.0,0.35,0.3344,4,229.2123,DANGER,2,Dangerous
298.1,0.35,0.3343,4,229.2892,DANGER,2,Dangerous
298.2,0.35,0.3342,4,229.3662,DANGER,2,Dangerous
298.3,0.35,0.3341,4,229.4431,DANGER,2,Dangerous
298.4,0.35,0.334,4,229.52,DANGER,2,Dangerous
298.5,0.35,0.3339,4,229.5969,DANGER,2,Dangerous
298.6,0.35,0.3338,4,229.6738,DANGER,2,Dangerous
298.7,0.35,0.3337,4,229.7507,DANGER,2,Dangerous
298.8,0.35,0.3336,4,229.8277,DANGER,2,Dangerous
298.9,0.35,0.3334,4,229.9046,DANGER,2,Dangerous
299.0,0.35,0.3333,4,229.9815,DANGER,2,Dangerous
299.1,0.35,0.3332,4,230.0584,DANGER,2,Dangerous
299.2,0.35,0.3331,4,230.1353,DANGER,2,Dangerous
299.3,0.35,0.333,4,230.2122,DANGER,2,Dangerous
299.4,0.35,0.3329,4,230.2892,DANGER,2,Dangerous
299.5,0.35,0.3328,4,230.3661,DANGER,2,Dangerous
299.6,0.35,0.3327,4,230.443,DANGER,2,Dangerous
299.7,0.35,0.3326,4,230.5199,DANGER,2,Dangerous
299.8,0.35,0.3324,4,230.5968,DANGER,2,Dangerous
299.9,0.35,0.3323,4,230.6737,DANGER,2,Dangerous
300.0,0.35,0.3322,4,230.7507,DANGER,2,Dangerous
300.1,0.35,0.3321,4,230.8276,DANGER,2,Dangerous
300.2,0.35,0.332,4,230.9045,DANGER,2,Dangerous
300.3,0.35,0.3319,4,230.9814,DANGER,2,Dangerous
300.4,0.35,0.3318,4,231.0583,DANGER,2,Dangerous
300.5,0.35,0.3317,4,231.1352,DANGER,2,Dangerous
300.6,0.35,0.3316,4,231.2122,DANGER,2,Dangerous
300.7,0.35,0.3315,4,231.2891,DANGER,2,Dangerous
300.8,0.34,0.3313,4,232.6967,DANGER,2,Dangerous
300.9,0.34,0.3312,4,232.7741,DANGER,2,Dangerous
301.0,0.34,0.3311,4,232.8515,DANGER,2,Dangerous
301.1,0.34,0.331,4,232.9288,DANGER,2,Dangerous
301.2,0.34,0.3309,4,233.0062,DANGER,2,Dangerous
301.3,0.34,0.3308,4,233.0835,DANGER,2,Dangerous
301.4,0.34,0.3307,4,233.1609,DANGER,2,Dangerous
301.5,0.34,0.3306,4,233.2383,DANGER,2,Dangerous
301.6,0.34,0.3305,4,233.3156,DANGER,2,Dangerous
301.7,0.34,0.3304,4,233.393,DANGER,2,Dangerous
301.8,0.34,0.3303,4,233.4703,DANGER,2,Dangerous
301.9,0.34,0.3301,4,233.5477,DANGER,2,Dangerous
302.0,0.34,0.33,4,233.625,DANGER,2,Dangerous
302.1,0.34,0.3299,4,233.7024,DANGER,2,Dangerous
302.2,0.34,0.3298,4,233.7798,DANGER,2,Dangerous
302.3,0.34,0.3297,4,233.8571,DANGER,2,Dangerous
302.4,0.34,0.3296,4,233.9345,DANGER,2,Dangerous
302.5,0.34,0.3295,4,234.0118,DANGER,2,Dangerous
302.6,0.34,0.3294,4,234.0892,DANGER,2,Dangerous
302.7,0.34,0.3293,4,234.1666,DANGER,2,Dangerous
302.8,0.34,0.3292,4,234.2439,DANGER,2,Dangerous
302.9,0.34,0.3291,4,234.3213,DANGER,2,Dangerous
303.0,0.34,0.3289,4,234.3986,DANGER,2,Dangerous
303.1,0.34,0.3288,4,234.476,DANGER,2,Dangerous
303.2,0.34,0.3287,4,234.5534,DANGER,2,Dangerous
303.3,0.34,0.3286,4,234.6307,DANGER,2,Dangerous
303.4,0.34,0.3285,4,234.7081,DANGER,2,Dangerous
303.5,0.34,0.3284,4,234.7854,DANGER,2,Dangerous
303.6,0.34,0.3283,4,234.8628,DANGER,2,Dangerous
303.7,0.34,0.3282,4,234.9402,DANGER,2,Dangerous
303.8,0.34,0.3281,4,235.0175,DANGER,2,Dangerous
303.9,0.34,0.328,4,235.0949,DANGER,2,Dangerous
304.0,0.34,0.3279,4,235.1722,DANGER,2,Dangerous
304.1,0.34,0.3278,4,235.2496,DANGER,2,Dangerous
304.2,0.34,0.3277,4,235.327,DANGER,2,Dangerous
304.3,0.34,0.3275,4,235.4043,DANGER,2,Dangerous
304.4,0.34,0.3274,4,235.4817,DANGER,2,Dangerous
304.5,0.34,0.3273,4,235.559,DANGER,2,Dangerous
304.6,0.34,0.3272,4,235.6364,DANGER,2,Dangerous
304.7,0.34,0.3271,4,235.7137,DANGER,2,Dangerous
304.8,0.34,0.327,4,235.7911,DANGER,2,Dangerous
304.9,0.34,0.3269,4,235.8685,DANGER,2,Dangerous
305.0,0.34,0.3268,4,235.9458,DANGER,2,Dangerous
305.1,0.34,0.3267,4,236.0232,DANGER,2,Dangerous
305.2,0.34,0.3266,4,236.1005,DANGER,2,Dangerous
305.3,0.33,0.3265,4,237.5545,DANGER,2,Dangerous
305.4,0.33,0.3264,4,237.6323,DANGER,2,Dangerous
305.5,0.33,0.3263,4,237.7101,DANGER,2,Dangerous
305.6,0.33,0.3262,4,237.7879,DANGER,2,Dangerous
305.7,0.33,0.3261,4,237.8657,DANGER,2,Dangerous
305.8,0.33,0.3259,4,237.9435,DANGER,2,Dangerous
305.9,0.33,0.3258,4,238.0213,DANGER,2,Dangerous
306.0,0.33,0.3257,4,238.0991,DANGER,2,Dangerous
306.1,0.33,0.3256,4,238.1769,DANGER,2,Dangerous
306.2,0.33,0.3255,4,238.2548,DANGER,2,Dangerous
306.3,0.33,0.3254,4,238.3326,DANGER,2,Dangerous
306.4,0.33,0.3253,4,238.4104,DANGER,2,Dangerous
306.5,0.33,0.3252,4,238.4882,DANGER,2,Dangerous
306.6,0.33,0.3251,4,238.566,DANGER,2,Dangerous
306.7,0.33,0.325,4,238.6438,DANGER,2,Dangerous
306.8,0.33,0.3249,4,238.7216,DANGER,2,Dangerous
306.9,0.33,0.3248,4,238.7994,DANGER,2,Dangerous
307.0,0.33,0.3247,4,238.8772,DANGER,2,Dangerous
307.1,0.33,0.3246,4,238.9551,DANGER,2,Dangerous
307.2,0.33,0.3245,4,239.0329,DANGER,2,Dangerous
307.3,0.33,0.3244,4,239.1107,DANGER,2,Dangerous
307.4,0.33,0.3243,4,239.1885,DANGER,2,Dangerous
307.5,0.33,0.3241,4,239.2663,DANGER,2,Dangerous
307.6,0.33,0.324,4,239.3441,DANGER,2,Dangerous
307.7,0.33,0.3239,4,239.4219,DANGER,2,Dangerous
307.8,0.33,0.3238,4,239.4997,DANGER,2,Dangerous
307.9,0.33,0.3237,4,239.5775,DANGER,2,Dangerous
308.0,0.33,0.3236,4,239.6553,DANGER,2,Dangerous
308.1,0.33,0.3235,4,239.7332,DANGER,2,Dangerous
308.2,0.33,0.3234,4,239.811,DANGER,2,Dangerous
308.3,0.33,0.3233,4,239.8888,DANGER,2,Dangerous
308.4,0.33,0.3232,4,239.9666,DANGER,2,Dangerous
308.5,0.33,0.3231,4,240.0444,DANGER,2,Dangerous
308.6,0.33,0.323,4,240.1222,DANGER,2,Dangerous
308.7,0.33,0.3229,4,240.2,DANGER,2,Dangerous
308.8,0.33,0.3228,4,240.2778,DANGER,2,Dangerous
308.9,0.33,0.3227,4,240.3556,DANGER,2,Dangerous
309.0,0.33,0.3226,4,240.4334,DANGER,2,Dangerous
309.1,0.33,0.3225,4,240.5113,DANGER,2,Dangerous
309.2,0.33,0.3224,4,240.5891,DANGER,2,Dangerous
309.3,0.33,0.3223,4,240.6669,DANGER,2,Dangerous
309.4,0.33,0.3222,4,240.7447,DANGER,2,Dangerous
309.5,0.33,0.3221,4,240.8225,DANGER,2,Dangerous
309.6,0.33,0.322,4,240.9003,DANGER,2,Dangerous
309.7,0.33,0.3219,4,240.9781,DANGER,2,Dangerous
309.8,0.33,0.3218,4,241.0559,DANGER,2,Dangerous
309.9,0.33,0.3216,4,241.1337,DANGER,2,Dangerous
310.0,0.32,0.3215,4,242.6364,DANGER,2,Dangerous
310.1,0.32,0.3214,4,242.7147,DANGER,2,Dangerous
310.2,0.32,0.3213,4,242.793,DANGER,2,Dangerous
310.3,0.32,0.3212,4,242.8712,DANGER,2,Dangerous
310.4,0.32,0.3211,4,242.9495,DANGER,2,Dangerous
310.5,0.32,0.321,4,243.0278,DANGER,2,Dangerous
310.6,0.32,0.3209,4,243.106,DANGER,2,Dangerous
310.7,0.32,0.3208,4,243.1843,DANGER,2,Dangerous
310.8,0.32,0.3207,4,243.2626,DANGER,2,Dangerous
310.9,0.32,0.3206,4,243.3409,DANGER,2,Dangerous
311.0,0.32,0.3205,4,243.4191,DANGER,2,Dangerous
311.1,0.32,0.3204,4,243.4974,DANGER,2,Dangerous
311.2,0.32,0.3203,4,243.5757,DANGER,2,Dangerous
311.3,0.32,0.3202,4,243.6539,DANGER,2,Dangerous
311.4,0.32,0.3201,4,243.7322,DANGER,2,Dangerous
311.5,0.32,0.32,4,243.8105,DANGER,2,Dangerous
311.6,0.32,0.3199,4,243.8887,DANGER,2,Dangerous
311.7,0.32,0.3198,4,243.967,DANGER,2,Dangerous
311.8,0.32,0.3197,4,244.0453,DANGER,2,Dangerous
311.9,0.32,0.3196,4,244.1236,DANGER,2,Dangerous
312.0,0.32,0.3195,4,244.2018,DANGER,2,Dangerous
312.1,0.32,0.3194,4,244.2801,DANGER,2,Dangerous
312.2,0.32,0.3193,4,244.3584,DANGER,2,Dangerous
312.3,0.32,0.3192,4,244.4366,DANGER,2,Dangerous
312.4,0.32,0.3191,4,244.5149,DANGER,2,Dangerous
312.5,0.32,0.319,4,244.5932,DANGER,2,Dangerous
312.6,0.32,0.3189,4,244.6714,DANGER,2,Dangerous
312.7,0.32,0.3188,4,244.7497,DANGER,2,Dangerous
312.8,0.32,0.3187,4,244.828,DANGER,2,Dangerous
312.9,0.32,0.3186,4,244.9063,DANGER,2,Dangerous
313.0,0.32,0.3185,4,244.9845,DANGER,2,Dangerous
313.1,0.32,0.3184,4,245.0628,DANGER,2,Dangerous
313.2,0.32,0.3183,4,245.1411,DANGER,2,Dangerous
313.3,0.32,0.3182,4,245.2193,DANGER,2,Dangerous
313.4,0.32,0.3181,4,245.2976,DANGER,2,Dangerous
313.5,0.32,0.318,4,245.3759,DANGER,2,Dangerous
313.6,0.32,0.3179,4,245.4541,DANGER,2,Dangerous
313.7,0.32,0.3178,4,245.5324,DANGER,2,Dangerous
313.8,0.32,0.3177,4,245.6107,DANGER,2,Dangerous
313.9,0.32,0.3176,4,245.689,DANGER,2,Dangerous
314.0,0.32,0.3175,4,245.7672,DANGER,2,Dangerous
314.1,0.32,0.3174,4,245.8455,DANGER,2,Dangerous
314.2,0.32,0.3173,4,245.9238,DANGER,2,Dangerous
314.3,0.32,0.3172,4,246.002,DANGER,2,Dangerous
314.4,0.32,0.3171,4,246.0803,DANGER,2,Dangerous
314.5,0.32,0.317,4,246.1586,DANGER,2,Dangerous
314.6,0.32,0.3169,4,246.2368,DANGER,2,Dangerous
314.7,0.32,0.3168,4,246.3151,DANGER,2,Dangerous
314.8,0.32,0.3167,4,246.3934,DANGER,2,Dangerous
314.9,0.31,0.3166,4,247.9475,DANGER,2,Dangerous
315.0,0.31,0.3165,4,248.0262,DANGER,2,Dangerous
315.1,0.31,0.3164,4,248.1049,DANGER,2,Dangerous
315.2,0.31,0.3163,4,248.1837,DANGER,2,Dangerous
315.3,0.31,0.3162,4,248.2624,DANGER,2,Dangerous
315.4,0.31,0.3161,4,248.3412,DANGER,2,Dangerous
315.5,0.31,0.316,4,248.4199,DANGER,2,Dangerous
315.6,0.31,0.3159,4,248.4986,DANGER,2,Dangerous
315.7,0.31,0.3158,4,248.5774,DANGER,2,Dangerous
315.8,0.31,0.3157,4,248.6561,DANGER,2,Dangerous
315.9,0.31,0.3156,4,248.7348,DANGER,2,Dangerous
316.0,0.31,0.3155,4,248.8136,DANGER,2,Dangerous
316.1,0.31,0.3154,4,248.8923,DANGER,2,Dangerous
316.2,0.31,0.3153,4,248.9711,DANGER,2,Dangerous
316.3,0.31,0.3152,4,249.0498,DANGER,2,Dangerous
316.4,0.31,0.3151,4,249.1285,DANGER,2,Dangerous
316.5,0.31,0.315,4,249.2073,DANGER,2,Dangerous
316.6,0.31,0.3149,4,249.286,DANGER,2,Dangerous
316.7,0.31,0.3148,4,249.3648,DANGER,2,Dangerous
316.8,0.31,0.3147,4,249.4435,DANGER,2,Dangerous
316.9,0.31,0.3146,4,249.5222,DANGER,2,Dangerous
317.0,0.31,0.3145,4,249.601,DANGER,2,Dangerous
317.1,0.31,0.3144,4,249.6797,DANGER,2,Dangerous
317.2,0.31,0.3143,4,249.7584,DANGER,2,Dangerous
317.3,0.31,0.3142,4,249.8372,DANGER,2,Dangerous
317.4,0.31,0.3141,4,249.9159,DANGER,2,Dangerous
317.5,0.31,0.314,4,249.9947,DANGER,2,Dangerous
317.6,0.31,0.3139,4,250.0734,DANGER,2,Dangerous
317.7,0.31,0.3138,4,250.1521,DANGER,2,Dangerous
317.8,0.31,0.3137,4,250.2309,DANGER,2,Dangerous
317.9,0.31,0.3136,4,250.3096,DANGER,2,Dangerous
318.0,0.31,0.3135,4,250.3884,DANGER,2,Dangerous
318.1,0.31,0.3134,4,250.4671,DANGER,2,Dangerous
318.2,0.31,0.3133,4,250.5458,DANGER,2,Dangerous
318.3,0.31,0.3132,4,250.6246,DANGER,2,Dangerous
318.4,0.31,0.3131,4,250.7033,DANGER,2,Dangerous
318.5,0.31,0.313,4,250.782,DANGER,2,Dangerous
318.6,0.31,0.3129,4,250.8608,DANGER,2,Dangerous
318.7,0.31,0.3128,4,250.9395,DANGER,2,Dangerous
318.8,0.31,0.3127,4,251.0183,DANGER,2,Dangerous
318.9,0.31,0.3126,4,251.097,DANGER,2,Dangerous
319.0,0.31,0.3125,4,251.1757,DANGER,2,Dangerous
319.1,0.31,0.3124,4,251.2545,DANGER,2,Dangerous
319.2,0.31,0.3123,4,251.3332,DANGER,2,Dangerous
319.3,0.31,0.3122,4,251.412,DANGER,2,Dangerous
319.4,0.31,0.3121,4,251.4907,DANGER,2,Dangerous
319.5,0.31,0.312,4,251.5694,DANGER,2,Dangerous
319.6,0.31,0.3119,4,251.6482,DANGER,2,Dangerous
319.7,0.31,0.3118,4,251.7269,DANGER,2,Dangerous
319.8,0.31,0.3117,4,251.8056,DANGER,2,Dangerous
319.9,0.31,0.3116,4,251.8844,DANGER,2,Dangerous
320.0,0.3,0.3115,4,253.4926,DANGER,2,Dangerous
320.1,0.3,0.3114,4,253.5718,DANGER,2,Dangerous
320.2,0.3,0.3113,4,253.651,DANGER,2,Dangerous
320.3,0.3,0.3112,4,253.7302,DANGER,2,Dangerous
320.4,0.3,0.3111,4,253.8095,DANGER,2,Dangerous
320.5,0.3,0.311,4,253.8887,DANGER,2,Dangerous
320.6,0.3,0.3109,4,253.9679,DANGER,2,Dangerous
320.7,0.3,0.3108,4,254.0471,DANGER,2,Dangerous
320.8,0.3,0.3108,4,254.1263,DANGER,2,Dangerous
320.9,0.3,0.3107,4,254.2055,DANGER,2,Dangerous
321.0,0.3,0.3106,4,254.2848,DANGER,2,Dangerous
321.1,0.3,0.3105,4,254.364,DANGER,2,Dangerous
321.2,0.3,0.3104,4,254.4432,DANGER,2,Dangerous
321.3,0.3,0.3103,4,254.5224,DANGER,2,Dangerous
321.4,0.3,0.3102,4,254.6016,DANGER,2,Dangerous
321.5,0.3,0.3101,4,254.6808,DANGER,2,Dangerous
321.6,0.3,0.31,4,254.7601,DANGER,2,Dangerous
321.7,0.3,0.3099,4,254.8393,DANGER,2,Dangerous
321.8,0.3,0.3098,4,254.9185,DANGER,2,Dangerous
321.9,0.3,0.3097,4,254.9977,DANGER,2,Dangerous
322.0,0.3,0.3096,4,255.0769,DANGER,2,Dangerous
322.1,0.3,0.3095,4,255.1561,DANGER,2,Dangerous
322.2,0.3,0.3094,4,255.2354,DANGER,2,Dangerous
322.3,0.3,0.3093,4,255.3146,DANGER,2,Dangerous
322.4,0.3,0.3092,4,255.3938,DANGER,2,Dangerous
322.5,0.3,0.3091,4,255.473,DANGER,2,Dangerous
322.6,0.3,0.309,4,255.5522,DANGER,2,Dangerous
322.7,0.3,0.3089,4,255.6314,DANGER,2,Dangerous
322.8,0.3,0.3088,4,255.7107,DANGER,2,Dangerous
322.9,0.3,0.3087,4,255.7899,DANGER,2,Dangerous
323.0,0.3,0.3086,4,255.8691,DANGER,2,Dangerous
323.1,0.3,0.3085,4,255.9483,DANGER,2,Dangerous
323.2,0.3,0.3085,4,256.0275,DANGER,2,Dangerous
323.3,0.3,0.3084,4,256.1067,DANGER,2,Dangerous
323.4,0.3,0.3083,4,256.186,DANGER,2,Dangerous
323.5,0.3,0.3082,4,256.2652,DANGER,2,Dangerous
323.6,0.3,0.3081,4,256.3444,DANGER,2,Dangerous
323.7,0.3,0.308,4,256.4236,DANGER,2,Dangerous
323.8,0.3,0.3079,4,256.5028,DANGER,2,Dangerous
323.9,0.3,0.3078,4,256.582,DANGER,2,Dangerous
324.0,0.3,0.3077,4,256.6613,DANGER,2,Dangerous
324.1,0.3,0.3076,4,256.7405,DANGER,2,Dangerous
324.2,0.3,0.3075,4,256.8197,DANGER,2,Dangerous
324.3,0.3,0.3074,4,256.8989,DANGER,2,Dangerous
324.4,0.3,0.3073,4,256.9781,DANGER,2,Dangerous
324.5,0.3,0.3072,4,257.0573,DANGER,2,Dangerous
324.6,0.3,0.3071,4,257.1366,DANGER,2,Dangerous
324.7,0.3,0.307,4,257.2158,DANGER,2,Dangerous
324.8,0.3,0.3069,4,257.295,DANGER,2,Dangerous
324.9,0.3,0.3068,4,257.3742,DANGER,2,Dangerous
325.0,0.3,0.3067,4,257.4534,DANGER,2,Dangerous
325.1,0.3,0.3067,4,257.5326,DANGER,2,Dangerous
325.2,0.3,0.3066,4,257.6119,DANGER,2,Dangerous
325.3,0.3,0.3065,4,257.6911,DANGER,2,Dangerous
325.4,0.29,0.3064,4,259.3568,DANGER,2,Dangerous
325.5,0.29,0.3063,4,259.4365,DANGER,2,Dangerous
325.6,0.29,0.3062,4,259.5162,DANGER,2,Dangerous
325.7,0.29,0.3061,4,259.5959,DANGER,2,Dangerous
325.8,0.29,0.306,4,259.6756,DANGER,2,Dangerous
325.9,0.29,0.3059,4,259.7553,DANGER,2,Dangerous
326.0,0.29,0.3058,4,259.835,DANGER,2,Dangerous
326.1,0.29,0.3057,4,259.9147,DANGER,2,Dangerous
326.2,0.29,0.3056,4,259.9944,DANGER,2,Dangerous
326.3,0.29,0.3055,4,260.0741,DANGER,2,Dangerous
326.4,0.29,0.3054,4,260.1538,DANGER,2,Dangerous
326.5,0.29,0.3053,4,260.2336,DANGER,2,Dangerous
326.6,0.29,0.3053,4,260.3133,DANGER,2,Dangerous
326.7,0.29,0.3052,4,260.393,DANGER,2,Dangerous
326.8,0.29,0.3051,4,260.4727,DANGER,2,Dangerous
326.9,0.29,0.305,4,260.5524,DANGER,2,Dangerous
327.0,0.29,0.3049,4,260.6321,DANGER,2,Dangerous
327.1,0.29,0.3048,4,260.7118,DANGER,2,Dangerous
327.2,0.29,0.3047,4,260.7915,DANGER,2,Dangerous
327.3,0.29,0.3046,4,260.8712,DANGER,2,Dangerous
327.4,0.29,0.3045,4,260.9509,DANGER,2,Dangerous
327.5,0.29,0.3044,4,261.0306,DANGER,2,Dangerous
327.6,0.29,0.3043,4,261.1103,DANGER,2,Dangerous
327.7,0.29,0.3042,4,261.19,DANGER,2,Dangerous
327.8,0.29,0.3041,4,261.2697,DANGER,2,Dangerous
327.9,0.29,0.304,4,261.3494,DANGER,2,Dangerous
328.0,0.29,0.304,4,261.4291,DANGER,2,Dangerous
328.1,0.29,0.3039,4,261.5088,DANGER,2,Dangerous
328.2,0.29,0.3038,4,261.5885,DANGER,2,Dangerous
328.3,0.29,0.3037,4,261.6682,DANGER,2,Dangerous
328.4,0.29,0.3036,4,261.7479,DANGER,2,Dangerous
328.5,0.29,0.3035,4,261.8276,DANGER,2,Dangerous
328.6,0.29,0.3034,4,261.9073,DANGER,2,Dangerous
328.7,0.29,0.3033,4,261.987,DANGER,2,Dangerous
328.8,0.29,0.3032,4,262.0667,DANGER,2,Dangerous
328.9,0.29,0.3031,4,262.1464,DANGER,2,Dangerous
329.0,0.29,0.303,4,262.2262,DANGER,2,Dangerous
329.1,0.29,0.3029,4,262.3059,DANGER,2,Dangerous
329.2,0.29,0.3028,4,262.3856,DANGER,2,Dangerous
329.3,0.29,0.3028,4,262.4653,DANGER,2,Dangerous
329.4,0.29,0.3027,4,262.545,DANGER,2,Dangerous
329.5,0.29,0.3026,4,262.6247,DANGER,2,Dangerous
329.6,0.29,0.3025,4,262.7044,DANGER,2,Dangerous
329.7,0.29,0.3024,4,262.7841,DANGER,2,Dangerous
329.8,0.29,0.3023,4,262.8638,DANGER,2,Dangerous
329.9,0.29,0.3022,4,262.9435,DANGER,2,Dangerous
330.0,0.29,0.3021,4,263.0232,DANGER,2,Dangerous
330.1,0.29,0.302,4,263.1029,DANGER,2,Dangerous
330.2,0.29,0.3019,4,263.1826,DANGER,2,Dangerous
330.3,0.29,0.3018,4,263.2623,DANGER,2,Dangerous
330.4,0.29,0.3018,4,263.342,DANGER,2,Dangerous
330.5,0.29,0.3017,4,263.4217,DANGER,2,Dangerous
330.6,0.29,0.3016,4,263.5014,DANGER,2,Dangerous
330.7,0.29,0.3015,4,263.5811,DANGER,2,Dangerous
330.8,0.29,0.3014,4,263.6608,DANGER,2,Dangerous
330.9,0.29,0.3013,4,263.7405,DANGER,2,Dangerous
331.0,0.29,0.3012,4,263.8202,DANGER,2,Dangerous
331.1,0.28,0.3011,4,265.547,DANGER,2,Dangerous
331.2,0.28,0.301,4,265.6272,DANGER,2,Dangerous
331.3,0.28,0.3009,4,265.7074,DANGER,2,Dangerous
331.4,0.28,0.3008,4,265.7876,DANGER,2,Dangerous
331.5,0.28,0.3008,4,265.8678,DANGER,2,Dangerous
331.6,0.28,0.3007,4,265.948,DANGER,2,Dangerous
331.7,0.28,0.3006,4,266.0282,DANGER,2,Dangerous
331.8,0.28,0.3005,4,266.1084,DANGER,2,Dangerous
331.9,0.28,0.3004,4,266.1886,DANGER,2,Dangerous
332.0,0.28,0.3003,4,266.2689,DANGER,2,Dangerous
332.1,0.28,0.3002,4,266.3491,DANGER,2,Dangerous
332.2,0.28,0.3001,4,266.4293,DANGER,2,Dangerous
332.3,0.28,0.3,4,266.5095,DANGER,2,Dangerous
332.4,0.28,0.2999,4,266.5897,DANGER,2,Dangerous
332.5,0.28,0.2999,4,266.6699,DANGER,2,Dangerous
332.6,0.28,0.2998,4,266.7501,DANGER,2,Dangerous
332.7,0.28,0.2997,4,266.8303,DANGER,2,Dangerous
332.8,0.28,0.2996,4,266.9105,DANGER,2,Dangerous
332.9,0.28,0.2995,4,266.9907,DANGER,2,Dangerous
333.0,0.28,0.2994,4,267.0709,DANGER,2,Dangerous
333.1,0.28,0.2993,4,267.1511,DANGER,2,Dangerous
333.2,0.28,0.2992,4,267.2313,DANGER,2,Dangerous
333.3,0.28,0.2991,4,267.3115,DANGER,2,Dangerous
333.4,0.28,0.299,4,267.3917,DANGER,2,Dangerous
333.5,0.28,0.299,4,267.4719,DANGER,2,Dangerous
333.6,0.28,0.2989,4,267.5521,DANGER,2,Dangerous
333.7,0.28,0.2988,4,267.6323,DANGER,2,Dangerous
333.8,0.28,0.2987,4,267.7125,DANGER,2,Dangerous
333.9,0.28,0.2986,4,267.7927,DANGER,2,Dangerous
334.0,0.28,0.2985,4,267.8729,DANGER,2,Dangerous
334.1,0.28,0.2984,4,267.9531,DANGER,2,Dangerous
334.2,0.28,0.2983,4,268.0333,DANGER,2,Dangerous
334.3,0.28,0.2982,4,268.1135,DANGER,2,Dangerous
334.4,0.28,0.2982,4,268.1937,DANGER,2,Dangerous
334.5,0.28,0.2981,4,268.2739,DANGER,2,Dangerous
334.6,0.28,0.298,4,268.3541,DANGER,2,Dangerous
334.7,0.28,0.2979,4,268.4343,DANGER,2,Dangerous
334.8,0.28,0.2978,4,268.5145,DANGER,2,Dangerous
334.9,0.28,0.2977,4,268.5947,DANGER,2,Dangerous
335.0,0.28,0.2976,4,268.6749,DANGER,2,Dangerous
335.1,0.28,0.2975,4,268.7551,DANGER,2,Dangerous
335.2,0.28,0.2974,4,268.8353,DANGER,2,Dangerous
335.3,0.28,0.2974,4,268.9155,DANGER,2,Dangerous
335.4,0.28,0.2973,4,268.9957,DANGER,2,Dangerous
335.5,0.28,0.2972,4,269.0759,DANGER,2,Dangerous
335.6,0.28,0.2971,4,269.1561,DANGER,2,Dangerous
335.7,0.28,0.297,4,269.2363,DANGER,2,Dangerous
335.8,0.28,0.2969,4,269.3165,DANGER,2,Dangerous
335.9,0.28,0.2968,4,269.3967,DANGER,2,Dangerous
336.0,0.28,0.2967,4,269.4769,DANGER,2,Dangerous
336.1,0.28,0.2966,4,269.5571,DANGER,2,Dangerous
336.2,0.28,0.2966,4,269.6373,DANGER,2,Dangerous
336.3,0.28,0.2965,4,269.7175,DANGER,2,Dangerous
336.4,0.28,0.2964,4,269.7977,DANGER,2,Dangerous
336.5,0.28,0.2963,4,269.8779,DANGER,2,Dangerous
336.6,0.28,0.2962,4,269.9581,DANGER,2,Dangerous
336.7,0.28,0.2961,4,270.0383,DANGER,2,Dangerous
336.8,0.28,0.296,4,270.1185,DANGER,2,Dangerous
336.9,0.28,0.2959,4,270.1987,DANGER,2,Dangerous
337.0,0.27,0.2959,4,271.9898,DANGER,2,Dangerous
337.1,0.27,0.2958,4,272.0705,DANGER,2,Dangerous
337.2,0.27,0.2957,4,272.1513,DANGER,2,Dangerous
337.3,0.27,0.2956,4,272.232,DANGER,2,Dangerous
337.4,0.27,0.2955,4,272.3127,DANGER,2,Dangerous
337.5,0.27,0.2954,4,272.3934,DANGER,2,Dangerous
337.6,0.27,0.2953,4,272.4741,DANGER,2,Dangerous
337.7,0.27,0.2952,4,272.5548,DANGER,2,Dangerous
337.8,0.27,0.2952,4,272.6355,DANGER,2,Dangerous
337.9,0.27,0.2951,4,272.7162,DANGER,2,Dangerous
338.0,0.27,0.295,4,272.7969,DANGER,2,Dangerous
338.1,0.27,0.2949,4,272.8776,DANGER,2,Dangerous
338.2,0.27,0.2948,4,272.9583,DANGER,2,Dangerous
338.3,0.27,0.2947,4,273.0391,DANGER,2,Dangerous
338.4,0.27,0.2946,4,273.1198,DANGER,2,Dangerous
338.5,0.27,0.2946,4,273.2005,DANGER,2,Dangerous
338.6,0.27,0.2945,4,273.2812,DANGER,2,Dangerous
338.7,0.27,0.2944,4,273.3619,DANGER,2,Dangerous
338.8,0.27,0.2943,4,273.4426,DANGER,2,Dangerous
338.9,0.27,0.2942,4,273.5233,DANGER,2,Dangerous
339.0,0.27,0.2941,4,273.604,DANGER,2,Dangerous
339.1,0.27,0.294,4,273.6847,DANGER,2,Dangerous
339.2,0.27,0.2939,4,273.7654,DANGER,2,Dangerous
339.3,0.27,0.2939,4,273.8461,DANGER,2,Dangerous
339.4,0.27,0.2938,4,273.9269,DANGER,2,Dangerous
339.5,0.27,0.2937,4,274.0076,DANGER,2,Dangerous
339.6,0.27,0.2936,4,274.0883,DANGER,2,Dangerous
339.7,0.27,0.2935,4,274.169,DANGER,2,Dangerous
339.8,0.27,0.2934,4,274.2497,DANGER,2,Dangerous
339.9,0.27,0.2933,4,274.3304,DANGER,2,Dangerous
340.0,0.27,0.2933,4,274.4111,DANGER,2,Dangerous
340.1,0.27,0.2932,4,274.4918,DANGER,2,Dangerous
340.2,0.27,0.2931,4,274.5725,DANGER,2,Dangerous
340.3,0.27,0.293,4,274.6532,DANGER,2,Dangerous
340.4,0.27,0.2929,4,274.7339,DANGER,2,Dangerous
340.5,0.27,0.2928,4,274.8147,DANGER,2,Dangerous
340.6,0.27,0.2927,4,274.8954,DANGER,2,Dangerous
340.7,0.27,0.2927,4,274.9761,DANGER,2,Dangerous
340.8,0.27,0.2926,4,275.0568,DANGER,2,Dangerous
340.9,0.27,0.2925,4,275.1375,DANGER,2,Dangerous
341.0,0.27,0.2924,4,275.2182,DANGER,2,Dangerous
341.1,0.27,0.2923,4,275.2989,DANGER,2,Dangerous
341.2,0.27,0.2922,4,275.3796,DANGER,2,Dangerous
341.3,0.27,0.2921,4,275.4603,DANGER,2,Dangerous
341.4,0.27,0.2921,4,275.541,DANGER,2,Dangerous
341.5,0.27,0.292,4,275.6217,DANGER,2,Dangerous
341.6,0.27,0.2919,4,275.7025,DANGER,2,Dangerous
341.7,0.27,0.2918,4,275.7832,DANGER,2,Dangerous
341.8,0.27,0.2917,4,275.8639,DANGER,2,Dangerous
341.9,0.27,0.2916,4,275.9446,DANGER,2,Dangerous
342.0,0.27,0.2915,4,276.0253,DANGER,2,Dangerous
342.1,0.27,0.2915,4,276.106,DANGER,2,Dangerous
342.2,0.27,0.2914,4,276.1867,DANGER,2,Dangerous
342.3,0.27,0.2913,4,276.2674,DANGER,2,Dangerous
342.4,0.27,0.2912,4,276.3481,DANGER,2,Dangerous
342.5,0.27,0.2911,4,276.4288,DANGER,2,Dangerous
342.6,0.27,0.291,4,276.5095,DANGER,2,Dangerous
342.7,0.27,0.291,4,276.5903,DANGER,2,Dangerous
342.8,0.27,0.2909,4,276.671,DANGER,2,Dangerous
342.9,0.27,0.2908,4,276.7517,DANGER,2,Dangerous
343.0,0.27,0.2907,4,276.8324,DANGER,2,Dangerous
343.1,0.27,0.2906,4,276.9131,DANGER,2,Dangerous
343.2,0.27,0.2905,4,276.9938,DANGER,2,Dangerous
343.3,0.27,0.2904,4,277.0745,DANGER,2,Dangerous
343.4,0.26,0.2904,4,278.9349,DANGER,2,Dangerous
343.5,0.26,0.2903,4,279.0161,DANGER,2,Dangerous
343.6,0.26,0.2902,4,279.0973,DANGER,2,Dangerous
343.7,0.26,0.2901,4,279.1786,DANGER,2,Dangerous
343.8,0.26,0.29,4,279.2598,DANGER,2,Dangerous
343.9,0.26,0.2899,4,279.341,DANGER,2,Dangerous
344.0,0.26,0.2899,4,279.4222,DANGER,2,Dangerous
344.1,0.26,0.2898,4,279.5035,DANGER,2,Dangerous
344.2,0.26,0.2897,4,279.5847,DANGER,2,Dangerous
344.3,0.26,0.2896,4,279.6659,DANGER,2,Dangerous
344.4,0.26,0.2895,4,279.7472,DANGER,2,Dangerous
344.5,0.26,0.2894,4,279.8284,DANGER,2,Dangerous
344.6,0.26,0.2894,4,279.9096,DANGER,2,Dangerous
344.7,0.26,0.2893,4,279.9908,DANGER,2,Dangerous
344.8,0.26,0.2892,4,280.0721,DANGER,2,Dangerous
344.9,0.26,0.2891,4,280.1533,DANGER,2,Dangerous
345.0,0.26,0.289,4,280.2345,DANGER,2,Dangerous
345.1,0.26,0.2889,4,280.3157,DANGER,2,Dangerous
345.2,0.26,0.2889,4,280.397,DANGER,2,Dangerous
345.3,0.26,0.2888,4,280.4782,DANGER,2,Dangerous
345.4,0.26,0.2887,4,280.5594,DANGER,2,Dangerous
345.5,0.26,0.2886,4,280.6407,DANGER,2,Dangerous
345.6,0.26,0.2885,4,280.7219,DANGER,2,Dangerous
345.7,0.26,0.2884,4,280.8031,DANGER,2,Dangerous
345.8,0.26,0.2884,4,280.8843,DANGER,2,Dangerous
345.9,0.26,0.2883,4,280.9656,DANGER,2,Dangerous
346.0,0.26,0.2882,4,281.0468,DANGER,2,Dangerous
346.1,0.26,0.2881,4,281.128,DANGER,2,Dangerous
346.2,0.26,0.288,4,281.2092,DANGER,2,Dangerous
346.3,0.26,0.2879,4,281.2905,DANGER,2,Dangerous
346.4,0.26,0.2879,4,281.3717,DANGER,2,Dangerous
346.5,0.26,0.2878,4,281.4529,DANGER,2,Dangerous
346.6,0.26,0.2877,4,281.5342,DANGER,2,Dangerous
346.7,0.26,0.2876,4,281.6154,DANGER,2,Dangerous
346.8,0.26,0.2875,4,281.6966,DANGER,2,Dangerous
346.9,0.26,0.2874,4,281.7778,DANGER,2,Dangerous
347.0,0.26,0.2874,4,281.8591,DANGER,2,Dangerous
347.1,0.26,0.2873,4,281.9403,DANGER,2,Dangerous
347.2,0.26,0.2872,4,282.0215,DANGER,2,Dangerous
347.3,0.26,0.2871,4,282.1027,DANGER,2,Dangerous
347.4,0.26,0.287,4,282.184,DANGER,2,Dangerous
347.5,0.26,0.2869,4,282.2652,DANGER,2,Dangerous
347.6,0.26,0.2869,4,282.3464,DANGER,2,Dangerous
347.7,0.26,0.2868,4,282.4277,DANGER,2,Dangerous
347.8,0.26,0.2867,4,282.5089,DANGER,2,Dangerous
347.9,0.26,0.2866,4,282.5901,DANGER,2,Dangerous
348.0,0.26,0.2865,4,282.6713,DANGER,2,Dangerous
348.1,0.26,0.2865,4,282.7526,DANGER,2,Dangerous
348.2,0.26,0.2864,4,282.8338,DANGER,2,Dangerous
348.3,0.26,0.2863,4,282.915,DANGER,2,Dangerous
348.4,0.26,0.2862,4,282.9962,DANGER,2,Dangerous
348.5,0.26,0.2861,4,283.0775,DANGER,2,Dangerous
348.6,0.26,0.286,4,283.1587,DANGER,2,Dangerous
348.7,0.26,0.286,4,283.2399,DANGER,2,Dangerous
348.8,0.26,0.2859,4,283.3212,DANGER,2,Dangerous
348.9,0.26,0.2858,4,283.4024,DANGER,2,Dangerous
349.0,0.26,0.2857,4,283.4836,DANGER,2,Dangerous
349.1,0.26,0.2856,4,283.5648,DANGER,2,Dangerous
349.2,0.26,0.2856,4,283.6461,DANGER,2,Dangerous
349.3,0.26,0.2855,4,283.7273,DANGER,2,Dangerous
349.4,0.26,0.2854,4,283.8085,DANGER,2,Dangerous
349.5,0.26,0.2853,4,283.8898,DANGER,2,Dangerous
349.6,0.26,0.2852,4,283.971,DANGER,2,Dangerous
349.7,0.26,0.2851,4,284.0522,DANGER,2,Dangerous
349.8,0.26,0.2851,4,284.1334,DANGER,2,Dangerous
349.9,0.26,0.285,4,284.2147,DANGER,2,Dangerous
350.0,0.25,0.2849,4,286.1479,DANGER,2,Dangerous
350.1,0.25,0.2848,4,286.2297,DANGER,2,Dangerous
350.2,0.25,0.2847,4,286.3114,DANGER,2,Dangerous
350.3,0.25,0.2847,4,286.3932,DANGER,2,Dangerous
350.4,0.25,0.2846,4,286.475,DANGER,2,Dangerous
350.5,0.25,0.2845,4,286.5567,DANGER,2,Dangerous
350.6,0.25,0.2844,4,286.6385,DANGER,2,Dangerous
350.7,0.25,0.2843,4,286.7202,DANGER,2,Dangerous
350.8,0.25,0.2843,4,286.802,DANGER,2,Dangerous
350.9,0.25,0.2842,4,286.8837,DANGER,2,Dangerous
351.0,0.25,0.2841,4,286.9655,DANGER,2,Dangerous
351.1,0.25,0.284,4,287.0473,DANGER,2,Dangerous
351.2,0.25,0.2839,4,287.129,DANGER,2,Dangerous
351.3,0.25,0.2838,4,287.2108,DANGER,2,Dangerous
351.4,0.25,0.2838,4,287.2925,DANGER,2,Dangerous
351.5,0.25,0.2837,4,287.3743,DANGER,2,Dangerous
351.6,0.25,0.2836,4,287.456,DANGER,2,Dangerous
351.7,0.25,0.2835,4,287.5378,DANGER,2,Dangerous
351.8,0.25,0.2834,4,287.6196,DANGER,2,Dangerous
351.9,0.25,0.2834,4,287.7013,DANGER,2,Dangerous
352.0,0.25,0.2833,4,287.7831,DANGER,2,Dangerous
352.1,0.25,0.2832,4,287.8648,DANGER,2,Dangerous
352.2,0.25,0.2831,4,287.9466,DANGER,2,Dangerous
352.3,0.25,0.283,4,288.0283,DANGER,2,Dangerous
352.4,0.25,0.283,4,288.1101,DANGER,2,Dangerous
352.5,0.25,0.2829,4,288.1918,DANGER,2,Dangerous
352.6,0.25,0.2828,4,288.2736,DANGER,2,Dangerous
352.7,0.25,0.2827,4,288.3554,DANGER,2,Dangerous
352.8,0.25,0.2826,4,288.4371,DANGER,2,Dangerous
352.9,0.25,0.2826,4,288.5189,DANGER,2,Dangerous
353.0,0.25,0.2825,4,288.6006,DANGER,2,Dangerous
353.1,0.25,0.2824,4,288.6824,DANGER,2,Dangerous
353.2,0.25,0.2823,4,288.7641,DANGER,2,Dangerous
353.3,0.25,0.2822,4,288.8459,DANGER,2,Dangerous
353.4,0.25,0.2822,4,288.9277,DANGER,2,Dangerous
353.5,0.25,0.2821,4,289.0094,DANGER,2,Dangerous
353.6,0.25,0.282,4,289.0912,DANGER,2,Dangerous
353.7,0.25,0.2819,4,289.1729,DANGER,2,Dangerous
353.8,0.25,0.2818,4,289.2547,DANGER,2,Dangerous
353.9,0.25,0.2818,4,289.3364,DANGER,2,Dangerous
354.0,0.25,0.2817,4,289.4182,DANGER,2,Dangerous
354.1,0.25,0.2816,4,289.5,DANGER,2,Dangerous
354.2,0.25,0.2815,4,289.5817,DANGER,2,Dangerous
354.3,0.25,0.2815,4,289.6635,DANGER,2,Dangerous
354.4,0.25,0.2814,4,289.7452,DANGER,2,Dangerous
354.5,0.25,0.2813,4,289.827,DANGER,2,Dangerous
354.6,0.25,0.2812,4,289.9087,DANGER,2,Dangerous
354.7,0.25,0.2811,4,289.9905,DANGER,2,Dangerous
354.8,0.25,0.2811,4,290.0722,DANGER,2,Dangerous
354.9,0.25,0.281,4,290.154,DANGER,2,Dangerous
355.0,0.25,0.2809,4,290.2358,DANGER,2,Dangerous
355.1,0.25,0.2808,4,290.3175,DANGER,2,Dangerous
355.2,0.25,0.2807,4,290.3993,DANGER,2,Dangerous
355.3,0.25,0.2807,4,290.481,DANGER,2,Dangerous
355.4,0.25,0.2806,4,290.5628,DANGER,2,Dangerous
355.5,0.25,0.2805,4,290.6445,DANGER,2,Dangerous
355.6,0.25,0.2804,4,290.7263,DANGER,2,Dangerous
355.7,0.25,0.2803,4,290.8081,DANGER,2,Dangerous
355.8,0.25,0.2803,4,290.8898,DANGER,2,Dangerous
355.9,0.25,0.2802,4,290.9716,DANGER,2,Dangerous
356.0,0.25,0.2801,4,291.0533,DANGER,2,Dangerous
356.1,0.25,0.28,4,291.1351,DANGER,2,Dangerous
356.2,0.25,0.28,4,291.2168,DANGER,2,Dangerous
356.3,0.25,0.2799,4,291.2986,DANGER,2,Dangerous
356.4,0.25,0.2798,4,291.3804,DANGER,2,Dangerous
356.5,0.25,0.2797,4,291.4621,DANGER,2,Dangerous
356.6,0.25,0.2796,4,291.5439,DANGER,2,Dangerous
356.7,0.25,0.2796,4,291.6256,DANGER,2,Dangerous
356.8,0.25,0.2795,4,291.7074,DANGER,2,Dangerous
356.9,0.25,0.2794,4,291.7891,DANGER,2,Dangerous
357.0,0.25,0.2793,4,291.8709,DANGER,2,Dangerous
357.1,0.24,0.2793,4,293.8825,DANGER,2,Dangerous
357.2,0.24,0.2792,4,293.9648,DANGER,2,Dangerous
357.3,0.24,0.2791,4,294.0471,DANGER,2,Dangerous
357.4,0.24,0.279,4,294.1294,DANGER,2,Dangerous
357.5,0.24,0.2789,4,294.2117,DANGER,2,Dangerous
357.6,0.24,0.2789,4,294.294,DANGER,2,Dangerous
357.7,0.24,0.2788,4,294.3763,DANGER,2,Dangerous
357.8,0.24,0.2787,4,294.4586,DANGER,2,Dangerous
357.9,0.24,0.2786,4,294.5409,DANGER,2,Dangerous
358.0,0.24,0.2786,4,294.6232,DANGER,2,Dangerous
358.1,0.24,0.2785,4,294.7055,DANGER,2,Dangerous
358.2,0.24,0.2784,4,294.7878,DANGER,2,Dangerous
358.3,0.24,0.2783,4,294.8701,DANGER,2,Dangerous
358.4,0.24,0.2782,4,294.9524,DANGER,2,Dangerous
358.5,0.24,0.2782,4,295.0347,DANGER,2,Dangerous
358.6,0.24,0.2781,4,295.117,DANGER,2,Dangerous
358.7,0.24,0.278,4,295.1993,DANGER,2,Dangerous
358.8,0.24,0.2779,4,295.2816,DANGER,2,Dangerous
358.9,0.24,0.2779,4,295.3639,DANGER,2,Dangerous
359.0,0.24,0.2778,4,295.4462,DANGER,2,Dangerous
359.1,0.24,0.2777,4,295.5285,DANGER,2,Dangerous
359.2,0.24,0.2776,4,295.6108,DANGER,2,Dangerous
359.3,0.24,0.2775,4,295.6931,DANGER,2,Dangerous
359.4,0.24,0.2775,4,295.7754,DANGER,2,Dangerous
359.5,0.24,0.2774,4,295.8577,DANGER,2,Dangerous
359.6,0.24,0.2773,4,295.9399,DANGER,2,Dangerous
359.7,0.24,0.2772,4,296.0222,DANGER,2,Dangerous
359.8,0.24,0.2772,4,296.1045,DANGER,2,Dangerous
359.9,0.24,0.2771,4,296.1868,DANGER,2,Dangerous
360.0,0.24,0.277,4,296.2691,DANGER,2,Dangerous
360.1,0.24,0.2769,4,296.3514,DANGER,2,Dangerous
360.2,0.24,0.2769,4,296.4337,DANGER,2,Dangerous
360.3,0.24,0.2768,4,296.516,DANGER,2,Dangerous
360.4,0.24,0.2767,4,296.5983,DANGER,2,Dangerous
360.5,0.24,0.2766,4,296.6806,DANGER,2,Dangerous
360.6,0.24,0.2765,4,296.7629,DANGER,2,Dangerous
360.7,0.24,0.2765,4,296.8452,DANGER,2,Dangerous
360.8,0.24,0.2764,4,296.9275,DANGER,2,Dangerous
360.9,0.24,0.2763,4,297.0098,DANGER,2,Dangerous
361.0,0.24,0.2762,4,297.0921,DANGER,2,Dangerous
361.1,0.24,0.2762,4,297.1744,DANGER,2,Dangerous
361.2,0.24,0.2761,4,297.2567,DANGER,2,Dangerous
361.3,0.24,0.276,4,297.339,DANGER,2,Dangerous
361.4,0.24,0.2759,4,297.4213,DANGER,2,Dangerous
361.5,0.24,0.2759,4,297.5036,DANGER,2,Dangerous
361.6,0.24,0.2758,4,297.5859,DANGER,2,Dangerous
361.7,0.24,0.2757,4,297.6682,DANGER,2,Dangerous
361.8,0.24,0.2756,4,297.7505,DANGER,2,Dangerous
361.9,0.24,0.2756,4,297.8328,DANGER,2,Dangerous
362.0,0.24,0.2755,4,297.9151,DANGER,2,Dangerous
362.1,0.24,0.2754,4,297.9974,DANGER,2,Dangerous
362.2,0.24,0.2753,4,298.0797,DANGER,2,Dangerous
362.3,0.24,0.2753,4,298.162,DANGER,2,Dangerous
362.4,0.24,0.2752,4,298.2443,DANGER,2,Dangerous
362.5,0.24,0.2751,4,298.3266,DANGER,2,Dangerous
362.6,0.24,0.275,4,298.4089,DANGER,2,Dangerous
362.7,0.24,0.275,4,298.4912,DANGER,2,Dangerous
362.8,0.24,0.2749,4,298.5735,DANGER,2,Dangerous
362.9,0.24,0.2748,4,298.6557,DANGER,2,Dangerous
363.0,0.24,0.2747,4,298.738,DANGER,2,Dangerous
363.1,0.24,0.2746,4,298.8203,DANGER,2,Dangerous
363.2,0.24,0.2746,4,298.9026,DANGER,2,Dangerous
363.3,0.24,0.2745,4,298.9849,DANGER,2,Dangerous
363.4,0.24,0.2744,4,299.0672,DANGER,2,Dangerous
363.5,0.24,0.2743,4,299.1495,DANGER,2,Dangerous
363.6,0.24,0.2743,4,299.2318,DANGER,2,Dangerous
363.7,0.24,0.2742,4,299.3141,DANGER,2,Dangerous
363.8,0.24,0.2741,4,299.3964,DANGER,2,Dangerous
363.9,0.24,0.274,4,299.4787,DANGER,2,Dangerous
364.0,0.24,0.274,4,299.561,DANGER,2,Dangerous
364.1,0.24,0.2739,4,299.6433,DANGER,2,Dangerous
364.2,0.24,0.2738,4,299.7256,DANGER,2,Dangerous
364.3,0.24,0.2737,4,299.8079,DANGER,2,Dangerous
364.4,0.24,0.2737,4,299.8902,DANGER,2,Dangerous
364.5,0.24,0.2736,4,299.9725,DANGER,2,Dangerous
364.6,0.24,0.2735,4,300.0548,DANGER,2,Dangerous
364.7,0.23,0.2734,4,302.1506,DANGER,2,Dangerous
364.8,0.23,0.2734,4,302.2334,DANGER,2,Dangerous
364.9,0.23,0.2733,4,302.3163,DANGER,2,Dangerous
365.0,0.23,0.2732,4,302.3991,DANGER,2,Dangerous
365.1,0.23,0.2731,4,302.482,DANGER,2,Dangerous
365.2,0.23,0.2731,4,302.5648,DANGER,2,Dangerous
365.3,0.23,0.273,4,302.6476,DANGER,2,Dangerous
365.4,0.23,0.2729,4,302.7305,DANGER,2,Dangerous
365.5,0.23,0.2729,4,302.8133,DANGER,2,Dangerous
365.6,0.23,0.2728,4,302.8962,DANGER,2,Dangerous
365.7,0.23,0.2727,4,302.979,DANGER,2,Dangerous
365.8,0.23,0.2726,4,303.0619,DANGER,2,Dangerous
365.9,0.23,0.2726,4,303.1447,DANGER,2,Dangerous
366.0,0.23,0.2725,4,303.2276,DANGER,2,Dangerous
366.1,0.23,0.2724,4,303.3104,DANGER,2,Dangerous
366.2,0.23,0.2723,4,303.3933,DANGER,2,Dangerous
366.3,0.23,0.2723,4,303.4761,DANGER,2,Dangerous
366.4,0.23,0.2722,4,303.559,DANGER,2,Dangerous
366.5,0.23,0.2721,4,303.6418,DANGER,2,Dangerous
366.6,0.23,0.272,4,303.7247,DANGER,2,Dangerous
366.7,0.23,0.272,4,303.8075,DANGER,2,Dangerous
366.8,0.23,0.2719,4,303.8904,DANGER,2,Dangerous
366.9,0.23,0.2718,4,303.9732,DANGER,2,Dangerous
367.0,0.23,0.2717,4,304.0561,DANGER,2,Dangerous
367.1,0.23,0.2717,4,304.1389,DANGER,2,Dangerous
367.2,0.23,0.2716,4,304.2218,DANGER,2,Dangerous
367.3,0.23,0.2715,4,304.3046,DANGER,2,Dangerous
367.4,0.23,0.2714,4,304.3875,DANGER,2,Dangerous
367.5,0.23,0.2714,4,304.4703,DANGER,2,Dangerous
367.6,0.23,0.2713,4,304.5532,DANGER,2,Dangerous
367.7,0.23,0.2712,4,304.636,DANGER,2,Dangerous
367.8,0.23,0.2711,4,304.7189,DANGER,2,Dangerous
367.9,0.23,0.2711,4,304.8017,DANGER,2,Dangerous
368.0,0.23,0.271,4,304.8846,DANGER,2,Dangerous
368.1,0.23,0.2709,4,304.9674,DANGER,2,Dangerous
368.2,0.23,0.2709,4,305.0503,DANGER,2,Dangerous
368.3,0.23,0.2708,4,305.1331,DANGER,2,Dangerous
368.4,0.23,0.2707,4,305.216,DANGER,2,Dangerous
368.5,0.23,0.2706,4,305.2988,DANGER,2,Dangerous
368.6,0.23,0.2706,4,305.3817,DANGER,2,Dangerous
368.7,0.23,0.2705,4,305.4645,DANGER,2,Dangerous
368.8,0.23,0.2704,4,305.5474,DANGER,2,Dangerous
368.9,0.23,0.2703,4,305.6302,DANGER,2,Dangerous
369.0,0.23,0.2703,4,305.7131,DANGER,2,Dangerous
369.1,0.23,0.2702,4,305.7959,DANGER,2,Dangerous
369.2,0.23,0.2701,4,305.8788,DANGER,2,Dangerous
369.3,0.23,0.2701,4,305.9616,DANGER,2,Dangerous
369.4,0.23,0.27,4,306.0445,DANGER,2,Dangerous
369.5,0.23,0.2699,4,306.1273,DANGER,2,Dangerous
369.6,0.23,0.2698,4,306.2102,DANGER,2,Dangerous
369.7,0.23,0.2698,4,306.293,DANGER,2,Dangerous
369.8,0.23,0.2697,4,306.3759,DANGER,2,Dangerous
369.9,0.23,0.2696,4,306.4587,DANGER,2,Dangerous
370.0,0.23,0.2695,4,306.5416,DANGER,2,Dangerous
370.1,0.23,0.2695,4,306.6244,DANGER,2,Dangerous
370.2,0.23,0.2694,4,306.7073,DANGER,2,Dangerous
370.3,0.23,0.2693,4,306.7901,DANGER,2,Dangerous
370.4,0.23,0.2693,4,306.873,DANGER,2,Dangerous
370.5,0.23,0.2692,4,306.9558,DANGER,2,Dangerous
370.6,0.23,0.2691,4,307.0386,DANGER,2,Dangerous
370.7,0.23,0.269,4,307.1215,DANGER,2,Dangerous
370.8,0.23,0.269,4,307.2043,DANGER,2,Dangerous
370.9,0.23,0.2689,4,307.2872,DANGER,2,Dangerous
371.0,0.23,0.2688,4,307.37,DANGER,2,Dangerous
371.1,0.23,0.2687,4,307.4529,DANGER,2,Dangerous
371.2,0.23,0.2687,4,307.5357,DANGER,2,Dangerous
371.3,0.23,0.2686,4,307.6186,DANGER,2,Dangerous
371.4,0.23,0.2685,4,307.7014,DANGER,2,Dangerous
371.5,0.23,0.2685,4,307.7843,DANGER,2,Dangerous
371.6,0.23,0.2684,4,307.8671,DANGER,2,Dangerous
371.7,0.23,0.2683,4,307.95,DANGER,2,Dangerous
371.8,0.23,0.2682,4,308.0328,DANGER,2,Dangerous
371.9,0.23,0.2682,4,308.1157,DANGER,2,Dangerous
372.0,0.23,0.2681,4,308.1985,DANGER,2,Dangerous
372.1,0.23,0.268,4,308.2814,DANGER,2,Dangerous
372.2,0.23,0.268,4,308.3642,DANGER,2,Dangerous
372.3,0.23,0.2679,4,308.4471,DANGER,2,Dangerous
372.4,0.23,0.2678,4,308.5299,DANGER,2,Dangerous
372.5,0.23,0.2677,4,308.6128,DANGER,2,Dangerous
372.6,0.23,0.2677,4,308.6956,DANGER,2,Dangerous
372.7,0.22,0.2676,4,310.881,DANGER,2,Dangerous
372.8,0.22,0.2675,4,310.9645,DANGER,2,Dangerous
372.9,0.22,0.2675,4,311.0479,DANGER,2,Dangerous
373.0,0.22,0.2674,4,311.1313,DANGER,2,Dangerous
373.1,0.22,0.2673,4,311.2147,DANGER,2,Dangerous
373.2,0.22,0.2672,4,311.2981,DANGER,2,Dangerous
373.3,0.22,0.2672,4,311.3815,DANGER,2,Dangerous
373.4,0.22,0.2671,4,311.4649,DANGER,2,Dangerous
373.5,0.22,0.267,4,311.5483,DANGER,2,Dangerous
373.6,0.22,0.267,4,311.6318,DANGER,2,Dangerous
373.7,0.22,0.2669,4,311.7152,DANGER,2,Dangerous
373.8,0.22,0.2668,4,311.7986,DANGER,2,Dangerous
373.9,0.22,0.2667,4,311.882,DANGER,2,Dangerous
374.0,0.22,0.2667,4,311.9654,DANGER,2,Dangerous
374.1,0.22,0.2666,4,312.0488,DANGER,2,Dangerous
374.2,0.22,0.2665,4,312.1322,DANGER,2,Dangerous
374.3,0.22,0.2665,4,312.2156,DANGER,2,Dangerous
374.4,0.22,0.2664,4,312.2991,DANGER,2,Dangerous
374.5,0.22,0.2663,4,312.3825,DANGER,2,Dangerous
374.6,0.22,0.2662,4,312.4659,DANGER,2,Dangerous
374.7,0.22,0.2662,4,312.5493,DANGER,2,Dangerous
374.8,0.22,0.2661,4,312.6327,DANGER,2,Dangerous
374.9,0.22,0.266,4,312.7161,DANGER,2,Dangerous
375.0,0.22,0.266,4,312.7995,DANGER,2,Dangerous
375.1,0.22,0.2659,4,312.883,DANGER,2,Dangerous
375.2,0.22,0.2658,4,312.9664,DANGER,2,Dangerous
375.3,0.22,0.2657,4,313.0498,DANGER,2,Dangerous
375.4,0.22,0.2657,4,313.1332,DANGER,2,Dangerous
375.5,0.22,0.2656,4,313.2166,DANGER,2,Dangerous
375.6,0.22,0.2655,4,313.3,DANGER,2,Dangerous
375.7,0.22,0.2655,4,313.3834,DANGER,2,Dangerous
375.8,0.22,0.2654,4,313.4668,DANGER,2,Dangerous
375.9,0.22,0.2653,4,313.5503,DANGER,2,Dangerous
376.0,0.22,0.2653,4,313.6337,DANGER,2,Dangerous
376.1,0.22,0.2652,4,313.7171,DANGER,2,Dangerous
376.2,0.22,0.2651,4,313.8005,DANGER,2,Dangerous
376.3,0.22,0.265,4,313.8839,DANGER,2,Dangerous
376.4,0.22,0.265,4,313.9673,DANGER,2,Dangerous
376.5,0.22,0.2649,4,314.0507,DANGER,2,Dangerous
376.6,0.22,0.2648,4,314.1342,DANGER,2,Dangerous
376.7,0.22,0.2648,4,314.2176,DANGER,2,Dangerous
376.8,0.22,0.2647,4,314.301,DANGER,2,Dangerous
376.9,0.22,0.2646,4,314.3844,DANGER,2,Dangerous
377.0,0.22,0.2646,4,314.4678,DANGER,2,Dangerous
377.1,0.22,0.2645,4,314.5512,DANGER,2,Dangerous
377.2,0.22,0.2644,4,314.6346,DANGER,2,Dangerous
377.3,0.22,0.2643,4,314.718,DANGER,2,Dangerous
377.4,0.22,0.2643,4,314.8015,DANGER,2,Dangerous
377.5,0.22,0.2642,4,314.8849,DANGER,2,Dangerous
377.6,0.22,0.2641,4,314.9683,DANGER,2,Dangerous
377.7,0.22,0.2641,4,315.0517,DANGER,2,Dangerous
377.8,0.22,0.264,4,315.1351,DANGER,2,Dangerous
377.9,0.22,0.2639,4,315.2185,DANGER,2,Dangerous
378.0,0.22,0.2639,4,315.3019,DANGER,2,Dangerous
378.1,0.22,0.2638,4,315.3854,DANGER,2,Dangerous
378.2,0.22,0.2637,4,315.4688,DANGER,2,Dangerous
378.3,0.22,0.2636,4,315.5522,DANGER,2,Dangerous
378.4,0.22,0.2636,4,315.6356,DANGER,2,Dangerous
378.5,0.22,0.2635,4,315.719,DANGER,2,Dangerous
378.6,0.22,0.2634,4,315.8024,DANGER,2,Dangerous
378.7,0.22,0.2634,4,315.8858,DANGER,2,Dangerous
378.8,0.22,0.2633,4,315.9692,DANGER,2,Dangerous
378.9,0.22,0.2632,4,316.0527,DANGER,2,Dangerous
379.0,0.22,0.2632,4,316.1361,DANGER,2,Dangerous
379.1,0.22,0.2631,4,316.2195,DANGER,2,Dangerous
379.2,0.22,0.263,4,316.3029,DANGER,2,Dangerous
379.3,0.22,0.263,4,316.3863,DANGER,2,Dangerous
379.4,0.22,0.2629,4,316.4697,DANGER,2,Dangerous
379.5,0.22,0.2628,4,316.5531,DANGER,2,Dangerous
379.6,0.22,0.2627,4,316.6366,DANGER,2,Dangerous
379.7,0.22,0.2627,4,316.72,DANGER,2,Dangerous
379.8,0.22,0.2626,4,316.8034,DANGER,2,Dangerous
379.9,0.22,0.2625,4,316.8868,DANGER,2,Dangerous
380.0,0.22,0.2625,4,316.9702,DANGER,2,Dangerous
380.1,0.22,0.2624,4,317.0536,DANGER,2,Dangerous
380.2,0.22,0.2623,4,317.137,DANGER,2,Dangerous
380.3,0.22,0.2623,4,317.2204,DANGER,2,Dangerous
380.4,0.22,0.2622,4,317.3039,DANGER,2,Dangerous
380.5,0.22,0.2621,4,317.3873,DANGER,2,Dangerous
380.6,0.22,0.2621,4,317.4707,DANGER,2,Dangerous
380.7,0.22,0.262,4,317.5541,DANGER,2,Dangerous
380.8,0.22,0.2619,4,317.6375,DANGER,2,Dangerous
380.9,0.22,0.2618,4,317.7209,DANGER,2,Dangerous
381.0,0.22,0.2618,4,317.8043,DANGER,2,Dangerous
381.1,0.22,0.2617,4,317.8877,DANGER,2,Dangerous
381.2,0.22,0.2616,4,317.9712,DANGER,2,Dangerous
381.3,0.21,0.2616,4,320.2532,DANGER,2,Dangerous
381.4,0.21,0.2615,4,320.3372,DANGER,2,Dangerous
381.5,0.21,0.2614,4,320.4212,DANGER,2,Dangerous
381.6,0.21,0.2614,4,320.5052,DANGER,2,Dangerous
381.7,0.21,0.2613,4,320.5892,DANGER,2,Dangerous
381.8,0.21,0.2612,4,320.6732,DANGER,2,Dangerous
381.9,0.21,0.2612,4,320.7572,DANGER,2,Dangerous
382.0,0.21,0.2611,4,320.8411,DANGER,2,Dangerous
382.1,0.21,0.261,4,320.9251,DANGER,2,Dangerous
382.2,0.21,0.261,4,321.0091,DANGER,2,Dangerous
382.3,0.21,0.2609,4,321.0931,DANGER,2,Dangerous
382.4,0.21,0.2608,4,321.1771,DANGER,2,Dangerous
382.5,0.21,0.2608,4,321.2611,DANGER,2,Dangerous
382.6,0.21,0.2607,4,321.3451,DANGER,2,Dangerous
382.7,0.21,0.2606,4,321.4291,DANGER,2,Dangerous
382.8,0.21,0.2606,4,321.5131,DANGER,2,Dangerous
382.9,0.21,0.2605,4,321.5971,DANGER,2,Dangerous
383.0,0.21,0.2604,4,321.681,DANGER,2,Dangerous
383.1,0.21,0.2603,4,321.765,DANGER,2,Dangerous
383.2,0.21,0.2603,4,321.849,DANGER,2,Dangerous
383.3,0.21,0.2602,4,321.933,DANGER,2,Dangerous
383.4,0.21,0.2601,4,322.017,DANGER,2,Dangerous
383.5,0.21,0.2601,4,322.101,DANGER,2,Dangerous
383.6,0.21,0.26,4,322.185,DANGER,2,Dangerous
383.7,0.21,0.2599,4,322.269,DANGER,2,Dangerous
383.8,0.21,0.2599,4,322.353,DANGER,2,Dangerous
383.9,0.21,0.2598,4,322.437,DANGER,2,Dangerous
384.0,0.21,0.2597,4,322.5209,DANGER,2,Dangerous
384.1,0.21,0.2597,4,322.6049,DANGER,2,Dangerous
384.2,0.21,0.2596,4,322.6889,DANGER,2,Dangerous
384.3,0.21,0.2595,4,322.7729,DANGER,2,Dangerous
384.4,0.21,0.2595,4,322.8569,DANGER,2,Dangerous
384.5,0.21,0.2594,4,322.9409,DANGER,2,Dangerous
384.6,0.21,0.2593,4,323.0249,DANGER,2,Dangerous
384.7,0.21,0.2593,4,323.1089,DANGER,2,Dangerous
384.8,0.21,0.2592,4,323.1929,DANGER,2,Dangerous
384.9,0.21,0.2591,4,323.2769,DANGER,2,Dangerous
385.0,0.21,0.2591,4,323.3608,DANGER,2,Dangerous
385.1,0.21,0.259,4,323.4448,DANGER,2,Dangerous
385.2,0.21,0.2589,4,323.5288,DANGER,2,Dangerous
385.3,0.21,0.2589,4,323.6128,DANGER,2,Dangerous
385.4,0.21,0.2588,4,323.6968,DANGER,2,Dangerous
385.5,0.21,0.2587,4,323.7808,DANGER,2,Dangerous
385.6,0.21,0.2587,4,323.8648,DANGER,2,Dangerous
385.7,0.21,0.2586,4,323.9488,DANGER,2,Dangerous
385.8,0.21,0.2585,4,324.0328,DANGER,2,Dangerous
385.9,0.21,0.2585,4,324.1167,DANGER,2,Dangerous
386.0,0.21,0.2584,4,324.2007,DANGER,2,Dangerous
386.1,0.21,0.2583,4,324.2847,DANGER,2,Dangerous
386.2,0.21,0.2583,4,324.3687,DANGER,2,Dangerous
386.3,0.21,0.2582,4,324.4527,DANGER,2,Dangerous
386.4,0.21,0.2581,4,324.5367,DANGER,2,Dangerous
386.5,0.21,0.2581,4,324.6207,DANGER,2,Dangerous
386.6,0.21,0.258,4,324.7047,DANGER,2,Dangerous
386.7,0.21,0.2579,4,324.7887,DANGER,2,Dangerous
386.8,0.21,0.2579,4,324.8727,DANGER,2,Dangerous
386.9,0.21,0.2578,4,324.9566,DANGER,2,Dangerous
387.0,0.21,0.2577,4,325.0406,DANGER,2,Dangerous
387.1,0.21,0.2577,4,325.1246,DANGER,2,Dangerous
387.2,0.21,0.2576,4,325.2086,DANGER,2,Dangerous
387.3,0.21,0.2575,4,325.2926,DANGER,2,Dangerous
387.4,0.21,0.2575,4,325.3766,DANGER,2,Dangerous
387.5,0.21,0.2574,4,325.4606,DANGER,2,Dangerous
387.6,0.21,0.2573,4,325.5446,DANGER,2,Dangerous
387.7,0.21,0.2573,4,325.6286,DANGER,2,Dangerous
387.8,0.21,0.2572,4,325.7126,DANGER,2,Dangerous
387.9,0.21,0.2571,4,325.7965,DANGER,2,Dangerous
388.0,0.21,0.2571,4,325.8805,DANGER,2,Dangerous
388.1,0.21,0.257,4,325.9645,DANGER,2,Dangerous
388.2,0.21,0.2569,4,326.0485,DANGER,2,Dangerous
388.3,0.21,0.2569,4,326.1325,DANGER,2,Dangerous
388.4,0.21,0.2568,4,326.2165,DANGER,2,Dangerous
388.5,0.21,0.2567,4,326.3005,DANGER,2,Dangerous
388.6,0.21,0.2567,4,326.3845,DANGER,2,Dangerous
388.7,0.21,0.2566,4,326.4685,DANGER,2,Dangerous
388.8,0.21,0.2565,4,326.5525,DANGER,2,Dangerous
388.9,0.21,0.2565,4,326.6364,DANGER,2,Dangerous
389.0,0.21,0.2564,4,326.7204,DANGER,2,Dangerous
389.1,0.21,0.2563,4,326.8044,DANGER,2,Dangerous
389.2,0.21,0.2563,4,326.8884,DANGER,2,Dangerous
389.3,0.21,0.2562,4,326.9724,DANGER,2,Dangerous
389.4,0.21,0.2561,4,327.0564,DANGER,2,Dangerous
389.5,0.21,0.2561,4,327.1404,DANGER,2,Dangerous
389.6,0.21,0.256,4,327.2244,DANGER,2,Dangerous
389.7,0.21,0.256,4,327.3084,DANGER,2,Dangerous
389.8,0.21,0.2559,4,327.3924,DANGER,2,Dangerous
389.9,0.21,0.2558,4,327.4763,DANGER,2,Dangerous
390.0,0.21,0.2558,4,327.5603,DANGER,2,Dangerous
390.1,0.21,0.2557,4,327.6443,DANGER,2,Dangerous
390.2,0.21,0.2556,4,327.7283,DANGER,2,Dangerous
390.3,0.21,0.2556,4,327.8123,DANGER,2,Dangerous
390.4,0.21,0.2555,4,327.8963,DANGER,2,Dangerous
390.5,0.2,0.2554,4,330.2824,DANGER,2,Dangerous
390.6,0.2,0.2554,4,330.367,DANGER,2,Dangerous
390.7,0.2,0.2553,4,330.4516,DANGER,2,Dangerous
390.8,0.2,0.2552,4,330.5361,DANGER,2,Dangerous
390.9,0.2,0.2552,4,330.6207,DANGER,2,Dangerous
391.0,0.2,0.2551,4,330.7053,DANGER,2,Dangerous
391.1,0.2,0.255,4,330.7899,DANGER,2,Dangerous
391.2,0.2,0.255,4,330.8745,DANGER,2,Dangerous
391.3,0.2,0.2549,4,330.959,DANGER,2,Dangerous
391.4,0.2,0.2548,4,331.0436,DANGER,2,Dangerous
391.5,0.2,0.2548,4,331.1282,DANGER,2,Dangerous
391.6,0.2,0.2547,4,331.2128,DANGER,2,Dangerous
391.7,0.2,0.2546,4,331.2974,DANGER,2,Dangerous
391.8,0.2,0.2546,4,331.3819,DANGER,2,Dangerous
391.9,0.2,0.2545,4,331.4665,DANGER,2,Dangerous
392.0,0.2,0.2545,4,331.5511,DANGER,2,Dangerous
392.1,0.2,0.2544,4,331.6357,DANGER,2,Dangerous
392.2,0.2,0.2543,4,331.7202,DANGER,2,Dangerous
392.3,0.2,0.2543,4,331.8048,DANGER,2,Dangerous
392.4,0.2,0.2542,4,331.8894,DANGER,2,Dangerous
392.5,0.2,0.2541,4,331.974,DANGER,2,Dangerous
392.6,0.2,0.2541,4,332.0586,DANGER,2,Dangerous
392.7,0.2,0.254,4,332.1431,DANGER,2,Dangerous
392.8,0.2,0.2539,4,332.2277,DANGER,2,Dangerous
392.9,0.2,0.2539,4,332.3123,DANGER,2,Dangerous
393.0,0.2,0.2538,4,332.3969,DANGER,2,Dangerous
393.1,0.2,0.2537,4,332.4815,DANGER,2,Dangerous
393.2,0.2,0.2537,4,332.566,DANGER,2,Dangerous
393.3,0.2,0.2536,4,332.6506,DANGER,2,Dangerous
393.4,0.2,0.2535,4,332.7352,DANGER,2,Dangerous
393.5,0.2,0.2535,4,332.8198,DANGER,2,Dangerous
393.6,0.2,0.2534,4,332.9044,DANGER,2,Dangerous
393.7,0.2,0.2534,4,332.9889,DANGER,2,Dangerous
393.8,0.2,0.2533,4,333.0735,DANGER,2,Dangerous
393.9,0.2,0.2532,4,333.1581,DANGER,2,Dangerous
394.0,0.2,0.2532,4,333.2427,DANGER,2,Dangerous
394.1,0.2,0.2531,4,333.3273,DANGER,2,Dangerous
394.2,0.2,0.253,4,333.4118,DANGER,2,Dangerous
394.3,0.2,0.253,4,333.4964,DANGER,2,Dangerous
394.4,0.2,0.2529,4,333.581,DANGER,2,Dangerous
394.5,0.2,0.2528,4,333.6656,DANGER,2,Dangerous
394.6,0.2,0.2528,4,333.7502,DANGER,2,Dangerous
394.7,0.2,0.2527,4,333.8347,DANGER,2,Dangerous
394.8,0.2,0.2527,4,333.9193,DANGER,2,Dangerous
394.9,0.2,0.2526,4,334.0039,DANGER,2,Dangerous
395.0,0.2,0.2525,4,334.0885,DANGER,2,Dangerous
395.1,0.2,0.2525,4,334.173,DANGER,2,Dangerous
395.2,0.2,0.2524,4,334.2576,DANGER,2,Dangerous
395.3,0.2,0.2523,4,334.3422,DANGER,2,Dangerous
395.4,0.2,0.2523,4,334.4268,DANGER,2,Dangerous
395.5,0.2,0.2522,4,334.5114,DANGER,2,Dangerous
395.6,0.2,0.2521,4,334.5959,DANGER,2,Dangerous
395.7,0.2,0.2521,4,334.6805,DANGER,2,Dangerous
395.8,0.2,0.252,4,334.7651,DANGER,2,Dangerous
395.9,0.2,0.252,4,334.8497,DANGER,2,Dangerous
396.0,0.2,0.2519,4,334.9343,DANGER,2,Dangerous
396.1,0.2,0.2518,4,335.0188,DANGER,2,Dangerous
396.2,0.2,0.2518,4,335.1034,DANGER,2,Dangerous
396.3,0.2,0.2517,4,335.188,DANGER,2,Dangerous
396.4,0.2,0.2516,4,335.2726,DANGER,2,Dangerous
396.5,0.2,0.2516,4,335.3572,DANGER,2,Dangerous
396.6,0.2,0.2515,4,335.4417,DANGER,2,Dangerous
396.7,0.2,0.2514,4,335.5263,DANGER,2,Dangerous
396.8,0.2,0.2514,4,335.6109,DANGER,2,Dangerous
396.9,0.2,0.2513,4,335.6955,DANGER,2,Dangerous
397.0,0.2,0.2513,4,335.7801,DANGER,2,Dangerous
397.1,0.2,0.2512,4,335.8646,DANGER,2,Dangerous
397.2,0.2,0.2511,4,335.9492,DANGER,2,Dangerous
397.3,0.2,0.2511,4,336.0338,DANGER,2,Dangerous
397.4,0.2,0.251,4,336.1184,DANGER,2,Dangerous
397.5,0.2,0.2509,4,336.203,DANGER,2,Dangerous
397.6,0.2,0.2509,4,336.2875,DANGER,2,Dangerous
397.7,0.2,0.2508,4,336.3721,DANGER,2,Dangerous
397.8,0.2,0.2508,4,336.4567,DANGER,2,Dangerous
397.9,0.2,0.2507,4,336.5413,DANGER,2,Dangerous
398.0,0.2,0.2506,4,336.6259,DANGER,2,Dangerous
398.1,0.2,0.2506,4,336.7104,DANGER,2,Dangerous
398.2,0.2,0.2505,4,336.795,DANGER,2,Dangerous
398.3,0.2,0.2504,4,336.8796,DANGER,2,Dangerous
398.4,0.2,0.2504,4,336.9642,DANGER,2,Dangerous
398.5,0.2,0.2503,4,337.0487,DANGER,2,Dangerous
398.6,0.2,0.2503,4,337.1333,DANGER,2,Dangerous
398.7,0.2,0.2502,4,337.2179,DANGER,2,Dangerous
398.8,0.2,0.2501,4,337.3025,DANGER,2,Dangerous
398.9,0.2,0.2501,4,337.3871,DANGER,2,Dangerous
399.0,0.2,0.25,4,337.4716,DANGER,2,Dangerous
399.1,0.2,0.2499,4,337.5562,DANGER,2,Dangerous
399.2,0.2,0.2499,4,337.6408,DANGER,2,Dangerous
399.3,0.2,0.2498,4,337.7254,DANGER,2,Dangerous
399.4,0.2,0.2498,4,337.81,DANGER,2,Dangerous
399.5,0.2,0.2497,4,337.8945,DANGER,2,Dangerous
399.6,0.2,0.2496,4,337.9791,DANGER,2,Dangerous
399.7,0.2,0.2496,4,338.0637,DANGER,2,Dangerous
399.8,0.2,0.2495,4,338.1483,DANGER,2,Dangerous
399.9,0.2,0.2494,4,338.2329,DANGER,2,Dangerous
400.0,0.2,0.2494,4,338.3174,DANGER,2,Dangerous
400.1,0.2,0.2493,4,338.402,DANGER,2,Dangerous
400.2,0.2,0.2493,4,338.4866,DANGER,2,Dangerous
400.3,0.2,0.2492,4,338.5712,DANGER,2,Dangerous
400.4,0.19,0.2491,4,341.0698,DANGER,2,Dangerous
400.5,0.19,0.2491,4,341.155,DANGER,2,Dangerous
400.6,0.19,0.249,4,341.2401,DANGER,2,Dangerous
400.7,0.19,0.2489,4,341.3253,DANGER,2,Dangerous
400.8,0.19,0.2489,4,341.4105,DANGER,2,Dangerous
400.9,0.19,0.2488,4,341.4957,DANGER,2,Dangerous
401.0,0.19,0.2488,4,341.5809,DANGER,2,Dangerous
401.1,0.19,0.2487,4,341.6661,DANGER,2,Dangerous
401.2,0.19,0.2486,4,341.7512,DANGER,2,Dangerous
401.3,0.19,0.2486,4,341.8364,DANGER,2,Dangerous
401.4,0.19,0.2485,4,341.9216,DANGER,2,Dangerous
401.5,0.19,0.2484,4,342.0068,DANGER,2,Dangerous
401.6,0.19,0.2484,4,342.092,DANGER,2,Dangerous
401.7,0.19,0.2483,4,342.1772,DANGER,2,Dangerous
401.8,0.19,0.2483,4,342.2623,DANGER,2,Dangerous
401.9,0.19,0.2482,4,342.3475,DANGER,2,Dangerous
402.0,0.19,0.2481,4,342.4327,DANGER,2,Dangerous
402.1,0.19,0.2481,4,342.5179,DANGER,2,Dangerous
402.2,0.19,0.248,4,342.6031,DANGER,2,Dangerous
402.3,0.19,0.248,4,342.6882,DANGER,2,Dangerous
402.4,0.19,0.2479,4,342.7734,DANGER,2,Dangerous
402.5,0.19,0.2478,4,342.8586,DANGER,2,Dangerous
402.6,0.19,0.2478,4,342.9438,DANGER,2,Dangerous
402.7,0.19,0.2477,4,343.029,DANGER,2,Dangerous
402.8,0.19,0.2476,4,343.1142,DANGER,2,Dangerous
402.9,0.19,0.2476,4,343.1993,DANGER,2,Dangerous
403.0,0.19,0.2475,4,343.2845,DANGER,2,Dangerous
403.1,0.19,0.2475,4,343.3697,DANGER,2,Dangerous
403.2,0.19,0.2474,4,343.4549,DANGER,2,Dangerous
403.3,0.19,0.2473,4,343.5401,DANGER,2,Dangerous
403.4,0.19,0.2473,4,343.6253,DANGER,2,Dangerous
403.5,0.19,0.2472,4,343.7104,DANGER,2,Dangerous
403.6,0.19,0.2472,4,343.7956,DANGER,2,Dangerous
403.7,0.19,0.2471,4,343.8808,DANGER,2,Dangerous
403.8,0.19,0.247,4,343.966,DANGER,2,Dangerous
403.9,0.19,0.247,4,344.0512,DANGER,2,Dangerous
404.0,0.19,0.2469,4,344.1363,DANGER,2,Dangerous
404.1,0.19,0.2469,4,344.2215,DANGER,2,Dangerous
404.2,0.19,0.2468,4,344.3067,DANGER,2,Dangerous
404.3,0.19,0.2467,4,344.3919,DANGER,2,Dangerous
404.4,0.19,0.2467,4,344.4771,DANGER,2,Dangerous
404.5,0.19,0.2466,4,344.5623,DANGER,2,Dangerous
404.6,0.19,0.2465,4,344.6474,DANGER,2,Dangerous
404.7,0.19,0.2465,4,344.7326,DANGER,2,Dangerous
404.8,0.19,0.2464,4,344.8178,DANGER,2,Dangerous
404.9,0.19,0.2464,4,344.903,DANGER,2,Dangerous
405.0,0.19,0.2463,4,344.9882,DANGER,2,Dangerous
405.1,0.19,0.2462,4,345.0733,DANGER,2,Dangerous
405.2,0.19,0.2462,4,345.1585,DANGER,2,Dangerous
405.3,0.19,0.2461,4,345.2437,DANGER,2,Dangerous
405.4,0.19,0.2461,4,345.3289,DANGER,2,Dangerous
405.5,0.19,0.246,4,345.4141,DANGER,2,Dangerous
405.6,0.19,0.2459,4,345.4993,DANGER,2,Dangerous
405.7,0.19,0.2459,4,345.5844,DANGER,2,Dangerous
405.8,0.19,0.2458,4,345.6696,DANGER,2,Dangerous
405.9,0.19,0.2458,4,345.7548,DANGER,2,Dangerous
406.0,0.19,0.2457,4,345.84,DANGER,2,Dangerous
406.1,0.19,0.2456,4,345.9252,DANGER,2,Dangerous
406.2,0.19,0.2456,4,346.0104,DANGER,2,Dangerous
406.3,0.19,0.2455,4,346.0955,DANGER,2,Dangerous
406.4,0.19,0.2455,4,346.1807,DANGER,2,Dangerous
406.5,0.19,0.2454,4,346.2659,DANGER,2,Dangerous
406.6,0.19,0.2453,4,346.3511,DANGER,2,Dangerous
406.7,0.19,0.2453,4,346.4363,DANGER,2,Dangerous
406.8,0.19,0.2452,4,346.5214,DANGER,2,Dangerous
406.9,0.19,0.2452,4,346.6066,DANGER,2,Dangerous
407.0,0.19,0.2451,4,346.6918,DANGER,2,Dangerous
407.1,0.19,0.245,4,346.777,DANGER,2,Dangerous
407.2,0.19,0.245,4,346.8622,DANGER,2,Dangerous
407.3,0.19,0.2449,4,346.9474,DANGER,2,Dangerous
407.4,0.19,0.2449,4,347.0325,DANGER,2,Dangerous
407.5,0.19,0.2448,4,347.1177,DANGER,2,Dangerous
407.6,0.19,0.2447,4,347.2029,DANGER,2,Dangerous
407.7,0.19,0.2447,4,347.2881,DANGER,2,Dangerous
407.8,0.19,0.2446,4,347.3733,DANGER,2,Dangerous
407.9,0.19,0.2446,4,347.4585,DANGER,2,Dangerous
408.0,0.19,0.2445,4,347.5436,DANGER,2,Dangerous
408.1,0.19,0.2444,4,347.6288,DANGER,2,Dangerous
408.2,0.19,0.2444,4,347.714,DANGER,2,Dangerous
408.3,0.19,0.2443,4,347.7992,DANGER,2,Dangerous
408.4,0.19,0.2443,4,347.8844,DANGER,2,Dangerous
408.5,0.19,0.2442,4,347.9695,DANGER,2,Dangerous
408.6,0.19,0.2441,4,348.0547,DANGER,2,Dangerous
408.7,0.19,0.2441,4,348.1399,DANGER,2,Dangerous
408.8,0.19,0.244,4,348.2251,DANGER,2,Dangerous
408.9,0.19,0.244,4,348.3103,DANGER,2,Dangerous
409.0,0.19,0.2439,4,348.3955,DANGER,2,Dangerous
409.1,0.19,0.2438,4,348.4806,DANGER,2,Dangerous
409.2,0.19,0.2438,4,348.5658,DANGER,2,Dangerous
409.3,0.19,0.2437,4,348.651,DANGER,2,Dangerous
409.4,0.19,0.2437,4,348.7362,DANGER,2,Dangerous
409.5,0.19,0.2436,4,348.8214,DANGER,2,Dangerous
409.6,0.19,0.2435,4,348.9066,DANGER,2,Dangerous
409.7,0.19,0.2435,4,348.9917,DANGER,2,Dangerous
409.8,0.19,0.2434,4,349.0769,DANGER,2,Dangerous
409.9,0.19,0.2434,4,349.1621,DANGER,2,Dangerous
410.0,0.19,0.2433,4,349.2473,DANGER,2,Dangerous
410.1,0.19,0.2432,4,349.3325,DANGER,2,Dangerous
410.2,0.19,0.2432,4,349.4176,DANGER,2,Dangerous
410.3,0.19,0.2431,4,349.5028,DANGER,2,Dangerous
410.4,0.19,0.2431,4,349.588,DANGER,2,Dangerous
410.5,0.19,0.243,4,349.6732,DANGER,2,Dangerous
410.6,0.19,0.243,4,349.7584,DANGER,2,Dangerous
410.7,0.19,0.2429,4,349.8436,DANGER,2,Dangerous
410.8,0.19,0.2428,4,349.9287,DANGER,2,Dangerous
410.9,0.19,0.2428,4,350.0139,DANGER,2,Dangerous
411.0,0.19,0.2427,4,350.0991,DANGER,2,Dangerous
411.1,0.18,0.2427,4,352.7198,DANGER,2,Dangerous
411.2,0.18,0.2426,4,352.8056,DANGER,2,Dangerous
411.3,0.18,0.2425,4,352.8914,DANGER,2,Dangerous
411.4,0.18,0.2425,4,352.9772,DANGER,2,Dangerous
411.5,0.18,0.2424,4,353.063,DANGER,2,Dangerous
411.6,0.18,0.2424,4,353.1488,DANGER,2,Dangerous
411.7,0.18,0.2423,4,353.2346,DANGER,2,Dangerous
411.8,0.18,0.2422,4,353.3204,DANGER,2,Dangerous
411.9,0.18,0.2422,4,353.4062,DANGER,2,Dangerous
412.0,0.18,0.2421,4,353.492,DANGER,2,Dangerous
412.1,0.18,0.2421,4,353.5778,DANGER,2,Dangerous
412.2,0.18,0.242,4,353.6636,DANGER,2,Dangerous
412.3,0.18,0.242,4,353.7494,DANGER,2,Dangerous
412.4,0.18,0.2419,4,353.8352,DANGER,2,Dangerous
412.5,0.18,0.2418,4,353.921,DANGER,2,Dangerous
412.6,0.18,0.2418,4,354.0068,DANGER,2,Dangerous
412.7,0.18,0.2417,4,354.0926,DANGER,2,Dangerous
412.8,0.18,0.2417,4,354.1784,DANGER,2,Dangerous
412.9,0.18,0.2416,4,354.2642,DANGER,2,Dangerous
413.0,0.18,0.2415,4,354.35,DANGER,2,Dangerous
413.1,0.18,0.2415,4,354.4358,DANGER,2,Dangerous
413.2,0.18,0.2414,4,354.5216,DANGER,2,Dangerous
413.3,0.18,0.2414,4,354.6074,DANGER,2,Dangerous
413.4,0.18,0.2413,4,354.6932,DANGER,2,Dangerous
413.5,0.18,0.2413,4,354.779,DANGER,2,Dangerous
413.6,0.18,0.2412,4,354.8648,DANGER,2,Dangerous
413.7,0.18,0.2411,4,354.9506,DANGER,2,Dangerous
413.8,0.18,0.2411,4,355.0364,DANGER,2,Dangerous
413.9,0.18,0.241,4,355.1222,DANGER,2,Dangerous
414.0,0.18,0.241,4,355.208,DANGER,2,Dangerous
414.1,0.18,0.2409,4,355.2938,DANGER,2,Dangerous
414.2,0.18,0.2408,4,355.3796,DANGER,2,Dangerous
414.3,0.18,0.2408,4,355.4654,DANGER,2,Dangerous
414.4,0.18,0.2407,4,355.5512,DANGER,2,Dangerous
414.5,0.18,0.2407,4,355.6369,DANGER,2,Dangerous
414.6,0.18,0.2406,4,355.7227,DANGER,2,Dangerous
414.7,0.18,0.2406,4,355.8085,DANGER,2,Dangerous
414.8,0.18,0.2405,4,355.8943,DANGER,2,Dangerous
414.9,0.18,0.2404,4,355.9801,DANGER,2,Dangerous
415.0,0.18,0.2404,4,356.0659,DANGER,2,Dangerous
415.1,0.18,0.2403,4,356.1517,DANGER,2,Dangerous
415.2,0.18,0.2403,4,356.2375,DANGER,2,Dangerous
415.3,0.18,0.2402,4,356.3233,DANGER,2,Dangerous
415.4,0.18,0.2402,4,356.4091,DANGER,2,Dangerous
415.5,0.18,0.2401,4,356.4949,DANGER,2,Dangerous
415.6,0.18,0.24,4,356.5807,DANGER,2,Dangerous
415.7,0.18,0.24,4,356.6665,DANGER,2,Dangerous
415.8,0.18,0.2399,4,356.7523,DANGER,2,Dangerous
415.9,0.18,0.2399,4,356.8381,DANGER,2,Dangerous
416.0,0.18,0.2398,4,356.9239,DANGER,2,Dangerous
416.1,0.18,0.2398,4,357.0097,DANGER,2,Dangerous
416.2,0.18,0.2397,4,357.0955,DANGER,2,Dangerous
416.3,0.18,0.2396,4,357.1813,DANGER,2,Dangerous
416.4,0.18,0.2396,4,357.2671,DANGER,2,Dangerous
416.5,0.18,0.2395,4,357.3529,DANGER,2,Dangerous
416.6,0.18,0.2395,4,357.4387,DANGER,2,Dangerous
416.7,0.18,0.2394,4,357.5245,DANGER,2,Dangerous
416.8,0.18,0.2393,4,357.6103,DANGER,2,Dangerous
416.9,0.18,0.2393,4,357.6961,DANGER,2,Dangerous
417.0,0.18,0.2392,4,357.7819,DANGER,2,Dangerous
417.1,0.18,0.2392,4,357.8677,DANGER,2,Dangerous
417.2,0.18,0.2391,4,357.9535,DANGER,2,Dangerous
417.3,0.18,0.2391,4,358.0393,DANGER,2,Dangerous
417.4,0.18,0.239,4,358.1251,DANGER,2,Dangerous
417.5,0.18,0.2389,4,358.2109,DANGER,2,Dangerous
417.6,0.18,0.2389,4,358.2967,DANGER,2,Dangerous
417.7,0.18,0.2388,4,358.3825,DANGER,2,Dangerous
417.8,0.18,0.2388,4,358.4683,DANGER,2,Dangerous
417.9,0.18,0.2387,4,358.5541,DANGER,2,Dangerous
418.0,0.18,0.2387,4,358.6399,DANGER,2,Dangerous
418.1,0.18,0.2386,4,358.7257,DANGER,2,Dangerous
418.2,0.18,0.2385,4,358.8115,DANGER,2,Dangerous
418.3,0.18,0.2385,4,358.8973,DANGER,2,Dangerous
418.4,0.18,0.2384,4,358.9831,DANGER,2,Dangerous
418.5,0.18,0.2384,4,359.0689,DANGER,2,Dangerous
418.6,0.18,0.2383,4,359.1547,DANGER,2,Dangerous
418.7,0.18,0.2383,4,359.2405,DANGER,2,Dangerous
418.8,0.18,0.2382,4,359.3263,DANGER,2,Dangerous
418.9,0.18,0.2382,4,359.4121,DANGER,2,Dangerous
419.0,0.18,0.2381,4,359.4979,DANGER,2,Dangerous
419.1,0.18,0.238,4,359.5837,DANGER,2,Dangerous
419.2,0.18,0.238,4,359.6695,DANGER,2,Dangerous
419.3,0.18,0.2379,4,359.7553,DANGER,2,Dangerous
419.4,0.18,0.2379,4,359.8411,DANGER,2,Dangerous
419.5,0.18,0.2378,4,359.9269,DANGER,2,Dangerous
419.6,0.18,0.2378,4,360.0127,DANGER,2,Dangerous
419.7,0.18,0.2377,4,360.0985,DANGER,2,Dangerous
419.8,0.18,0.2376,4,360.1843,DANGER,2,Dangerous
419.9,0.18,0.2376,4,360.2701,DANGER,2,Dangerous
420.0,0.18,0.2375,4,360.3559,DANGER,2,Dangerous
420.1,0.18,0.2375,4,360.4417,DANGER,2,Dangerous
420.2,0.18,0.2374,4,360.5275,DANGER,2,Dangerous
420.3,0.18,0.2374,4,360.6133,DANGER,2,Dangerous
420.4,0.18,0.2373,4,360.6991,DANGER,2,Dangerous
420.5,0.18,0.2372,4,360.7849,DANGER,2,Dangerous
420.6,0.18,0.2372,4,360.8707,DANGER,2,Dangerous
420.7,0.18,0.2371,4,360.9565,DANGER,2,Dangerous
420.8,0.18,0.2371,4,361.0423,DANGER,2,Dangerous
420.9,0.18,0.237,4,361.1281,DANGER,2,Dangerous
421.0,0.18,0.237,4,361.2139,DANGER,2,Dangerous
421.1,0.18,0.2369,4,361.2997,DANGER,2,Dangerous
421.2,0.18,0.2369,4,361.3855,DANGER,2,Dangerous
421.3,0.18,0.2368,4,361.4713,DANGER,2,Dangerous
421.4,0.18,0.2367,4,361.5571,DANGER,2,Dangerous
421.5,0.18,0.2367,4,361.6429,DANGER,2,Dangerous
421.6,0.18,0.2366,4,361.7287,DANGER,2,Dangerous
421.7,0.18,0.2366,4,361.8145,DANGER,2,Dangerous
421.8,0.18,0.2365,4,361.9003,DANGER,2,Dangerous
421.9,0.18,0.2365,4,361.9861,DANGER,2,Dangerous
422.0,0.18,0.2364,4,362.0719,DANGER,2,Dangerous
422.1,0.18,0.2364,4,362.1577,DANGER,2,Dangerous
422.2,0.18,0.2363,4,362.2435,DANGER,2,Dangerous
422.3,0.18,0.2362,4,362.3293,DANGER,2,Dangerous
422.4,0.18,0.2362,4,362.4151,DANGER,2,Dangerous
422.5,0.18,0.2361,4,362.5009,DANGER,2,Dangerous
422.6,0.18,0.2361,4,362.5867,DANGER,2,Dangerous
422.7,0.17,0.236,4,365.3402,DANGER,2,Dangerous
422.8,0.17,0.236,4,365.4266,DANGER,2,Dangerous
422.9,0.17,0.2359,4,365.5131,DANGER,2,Dangerous
423.0,0.17,0.2358,4,365.5995,DANGER,2,Dangerous
423.1,0.17,0.2358,4,365.6859,DANGER,2,Dangerous
423.2,0.17,0.2357,4,365.7724,DANGER,2,Dangerous
423.3,0.17,0.2357,4,365.8588,DANGER,2,Dangerous
423.4,0.17,0.2356,4,365.9452,DANGER,2,Dangerous
423.5,0.17,0.2356,4,366.0317,DANGER,2,Dangerous
423.6,0.17,0.2355,4,366.1181,DANGER,2,Dangerous
423.7,0.17,0.2355,4,366.2045,DANGER,2,Dangerous
423.8,0.17,0.2354,4,366.2909,DANGER,2,Dangerous
423.9,0.17,0.2353,4,366.3774,DANGER,2,Dangerous
424.0,0.17,0.2353,4,366.4638,DANGER,2,Dangerous
424.1,0.17,0.2352,4,366.5502,DANGER,2,Dangerous
424.2,0.17,0.2352,4,366.6367,DANGER,2,Dangerous
424.3,0.17,0.2351,4,366.7231,DANGER,2,Dangerous
424.4,0.17,0.2351,4,366.8095,DANGER,2,Dangerous
424.5,0.17,0.235,4,366.896,DANGER,2,Dangerous
424.6,0.17,0.235,4,366.9824,DANGER,2,Dangerous
424.7,0.17,0.2349,4,367.0688,DANGER,2,Dangerous
424.8,0.17,0.2349,4,367.1552,DANGER,2,Dangerous
424.9,0.17,0.2348,4,367.2417,DANGER,2,Dangerous
425.0,0.17,0.2347,4,367.3281,DANGER,2,Dangerous
425.1,0.17,0.2347,4,367.4145,DANGER,2,Dangerous
425.2,0.17,0.2346,4,367.501,DANGER,2,Dangerous
425.3,0.17,0.2346,4,367.5874,DANGER,2,Dangerous
425.4,0.17,0.2345,4,367.6738,DANGER,2,Dangerous
425.5,0.17,0.2345,4,367.7603,DANGER,2,Dangerous
425.6,0.17,0.2344,4,367.8467,DANGER,2,Dangerous
425.7,0.17,0.2344,4,367.9331,DANGER,2,Dangerous
425.8,0.17,0.2343,4,368.0196,DANGER,2,Dangerous
425.9,0.17,0.2342,4,368.106,DANGER,2,Dangerous
426.0,0.17,0.2342,4,368.1924,DANGER,2,Dangerous
426.1,0.17,0.2341,4,368.2788,DANGER,2,Dangerous
426.2,0.17,0.2341,4,368.3653,DANGER,2,Dangerous
426.3,0.17,0.234,4,368.4517,DANGER,2,Dangerous
426.4,0.17,0.234,4,368.5381,DANGER,2,Dangerous
426.5,0.17,0.2339,4,368.6246,DANGER,2,Dangerous
426.6,0.17,0.2339,4,368.711,DANGER,2,Dangerous
426.7,0.17,0.2338,4,368.7974,DANGER,2,Dangerous
426.8,0.17,0.2338,4,368.8839,DANGER,2,Dangerous
426.9,0.17,0.2337,4,368.9703,DANGER,2,Dangerous
427.0,0.17,0.2336,4,369.0567,DANGER,2,Dangerous
427.1,0.17,0.2336,4,369.1431,DANGER,2,Dangerous
427.2,0.17,0.2335,4,369.2296,DANGER,2,Dangerous
427.3,0.17,0.2335,4,369.316,DANGER,2,Dangerous
427.4,0.17,0.2334,4,369.4024,DANGER,2,Dangerous
427.5,0.17,0.2334,4,369.4889,DANGER,2,Dangerous
427.6,0.17,0.2333,4,369.5753,DANGER,2,Dangerous
427.7,0.17,0.2333,4,369.6617,DANGER,2,Dangerous
427.8,0.17,0.2332,4,369.7482,DANGER,2,Dangerous
427.9,0.17,0.2332,4,369.8346,DANGER,2,Dangerous
428.0,0.17,0.2331,4,369.921,DANGER,2,Dangerous
428.1,0.17,0.233,4,370.0074,DANGER,2,Dangerous
428.2,0.17,0.233,4,370.0939,DANGER,2,Dangerous
428.3,0.17,0.2329,4,370.1803,DANGER,2,Dangerous
428.4,0.17,0.2329,4,370.2667,DANGER,2,Dangerous
428.5,0.17,0.2328,4,370.3532,DANGER,2,Dangerous
428.6,0.17,0.2328,4,370.4396,DANGER,2,Dangerous
428.7,0.17,0.2327,4,370.526,DANGER,2,Dangerous
428.8,0.17,0.2327,4,370.6125,DANGER,2,Dangerous
428.9,0.17,0.2326,4,370.6989,DANGER,2,Dangerous
429.0,0.17,0.2326,4,370.7853,DANGER,2,Dangerous
429.1,0.17,0.2325,4,370.8717,DANGER,2,Dangerous
429.2,0.17,0.2325,4,370.9582,DANGER,2,Dangerous
429.3,0.17,0.2324,4,371.0446,DANGER,2,Dangerous
429.4,0.17,0.2323,4,371.131,DANGER,2,Dangerous
429.5,0.17,0.2323,4,371.2175,DANGER,2,Dangerous
429.6,0.17,0.2322,4,371.3039,DANGER,2,Dangerous
429.7,0.17,0.2322,4,371.3903,DANGER,2,Dangerous
429.8,0.17,0.2321,4,371.4768,DANGER,2,Dangerous
429.9,0.17,0.2321,4,371.5632,DANGER,2,Dangerous
430.0,0.17,0.232,4,371.6496,DANGER,2,Dangerous
430.1,0.17,0.232,4,371.736,DANGER,2,Dangerous
430.2,0.17,0.2319,4,371.8225,DANGER,2,Dangerous
430.3,0.17,0.2319,4,371.9089,DANGER,2,Dangerous
430.4,0.17,0.2318,4,371.9953,DANGER,2,Dangerous
430.5,0.17,0.2317,4,372.0818,DANGER,2,Dangerous
430.6,0.17,0.2317,4,372.1682,DANGER,2,Dangerous
430.7,0.17,0.2316,4,372.2546,DANGER,2,Dangerous
430.8,0.17,0.2316,4,372.3411,DANGER,2,Dangerous
430.9,0.17,0.2315,4,372.4275,DANGER,2,Dangerous
431.0,0.17,0.2315,4,372.5139,DANGER,2,Dangerous
431.1,0.17,0.2314,4,372.6003,DANGER,2,Dangerous
431.2,0.17,0.2314,4,372.6868,DANGER,2,Dangerous
431.3,0.17,0.2313,4,372.7732,DANGER,2,Dangerous
431.4,0.17,0.2313,4,372.8596,DANGER,2,Dangerous
431.5,0.17,0.2312,4,372.9461,DANGER,2,Dangerous
431.6,0.17,0.2312,4,373.0325,DANGER,2,Dangerous
431.7,0.17,0.2311,4,373.1189,DANGER,2,Dangerous
431.8,0.17,0.2311,4,373.2054,DANGER,2,Dangerous
431.9,0.17,0.231,4,373.2918,DANGER,2,Dangerous
432.0,0.17,0.2309,4,373.3782,DANGER,2,Dangerous
432.1,0.17,0.2309,4,373.4646,DANGER,2,Dangerous
432.2,0.17,0.2308,4,373.5511,DANGER,2,Dangerous
432.3,0.17,0.2308,4,373.6375,DANGER,2,Dangerous
432.4,0.17,0.2307,4,373.7239,DANGER,2,Dangerous
432.5,0.17,0.2307,4,373.8104,DANGER,2,Dangerous
432.6,0.17,0.2306,4,373.8968,DANGER,2,Dangerous
432.7,0.17,0.2306,4,373.9832,DANGER,2,Dangerous
432.8,0.17,0.2305,4,374.0697,DANGER,2,Dangerous
432.9,0.17,0.2305,4,374.1561,DANGER,2,Dangerous
433.0,0.17,0.2304,4,374.2425,DANGER,2,Dangerous
433.1,0.17,0.2304,4,374.329,DANGER,2,Dangerous
433.2,0.17,0.2303,4,374.4154,DANGER,2,Dangerous
433.3,0.17,0.2303,4,374.5018,DANGER,2,Dangerous
433.4,0.17,0.2302,4,374.5882,DANGER,2,Dangerous
433.5,0.17,0.2301,4,374.6747,DANGER,2,Dangerous
433.6,0.17,0.2301,4,374.7611,DANGER,2,Dangerous
433.7,0.17,0.23,4,374.8475,DANGER,2,Dangerous
433.8,0.17,0.23,4,374.934,DANGER,2,Dangerous
433.9,0.17,0.2299,4,375.0204,DANGER,2,Dangerous
434.0,0.17,0.2299,4,375.1068,DANGER,2,Dangerous
434.1,0.17,0.2298,4,375.1933,DANGER,2,Dangerous
434.2,0.17,0.2298,4,375.2797,DANGER,2,Dangerous
434.3,0.17,0.2297,4,375.3661,DANGER,2,Dangerous
434.4,0.17,0.2297,4,375.4525,DANGER,2,Dangerous
434.5,0.17,0.2296,4,375.539,DANGER,2,Dangerous
434.6,0.17,0.2296,4,375.6254,DANGER,2,Dangerous
434.7,0.17,0.2295,4,375.7118,DANGER,2,Dangerous
434.8,0.17,0.2295,4,375.7983,DANGER,2,Dangerous
434.9,0.17,0.2294,4,375.8847,DANGER,2,Dangerous
435.0,0.17,0.2294,4,375.9711,DANGER,2,Dangerous
435.1,0.17,0.2293,4,376.0576,DANGER,2,Dangerous
435.2,0.17,0.2293,4,376.144,DANGER,2,Dangerous
435.3,0.17,0.2292,4,376.2304,DANGER,2,Dangerous
435.4,0.16,0.2291,4,379.1296,DANGER,2,Dangerous
435.5,0.16,0.2291,4,379.2167,DANGER,2,Dangerous
435.6,0.16,0.229,4,379.3037,DANGER,2,Dangerous
435.7,0.16,0.229,4,379.3908,DANGER,2,Dangerous
435.8,0.16,0.2289,4,379.4779,DANGER,2,Dangerous
435.9,0.16,0.2289,4,379.565,DANGER,2,Dangerous
436.0,0.16,0.2288,4,379.652,DANGER,2,Dangerous
436.1,0.16,0.2288,4,379.7391,DANGER,2,Dangerous
436.2,0.16,0.2287,4,379.8262,DANGER,2,Dangerous
436.3,0.16,0.2287,4,379.9133,DANGER,2,Dangerous
436.4,0.16,0.2286,4,380.0003,DANGER,2,Dangerous
436.5,0.16,0.2286,4,380.0874,DANGER,2,Dangerous
436.6,0.16,0.2285,4,380.1745,DANGER,2,Dangerous
436.7,0.16,0.2285,4,380.2616,DANGER,2,Dangerous
436.8,0.16,0.2284,4,380.3487,DANGER,2,Dangerous
436.9,0.16,0.2284,4,380.4357,DANGER,2,Dangerous
437.0,0.16,0.2283,4,380.5228,DANGER,2,Dangerous
437.1,0.16,0.2283,4,380.6099,DANGER,2,Dangerous
437.2,0.16,0.2282,4,380.697,DANGER,2,Dangerous
437.3,0.16,0.2282,4,380.784,DANGER,2,Dangerous
437.4,0.16,0.2281,4,380.8711,DANGER,2,Dangerous
437.5,0.16,0.2281,4,380.9582,DANGER,2,Dangerous
437.6,0.16,0.228,4,381.0453,DANGER,2,Dangerous
437.7,0.16,0.2279,4,381.1323,DANGER,2,Dangerous
437.8,0.16,0.2279,4,381.2194,DANGER,2,Dangerous
437.9,0.16,0.2278,4,381.3065,DANGER,2,Dangerous
438.0,0.16,0.2278,4,381.3936,DANGER,2,Dangerous
438.1,0.16,0.2277,4,381.4806,DANGER,2,Dangerous
438.2,0.16,0.2277,4,381.5677,DANGER,2,Dangerous
438.3,0.16,0.2276,4,381.6548,DANGER,2,Dangerous
438.4,0.16,0.2276,4,381.7419,DANGER,2,Dangerous
438.5,0.16,0.2275,4,381.8289,DANGER,2,Dangerous
438.6,0.16,0.2275,4,381.916,DANGER,2,Dangerous
438.7,0.16,0.2274,4,382.0031,DANGER,2,Dangerous
438.8,0.16,0.2274,4,382.0902,DANGER,2,Dangerous
438.9,0.16,0.2273,4,382.1773,DANGER,2,Dangerous
439.0,0.16,0.2273,4,382.2643,DANGER,2,Dangerous
439.1,0.16,0.2272,4,382.3514,DANGER,2,Dangerous
439.2,0.16,0.2272,4,382.4385,DANGER,2,Dangerous
439.3,0.16,0.2271,4,382.5256,DANGER,2,Dangerous
439.4,0.16,0.2271,4,382.6126,DANGER,2,Dangerous
439.5,0.16,0.227,4,382.6997,DANGER,2,Dangerous
439.6,0.16,0.227,4,382.7868,DANGER,2,Dangerous
439.7,0.16,0.2269,4,382.8739,DANGER,2,Dangerous
439.8,0.16,0.2269,4,382.9609,DANGER,2,Dangerous
439.9,0.16,0.2268,4,383.048,DANGER,2,Dangerous
440.0,0.16,0.2268,4,383.1351,DANGER,2,Dangerous
440.1,0.16,0.2267,4,383.2222,DANGER,2,Dangerous
440.2,0.16,0.2267,4,383.3092,DANGER,2,Dangerous
440.3,0.16,0.2266,4,383.3963,DANGER,2,Dangerous
440.4,0.16,0.2266,4,383.4834,DANGER,2,Dangerous
440.5,0.16,0.2265,4,383.5705,DANGER,2,Dangerous
440.6,0.16,0.2264,4,383.6575,DANGER,2,Dangerous
440.7,0.16,0.2264,4,383.7446,DANGER,2,Dangerous
440.8,0.16,0.2263,4,383.8317,DANGER,2,Dangerous
440.9,0.16,0.2263,4,383.9188,DANGER,2,Dangerous
441.0,0.16,0.2262,4,384.0058,DANGER,2,Dangerous
441.1,0.16,0.2262,4,384.0929,DANGER,2,Dangerous
441.2,0.16,0.2261,4,384.18,DANGER,2,Dangerous
441.3,0.16,0.2261,4,384.2671,DANGER,2,Dangerous
441.4,0.16,0.226,4,384.3542,DANGER,2,Dangerous
441.5,0.16,0.226,4,384.4412,DANGER,2,Dangerous
441.6,0.16,0.2259,4,384.5283,DANGER,2,Dangerous
441.7,0.16,0.2259,4,384.6154,DANGER,2,Dangerous
441.8,0.16,0.2258,4,384.7025,DANGER,2,Dangerous
441.9,0.16,0.2258,4,384.7895,DANGER,2,Dangerous
442.0,0.16,0.2257,4,384.8766,DANGER,2,Dangerous
442.1,0.16,0.2257,4,384.9637,DANGER,2,Dangerous
442.2,0.16,0.2256,4,385.0508,DANGER,2,Dangerous
442.3,0.16,0.2256,4,385.1378,DANGER,2,Dangerous
442.4,0.16,0.2255,4,385.2249,DANGER,2,Dangerous
442.5,0.16,0.2255,4,385.312,DANGER,2,Dangerous
442.6,0.16,0.2254,4,385.3991,DANGER,2,Dangerous
442.7,0.16,0.2254,4,385.4861,DANGER,2,Dangerous
442.8,0.16,0.2253,4,385.5732,DANGER,2,Dangerous
442.9,0.16,0.2253,4,385.6603,DANGER,2,Dangerous
443.0,0.16,0.2252,4,385.7474,DANGER,2,Dangerous
443.1,0.16,0.2252,4,385.8344,DANGER,2,Dangerous
443.2,0.16,0.2251,4,385.9215,DANGER,2,Dangerous
443.3,0.16,0.2251,4,386.0086,DANGER,2,Dangerous
443.4,0.16,0.225,4,386.0957,DANGER,2,Dangerous
443.5,0.16,0.225,4,386.1828,DANGER,2,Dangerous
443.6,0.16,0.2249,4,386.2698,DANGER,2,Dangerous
443.7,0.16,0.2249,4,386.3569,DANGER,2,Dangerous
443.8,0.16,0.2248,4,386.444,DANGER,2,Dangerous
443.9,0.16,0.2248,4,386.5311,DANGER,2,Dangerous
444.0,0.16,0.2247,4,386.6181,DANGER,2,Dangerous
444.1,0.16,0.2247,4,386.7052,DANGER,2,Dangerous
444.2,0.16,0.2246,4,386.7923,DANGER,2,Dangerous
444.3,0.16,0.2246,4,386.8794,DANGER,2,Dangerous
444.4,0.16,0.2245,4,386.9664,DANGER,2,Dangerous
444.5,0.16,0.2245,4,387.0535,DANGER,2,Dangerous
444.6,0.16,0.2244,4,387.1406,DANGER,2,Dangerous
444.7,0.16,0.2244,4,387.2277,DANGER,2,Dangerous
444.8,0.16,0.2243,4,387.3147,DANGER,2,Dangerous
444.9,0.16,0.2243,4,387.4018,DANGER,2,Dangerous
445.0,0.16,0.2242,4,387.4889,DANGER,2,Dangerous
445.1,0.16,0.2242,4,387.576,DANGER,2,Dangerous
445.2,0.16,0.2241,4,387.663,DANGER,2,Dangerous
445.3,0.16,0.2241,4,387.7501,DANGER,2,Dangerous
445.4,0.16,0.224,4,387.8372,DANGER,2,Dangerous
445.5,0.16,0.224,4,387.9243,DANGER,2,Dangerous
445.6,0.16,0.2239,4,388.0114,DANGER,2,Dangerous
445.7,0.16,0.2239,4,388.0984,DANGER,2,Dangerous
445.8,0.16,0.2238,4,388.1855,DANGER,2,Dangerous
445.9,0.16,0.2238,4,388.2726,DANGER,2,Dangerous
446.0,0.16,0.2237,4,388.3597,DANGER,2,Dangerous
446.1,0.16,0.2237,4,388.4467,DANGER,2,Dangerous
446.2,0.16,0.2236,4,388.5338,DANGER,2,Dangerous
446.3,0.16,0.2236,4,388.6209,DANGER,2,Dangerous
446.4,0.16,0.2235,4,388.708,DANGER,2,Dangerous
446.5,0.16,0.2235,4,388.795,DANGER,2,Dangerous
446.6,0.16,0.2234,4,388.8821,DANGER,2,Dangerous
446.7,0.16,0.2234,4,388.9692,DANGER,2,Dangerous
446.8,0.16,0.2233,4,389.0563,DANGER,2,Dangerous
446.9,0.16,0.2233,4,389.1433,DANGER,2,Dangerous
447.0,0.16,0.2232,4,389.2304,DANGER,2,Dangerous
447.1,0.16,0.2232,4,389.3175,DANGER,2,Dangerous
447.2,0.16,0.2231,4,389.4046,DANGER,2,Dangerous
447.3,0.16,0.2231,4,389.4916,DANGER,2,Dangerous
447.4,0.16,0.223,4,389.5787,DANGER,2,Dangerous
447.5,0.16,0.223,4,389.6658,DANGER,2,Dangerous
447.6,0.16,0.2229,4,389.7529,DANGER,2,Dangerous
447.7,0.16,0.2229,4,389.84,DANGER,2,Dangerous
447.8,0.16,0.2228,4,389.927,DANGER,2,Dangerous
447.9,0.16,0.2228,4,390.0141,DANGER,2,Dangerous
448.0,0.16,0.2227,4,390.1012,DANGER,2,Dangerous
448.1,0.16,0.2227,4,390.1883,DANGER,2,Dangerous
448.2,0.16,0.2226,4,390.2753,DANGER,2,Dangerous
448.3,0.16,0.2226,4,390.3624,DANGER,2,Dangerous
448.4,0.16,0.2225,4,390.4495,DANGER,2,Dangerous
448.5,0.16,0.2225,4,390.5366,DANGER,2,Dangerous
448.6,0.16,0.2224,4,390.6236,DANGER,2,Dangerous
448.7,0.16,0.2224,4,390.7107,DANGER,2,Dangerous
448.8,0.16,0.2223,4,390.7978,DANGER,2,Dangerous
448.9,0.16,0.2223,4,390.8849,DANGER,2,Dangerous
449.0,0.16,0.2222,4,390.9719,DANGER,2,Dangerous
449.1,0.16,0.2222,4,391.059,DANGER,2,Dangerous
449.2,0.16,0.2221,4,391.1461,DANGER,2,Dangerous
449.3,0.15,0.2221,4,394.2051,DANGER,2,Dangerous
449.4,0.15,0.222,4,394.2929,DANGER,2,Dangerous
449.5,0.15,0.222,4,394.3806,DANGER,2,Dangerous
449.6,0.15,0.2219,4,394.4683,DANGER,2,Dangerous
449.7,0.15,0.2219,4,394.5561,DANGER,2,Dangerous
449.8,0.15,0.2218,4,394.6438,DANGER,2,Dangerous
449.9,0.15,0.2218,4,394.7316,DANGER,2,Dangerous
450.0,0.15,0.2217,4,394.8193,DANGER,2,Dangerous
450.1,0.15,0.2217,4,394.907,DANGER,2,Dangerous
450.2,0.15,0.2216,4,394.9948,DANGER,2,Dangerous
450.3,0.15,0.2216,4,395.0825,DANGER,2,Dangerous
450.4,0.15,0.2215,4,395.1702,DANGER,2,Dangerous
450.5,0.15,0.2215,4,395.258,DANGER,2,Dangerous
450.6,0.15,0.2214,4,395.3457,DANGER,2,Dangerous
450.7,0.15,0.2214,4,395.4335,DANGER,2,Dangerous
450.8,0.15,0.2213,4,395.5212,DANGER,2,Dangerous
450.9,0.15,0.2213,4,395.6089,DANGER,2,Dangerous
451.0,0.15,0.2212,4,395.6967,DANGER,2,Dangerous
451.1,0.15,0.2212,4,395.7844,DANGER,2,Dangerous
451.2,0.15,0.2211,4,395.8721,DANGER,2,Dangerous
451.3,0.15,0.2211,4,395.9599,DANGER,2,Dangerous
451.4,0.15,0.221,4,396.0476,DANGER,2,Dangerous
451.5,0.15,0.221,4,396.1354,DANGER,2,Dangerous
451.6,0.15,0.2209,4,396.2231,DANGER,2,Dangerous
451.7,0.15,0.2209,4,396.3108,DANGER,2,Dangerous
451.8,0.15,0.2208,4,396.3986,DANGER,2,Dangerous
451.9,0.15,0.2208,4,396.4863,DANGER,2,Dangerous
452.0,0.15,0.2208,4,396.574,DANGER,2,Dangerous
452.1,0.15,0.2207,4,396.6618,DANGER,2,Dangerous
452.2,0.15,0.2207,4,396.7495,DANGER,2,Dangerous
452.3,0.15,0.2206,4,396.8373,DANGER,2,Dangerous
452.4,0.15,0.2206,4,396.925,DANGER,2,Dangerous
452.5,0.15,0.2205,4,397.0127,DANGER,2,Dangerous
452.6,0.15,0.2205,4,397.1005,DANGER,2,Dangerous
452.7,0.15,0.2204,4,397.1882,DANGER,2,Dangerous
452.8,0.15,0.2204,4,397.2759,DANGER,2,Dangerous
452.9,0.15,0.2203,4,397.3637,DANGER,2,Dangerous
453.0,0.15,0.2203,4,397.4514,DANGER,2,Dangerous
453.1,0.15,0.2202,4,397.5392,DANGER,2,Dangerous
453.2,0.15,0.2202,4,397.6269,DANGER,2,Dangerous
453.3,0.15,0.2201,4,397.7146,DANGER,2,Dangerous
453.4,0.15,0.2201,4,397.8024,DANGER,2,Dangerous
453.5,0.15,0.22,4,397.8901,DANGER,2,Dangerous
453.6,0.15,0.22,4,397.9778,DANGER,2,Dangerous
453.7,0.15,0.2199,4,398.0656,DANGER,2,Dangerous
453.8,0.15,0.2199,4,398.1533,DANGER,2,Dangerous
453.9,0.15,0.2198,4,398.2411,DANGER,2,Dangerous
454.0,0.15,0.2198,4,398.3288,DANGER,2,Dangerous
454.1,0.15,0.2197,4,398.4165,DANGER,2,Dangerous
454.2,0.15,0.2197,4,398.5043,DANGER,2,Dangerous
454.3,0.15,0.2196,4,398.592,DANGER,2,Dangerous
454.4,0.15,0.2196,4,398.6797,DANGER,2,Dangerous
454.5,0.15,0.2195,4,398.7675,DANGER,2,Dangerous
454.6,0.15,0.2195,4,398.8552,DANGER,2,Dangerous
454.7,0.15,0.2194,4,398.943,DANGER,2,Dangerous
454.8,0.15,0.2194,4,399.0307,DANGER,2,Dangerous
454.9,0.15,0.2193,4,399.1184,DANGER,2,Dangerous
455.0,0.15,0.2193,4,399.2062,DANGER,2,Dangerous
455.1,0.15,0.2193,4,399.2939,DANGER,2,Dangerous
455.2,0.15,0.2192,4,399.3816,DANGER,2,Dangerous
455.3,0.15,0.2192,4,399.4694,DANGER,2,Dangerous
455.4,0.15,0.2191,4,399.5571,DANGER,2,Dangerous
455.5,0.15,0.2191,4,399.6449,DANGER,2,Dangerous
455.6,0.15,0.219,4,399.7326,DANGER,2,Dangerous
455.7,0.15,0.219,4,399.8203,DANGER,2,Dangerous
455.8,0.15,0.2189,4,399.9081,DANGER,2,Dangerous
455.9,0.15,0.2189,4,399.9958,DANGER,2,Dangerous
456.0,0.15,0.2188,4,400.0835,DANGER,2,Dangerous
456.1,0.15,0.2188,4,400.1713,DANGER,2,Dangerous
456.2,0.15,0.2187,4,400.259,DANGER,2,Dangerous
456.3,0.15,0.2187,4,400.3468,DANGER,2,Dangerous
456.4,0.15,0.2186,4,400.4345,DANGER,2,Dangerous
456.5,0.15,0.2186,4,400.5222,DANGER,2,Dangerous
456.6,0.15,0.2185,4,400.61,DANGER,2,Dangerous
456.7,0.15,0.2185,4,400.6977,DANGER,2,Dangerous
456.8,0.15,0.2184,4,400.7854,DANGER,2,Dangerous
456.9,0.15,0.2184,4,400.8732,DANGER,2,Dangerous
457.0,0.15,0.2183,4,400.9609,DANGER,2,Dangerous
457.1,0.15,0.2183,4,401.0487,DANGER,2,Dangerous
457.2,0.15,0.2182,4,401.1364,DANGER,2,Dangerous
457.3,0.15,0.2182,4,401.2241,DANGER,2,Dangerous
457.4,0.15,0.2182,4,401.3119,DANGER,2,Dangerous
457.5,0.15,0.2181,4,401.3996,DANGER,2,Dangerous
457.6,0.15,0.2181,4,401.4873,DANGER,2,Dangerous
457.7,0.15,0.218,4,401.5751,DANGER,2,Dangerous
457.8,0.15,0.218,4,401.6628,DANGER,2,Dangerous
457.9,0.15,0.2179,4,401.7506,DANGER,2,Dangerous
458.0,0.15,0.2179,4,401.8383,DANGER,2,Dangerous
458.1,0.15,0.2178,4,401.926,DANGER,2,Dangerous
458.2,0.15,0.2178,4,402.0138,DANGER,2,Dangerous
458.3,0.15,0.2177,4,402.1015,DANGER,2,Dangerous
458.4,0.15,0.2177,4,402.1892,DANGER,2,Dangerous
458.5,0.15,0.2176,4,402.277,DANGER,2,Dangerous
458.6,0.15,0.2176,4,402.3647,DANGER,2,Dangerous
458.7,0.15,0.2175,4,402.4525,DANGER,2,Dangerous
458.8,0.15,0.2175,4,402.5402,DANGER,2,Dangerous
458.9,0.15,0.2174,4,402.6279,DANGER,2,Dangerous
459.0,0.15,0.2174,4,402.7157,DANGER,2,Dangerous
459.1,0.15,0.2173,4,402.8034,DANGER,2,Dangerous
459.2,0.15,0.2173,4,402.8912,DANGER,2,Dangerous
459.3,0.15,0.2172,4,402.9789,DANGER,2,Dangerous
459.4,0.15,0.2172,4,403.0666,DANGER,2,Dangerous
459.5,0.15,0.2172,4,403.1544,DANGER,2,Dangerous
459.6,0.15,0.2171,4,403.2421,DANGER,2,Dangerous
459.7,0.15,0.2171,4,403.3298,DANGER,2,Dangerous
459.8,0.15,0.217,4,403.4176,DANGER,2,Dangerous
459.9,0.15,0.217,4,403.5053,DANGER,2,Dangerous
460.0,0.15,0.2169,4,403.5931,DANGER,2,Dangerous
460.1,0.15,0.2169,4,403.6808,DANGER,2,Dangerous
460.2,0.15,0.2168,4,403.7685,DANGER,2,Dangerous
460.3,0.15,0.2168,4,403.8563,DANGER,2,Dangerous
460.4,0.15,0.2167,4,403.944,DANGER,2,Dangerous
460.5,0.15,0.2167,4,404.0317,DANGER,2,Dangerous
460.6,0.15,0.2166,4,404.1195,DANGER,2,Dangerous
460.7,0.15,0.2166,4,404.2072,DANGER,2,Dangerous
460.8,0.15,0.2165,4,404.295,DANGER,2,Dangerous
460.9,0.15,0.2165,4,404.3827,DANGER,2,Dangerous
461.0,0.15,0.2165,4,404.4704,DANGER,2,Dangerous
461.1,0.15,0.2164,4,404.5582,DANGER,2,Dangerous
461.2,0.15,0.2164,4,404.6459,DANGER,2,Dangerous
461.3,0.15,0.2163,4,404.7336,DANGER,2,Dangerous
461.4,0.15,0.2163,4,404.8214,DANGER,2,Dangerous
461.5,0.15,0.2162,4,404.9091,DANGER,2,Dangerous
461.6,0.15,0.2162,4,404.9969,DANGER,2,Dangerous
461.7,0.15,0.2161,4,405.0846,DANGER,2,Dangerous
461.8,0.15,0.2161,4,405.1723,DANGER,2,Dangerous
461.9,0.15,0.216,4,405.2601,DANGER,2,Dangerous
462.0,0.15,0.216,4,405.3478,DANGER,2,Dangerous
462.1,0.15,0.2159,4,405.4355,DANGER,2,Dangerous
462.2,0.15,0.2159,4,405.5233,DANGER,2,Dangerous
462.3,0.15,0.2158,4,405.611,DANGER,2,Dangerous
462.4,0.15,0.2158,4,405.6988,DANGER,2,Dangerous
462.5,0.15,0.2157,4,405.7865,DANGER,2,Dangerous
462.6,0.15,0.2157,4,405.8742,DANGER,2,Dangerous
462.7,0.15,0.2157,4,405.962,DANGER,2,Dangerous
462.8,0.15,0.2156,4,406.0497,DANGER,2,Dangerous
462.9,0.15,0.2156,4,406.1374,DANGER,2,Dangerous
463.0,0.15,0.2155,4,406.2252,DANGER,2,Dangerous
463.1,0.15,0.2155,4,406.3129,DANGER,2,Dangerous
463.2,0.15,0.2154,4,406.4007,DANGER,2,Dangerous
463.3,0.15,0.2154,4,406.4884,DANGER,2,Dangerous
463.4,0.15,0.2153,4,406.5761,DANGER,2,Dangerous
463.5,0.15,0.2153,4,406.6639,DANGER,2,Dangerous
463.6,0.15,0.2152,4,406.7516,DANGER,2,Dangerous
463.7,0.15,0.2152,4,406.8393,DANGER,2,Dangerous
463.8,0.15,0.2151,4,406.9271,DANGER,2,Dangerous
463.9,0.15,0.2151,4,407.0148,DANGER,2,Dangerous
464.0,0.15,0.2151,4,407.1026,DANGER,2,Dangerous
464.1,0.15,0.215,4,407.1903,DANGER,2,Dangerous
464.2,0.15,0.215,4,407.278,DANGER,2,Dangerous
464.3,0.15,0.2149,4,407.3658,DANGER,2,Dangerous
464.4,0.15,0.2149,4,407.4535,DANGER,2,Dangerous
464.5,0.14,0.2148,4,410.6882,DANGER,2,Dangerous
464.6,0.14,0.2148,4,410.7766,DANGER,2,Dangerous
464.7,0.14,0.2147,4,410.8651,DANGER,2,Dangerous
464.8,0.14,0.2147,4,410.9535,DANGER,2,Dangerous
464.9,0.14,0.2146,4,411.0419,DANGER,2,Dangerous
465.0,0.14,0.2146,4,411.1303,DANGER,2,Dangerous
465.1,0.14,0.2145,4,411.2187,DANGER,2,Dangerous
465.2,0.14,0.2145,4,411.3071,DANGER,2,Dangerous
465.3,0.14,0.2145,4,411.3956,DANGER,2,Dangerous
465.4,0.14,0.2144,4,411.484,DANGER,2,Dangerous
465.5,0.14,0.2144,4,411.5724,DANGER,2,Dangerous
465.6,0.14,0.2143,4,411.6608,DANGER,2,Dangerous
465.7,0.14,0.2143,4,411.7492,DANGER,2,Dangerous
465.8,0.14,0.2142,4,411.8376,DANGER,2,Dangerous
465.9,0.14,0.2142,4,411.926,DANGER,2,Dangerous
466.0,0.14,0.2141,4,412.0145,DANGER,2,Dangerous
466.1,0.14,0.2141,4,412.1029,DANGER,2,Dangerous
466.2,0.14,0.214,4,412.1913,DANGER,2,Dangerous
466.3,0.14,0.214,4,412.2797,DANGER,2,Dangerous
466.4,0.14,0.2139,4,412.3681,DANGER,2,Dangerous
466.5,0.14,0.2139,4,412.4565,DANGER,2,Dangerous
466.6,0.14,0.2139,4,412.545,DANGER,2,Dangerous
466.7,0.14,0.2138,4,412.6334,DANGER,2,Dangerous
466.8,0.14,0.2138,4,412.7218,DANGER,2,Dangerous
466.9,0.14,0.2137,4,412.8102,DANGER,2,Dangerous
467.0,0.14,0.2137,4,412.8986,DANGER,2,Dangerous
467.1,0.14,0.2136,4,412.987,DANGER,2,Dangerous
467.2,0.14,0.2136,4,413.0754,DANGER,2,Dangerous
467.3,0.14,0.2135,4,413.1639,DANGER,2,Dangerous
467.4,0.14,0.2135,4,413.2523,DANGER,2,Dangerous
467.5,0.14,0.2134,4,413.3407,DANGER,2,Dangerous
467.6,0.14,0.2134,4,413.4291,DANGER,2,Dangerous
467.7,0.14,0.2134,4,413.5175,DANGER,2,Dangerous
467.8,0.14,0.2133,4,413.6059,DANGER,2,Dangerous
467.9,0.14,0.2133,4,413.6943,DANGER,2,Dangerous
468.0,0.14,0.2132,4,413.7828,DANGER,2,Dangerous
468.1,0.14,0.2132,4,413.8712,DANGER,2,Dangerous
468.2,0.14,0.2131,4,413.9596,DANGER,2,Dangerous
468.3,0.14,0.2131,4,414.048,DANGER,2,Dangerous
468.4,0.14,0.213,4,414.1364,DANGER,2,Dangerous
468.5,0.14,0.213,4,414.2248,DANGER,2,Dangerous
468.6,0.14,0.2129,4,414.3133,DANGER,2,Dangerous
468.7,0.14,0.2129,4,414.4017,DANGER,2,Dangerous
468.8,0.14,0.2129,4,414.4901,DANGER,2,Dangerous
468.9,0.14,0.2128,4,414.5785,DANGER,2,Dangerous
469.0,0.14,0.2128,4,414.6669,DANGER,2,Dangerous
469.1,0.14,0.2127,4,414.7553,DANGER,2,Dangerous
469.2,0.14,0.2127,4,414.8437,DANGER,2,Dangerous
469.3,0.14,0.2126,4,414.9322,DANGER,2,Dangerous
469.4,0.14,0.2126,4,415.0206,DANGER,2,Dangerous
469.5,0.14,0.2125,4,415.109,DANGER,2,Dangerous
469.6,0.14,0.2125,4,415.1974,DANGER,2,Dangerous
469.7,0.14,0.2124,4,415.2858,DANGER,2,Dangerous
469.8,0.14,0.2124,4,415.3742,DANGER,2,Dangerous
469.9,0.14,0.2124,4,415.4627,DANGER,2,Dangerous
470.0,0.14,0.2123,4,415.5511,DANGER,2,Dangerous
470.1,0.14,0.2123,4,415.6395,DANGER,2,Dangerous
470.2,0.14,0.2122,4,415.7279,DANGER,2,Dangerous
470.3,0.14,0.2122,4,415.8163,DANGER,2,Dangerous
470.4,0.14,0.2121,4,415.9047,DANGER,2,Dangerous
470.5,0.14,0.2121,4,415.9931,DANGER,2,Dangerous
470.6,0.14,0.212,4,416.0816,DANGER,2,Dangerous
470.7,0.14,0.212,4,416.17,DANGER,2,Dangerous
470.8,0.14,0.212,4,416.2584,DANGER,2,Dangerous
470.9,0.14,0.2119,4,416.3468,DANGER,2,Dangerous
471.0,0.14,0.2119,4,416.4352,DANGER,2,Dangerous
471.1,0.14,0.2118,4,416.5236,DANGER,2,Dangerous
471.2,0.14,0.2118,4,416.612,DANGER,2,Dangerous
471.3,0.14,0.2117,4,416.7005,DANGER,2,Dangerous
471.4,0.14,0.2117,4,416.7889,DANGER,2,Dangerous
471.5,0.14,0.2116,4,416.8773,DANGER,2,Dangerous
471.6,0.14,0.2116,4,416.9657,DANGER,2,Dangerous
471.7,0.14,0.2116,4,417.0541,DANGER,2,Dangerous
471.8,0.14,0.2115,4,417.1425,DANGER,2,Dangerous
471.9,0.14,0.2115,4,417.231,DANGER,2,Dangerous
472.0,0.14,0.2114,4,417.3194,DANGER,2,Dangerous
472.1,0.14,0.2114,4,417.4078,DANGER,2,Dangerous
472.2,0.14,0.2113,4,417.4962,DANGER,2,Dangerous
472.3,0.14,0.2113,4,417.5846,DANGER,2,Dangerous
472.4,0.14,0.2112,4,417.673,DANGER,2,Dangerous
472.5,0.14,0.2112,4,417.7614,DANGER,2,Dangerous
472.6,0.14,0.2111,4,417.8499,DANGER,2,Dangerous
472.7,0.14,0.2111,4,417.9383,DANGER,2,Dangerous
472.8,0.14,0.2111,4,418.0267,DANGER,2,Dangerous
472.9,0.14,0.211,4,418.1151,DANGER,2,Dangerous
473.0,0.14,0.211,4,418.2035,DANGER,2,Dangerous
473.1,0.14,0.2109,4,418.2919,DANGER,2,Dangerous
473.2,0.14,0.2109,4,418.3803,DANGER,2,Dangerous
473.3,0.14,0.2108,4,418.4688,DANGER,2,Dangerous
473.4,0.14,0.2108,4,418.5572,DANGER,2,Dangerous
473.5,0.14,0.2107,4,418.6456,DANGER,2,Dangerous
473.6,0.14,0.2107,4,418.734,DANGER,2,Dangerous
473.7,0.14,0.2107,4,418.8224,DANGER,2,Dangerous
473.8,0.14,0.2106,4,418.9108,DANGER,2,Dangerous
473.9,0.14,0.2106,4,418.9993,DANGER,2,Dangerous
474.0,0.14,0.2105,4,419.0877,DANGER,2,Dangerous
474.1,0.14,0.2105,4,419.1761,DANGER,2,Dangerous
474.2,0.14,0.2104,4,419.2645,DANGER,2,Dangerous
474.3,0.14,0.2104,4,419.3529,DANGER,2,Dangerous
474.4,0.14,0.2103,4,419.4413,DANGER,2,Dangerous
474.5,0.14,0.2103,4,419.5297,DANGER,2,Dangerous
474.6,0.14,0.2103,4,419.6182,DANGER,2,Dangerous
474.7,0.14,0.2102,4,419.7066,DANGER,2,Dangerous
474.8,0.14,0.2102,4,419.795,DANGER,2,Dangerous
474.9,0.14,0.2101,4,419.8834,DANGER,2,Dangerous
475.0,0.14,0.2101,4,419.9718,DANGER,2,Dangerous
475.1,0.14,0.21,4,420.0602,DANGER,2,Dangerous
475.2,0.14,0.21,4,420.1487,DANGER,2,Dangerous
475.3,0.14,0.21,4,420.2371,DANGER,2,Dangerous
475.4,0.14,0.2099,4,420.3255,DANGER,2,Dangerous
475.5,0.14,0.2099,4,420.4139,DANGER,2,Dangerous
475.6,0.14,0.2098,4,420.5023,DANGER,2,Dangerous
475.7,0.14,0.2098,4,420.5907,DANGER,2,Dangerous
475.8,0.14,0.2097,4,420.6791,DANGER,2,Dangerous
475.9,0.14,0.2097,4,420.7676,DANGER,2,Dangerous
476.0,0.14,0.2096,4,420.856,DANGER,2,Dangerous
476.1,0.14,0.2096,4,420.9444,DANGER,2,Dangerous
476.2,0.14,0.2096,4,421.0328,DANGER,2,Dangerous
476.3,0.14,0.2095,4,421.1212,DANGER,2,Dangerous
476.4,0.14,0.2095,4,421.2096,DANGER,2,Dangerous
476.5,0.14,0.2094,4,421.298,DANGER,2,Dangerous
476.6,0.14,0.2094,4,421.3865,DANGER,2,Dangerous
476.7,0.14,0.2093,4,421.4749,DANGER,2,Dangerous
476.8,0.14,0.2093,4,421.5633,DANGER,2,Dangerous
476.9,0.14,0.2092,4,421.6517,DANGER,2,Dangerous
477.0,0.14,0.2092,4,421.7401,DANGER,2,Dangerous
477.1,0.14,0.2092,4,421.8285,DANGER,2,Dangerous
477.2,0.14,0.2091,4,421.917,DANGER,2,Dangerous
477.3,0.14,0.2091,4,422.0054,DANGER,2,Dangerous
477.4,0.14,0.209,4,422.0938,DANGER,2,Dangerous
477.5,0.14,0.209,4,422.1822,DANGER,2,Dangerous
477.6,0.14,0.2089,4,422.2706,DANGER,2,Dangerous
477.7,0.14,0.2089,4,422.359,DANGER,2,Dangerous
477.8,0.14,0.2089,4,422.4474,DANGER,2,Dangerous
477.9,0.14,0.2088,4,422.5359,DANGER,2,Dangerous
478.0,0.14,0.2088,4,422.6243,DANGER,2,Dangerous
478.1,0.14,0.2087,4,422.7127,DANGER,2,Dangerous
478.2,0.14,0.2087,4,422.8011,DANGER,2,Dangerous
478.3,0.14,0.2086,4,422.8895,DANGER,2,Dangerous
478.4,0.14,0.2086,4,422.9779,DANGER,2,Dangerous
478.5,0.14,0.2086,4,423.0664,DANGER,2,Dangerous
478.6,0.14,0.2085,4,423.1548,DANGER,2,Dangerous
478.7,0.14,0.2085,4,423.2432,DANGER,2,Dangerous
478.8,0.14,0.2084,4,423.3316,DANGER,2,Dangerous
478.9,0.14,0.2084,4,423.42,DANGER,2,Dangerous
479.0,0.14,0.2083,4,423.5084,DANGER,2,Dangerous
479.1,0.14,0.2083,4,423.5968,DANGER,2,Dangerous
479.2,0.14,0.2082,4,423.6853,DANGER,2,Dangerous
479.3,0.14,0.2082,4,423.7737,DANGER,2,Dangerous
479.4,0.14,0.2082,4,423.8621,DANGER,2,Dangerous
479.5,0.14,0.2081,4,423.9505,DANGER,2,Dangerous
479.6,0.14,0.2081,4,424.0389,DANGER,2,Dangerous
479.7,0.14,0.208,4,424.1273,DANGER,2,Dangerous
479.8,0.14,0.208,4,424.2157,DANGER,2,Dangerous
479.9,0.14,0.2079,4,424.3042,DANGER,2,Dangerous
480.0,0.14,0.2079,4,424.3926,DANGER,2,Dangerous
480.1,0.14,0.2079,4,424.481,DANGER,2,Dangerous
480.2,0.14,0.2078,4,424.5694,DANGER,2,Dangerous
480.3,0.14,0.2078,4,424.6578,DANGER,2,Dangerous
480.4,0.14,0.2077,4,424.7462,DANGER,2,Dangerous
480.5,0.14,0.2077,4,424.8347,DANGER,2,Dangerous
480.6,0.14,0.2076,4,424.9231,DANGER,2,Dangerous
480.7,0.14,0.2076,4,425.0115,DANGER,2,Dangerous
480.8,0.14,0.2076,4,425.0999,DANGER,2,Dangerous
480.9,0.14,0.2075,4,425.1883,DANGER,2,Dangerous
481.0,0.14,0.2075,4,425.2767,DANGER,2,Dangerous
481.1,0.14,0.2074,4,425.3651,DANGER,2,Dangerous
481.2,0.14,0.2074,4,425.4536,DANGER,2,Dangerous
481.3,0.14,0.2073,4,425.542,DANGER,2,Dangerous
481.4,0.14,0.2073,4,425.6304,DANGER,2,Dangerous
481.5,0.13,0.2073,4,429.0612,DANGER,2,Dangerous
481.6,0.13,0.2072,4,429.1503,DANGER,2,Dangerous
481.7,0.13,0.2072,4,429.2394,DANGER,2,Dangerous
481.8,0.13,0.2071,4,429.3285,DANGER,2,Dangerous
481.9,0.13,0.2071,4,429.4176,DANGER,2,Dangerous
482.0,0.13,0.207,4,429.5067,DANGER,2,Dangerous
482.1,0.13,0.207,4,429.5958,DANGER,2,Dangerous
482.2,0.13,0.207,4,429.6849,DANGER,2,Dangerous
482.3,0.13,0.2069,4,429.774,DANGER,2,Dangerous
482.4,0.13,0.2069,4,429.8631,DANGER,2,Dangerous
482.5,0.13,0.2068,4,429.9523,DANGER,2,Dangerous
482.6,0.13,0.2068,4,430.0414,DANGER,2,Dangerous
482.7,0.13,0.2067,4,430.1305,DANGER,2,Dangerous
482.8,0.13,0.2067,4,430.2196,DANGER,2,Dangerous
482.9,0.13,0.2067,4,430.3087,DANGER,2,Dangerous
483.0,0.13,0.2066,4,430.3978,DANGER,2,Dangerous
483.1,0.13,0.2066,4,430.4869,DANGER,2,Dangerous
483.2,0.13,0.2065,4,430.576,DANGER,2,Dangerous
483.3,0.13,0.2065,4,430.6651,DANGER,2,Dangerous
483.4,0.13,0.2064,4,430.7542,DANGER,2,Dangerous
483.5,0.13,0.2064,4,430.8433,DANGER,2,Dangerous
483.6,0.13,0.2064,4,430.9325,DANGER,2,Dangerous
483.7,0.13,0.2063,4,431.0216,DANGER,2,Dangerous
483.8,0.13,0.2063,4,431.1107,DANGER,2,Dangerous
483.9,0.13,0.2062,4,431.1998,DANGER,2,Dangerous
484.0,0.13,0.2062,4,431.2889,DANGER,2,Dangerous
484.1,0.13,0.2061,4,431.378,DANGER,2,Dangerous
484.2,0.13,0.2061,4,431.4671,DANGER,2,Dangerous
484.3,0.13,0.2061,4,431.5562,DANGER,2,Dangerous
484.4,0.13,0.206,4,431.6453,DANGER,2,Dangerous
484.5,0.13,0.206,4,431.7344,DANGER,2,Dangerous
484.6,0.13,0.2059,4,431.8235,DANGER,2,Dangerous
484.7,0.13,0.2059,4,431.9127,DANGER,2,Dangerous
484.8,0.13,0.2058,4,432.0018,DANGER,2,Dangerous
484.9,0.13,0.2058,4,432.0909,DANGER,2,Dangerous
485.0,0.13,0.2058,4,432.18,DANGER,2,Dangerous
485.1,0.13,0.2057,4,432.2691,DANGER,2,Dangerous
485.2,0.13,0.2057,4,432.3582,DANGER,2,Dangerous
485.3,0.13,0.2056,4,432.4473,DANGER,2,Dangerous
485.4,0.13,0.2056,4,432.5364,DANGER,2,Dangerous
485.5,0.13,0.2055,4,432.6255,DANGER,2,Dangerous
485.6,0.13,0.2055,4,432.7146,DANGER,2,Dangerous
485.7,0.13,0.2055,4,432.8038,DANGER,2,Dangerous
485.8,0.13,0.2054,4,432.8929,DANGER,2,Dangerous
485.9,0.13,0.2054,4,432.982,DANGER,2,Dangerous
486.0,0.13,0.2053,4,433.0711,DANGER,2,Dangerous
486.1,0.13,0.2053,4,433.1602,DANGER,2,Dangerous
486.2,0.13,0.2053,4,433.2493,DANGER,2,Dangerous
486.3,0.13,0.2052,4,433.3384,DANGER,2,Dangerous
486.4,0.13,0.2052,4,433.4275,DANGER,2,Dangerous
486.5,0.13,0.2051,4,433.5166,DANGER,2,Dangerous
486.6,0.13,0.2051,4,433.6057,DANGER,2,Dangerous
486.7,0.13,0.205,4,433.6948,DANGER,2,Dangerous
486.8,0.13,0.205,4,433.784,DANGER,2,Dangerous
486.9,0.13,0.205,4,433.8731,DANGER,2,Dangerous
487.0,0.13,0.2049,4,433.9622,DANGER,2,Dangerous
487.1,0.13,0.2049,4,434.0513,DANGER,2,Dangerous
487.2,0.13,0.2048,4,434.1404,DANGER,2,Dangerous
487.3,0.13,0.2048,4,434.2295,DANGER,2,Dangerous
487.4,0.13,0.2048,4,434.3186,DANGER,2,Dangerous
487.5,0.13,0.2047,4,434.4077,DANGER,2,Dangerous
487.6,0.13,0.2047,4,434.4968,DANGER,2,Dangerous
487.7,0.13,0.2046,4,434.5859,DANGER,2,Dangerous
487.8,0.13,0.2046,4,434.675,DANGER,2,Dangerous
487.9,0.13,0.2045,4,434.7642,DANGER,2,Dangerous
488.0,0.13,0.2045,4,434.8533,DANGER,2,Dangerous
488.1,0.13,0.2045,4,434.9424,DANGER,2,Dangerous
488.2,0.13,0.2044,4,435.0315,DANGER,2,Dangerous
488.3,0.13,0.2044,4,435.1206,DANGER,2,Dangerous
488.4,0.13,0.2043,4,435.2097,DANGER,2,Dangerous
488.5,0.13,0.2043,4,435.2988,DANGER,2,Dangerous
488.6,0.13,0.2042,4,435.3879,DANGER,2,Dangerous
488.7,0.13,0.2042,4,435.477,DANGER,2,Dangerous
488.8,0.13,0.2042,4,435.5661,DANGER,2,Dangerous
488.9,0.13,0.2041,4,435.6552,DANGER,2,Dangerous
489.0,0.13,0.2041,4,435.7444,DANGER,2,Dangerous
489.1,0.13,0.204,4,435.8335,DANGER,2,Dangerous
489.2,0.13,0.204,4,435.9226,DANGER,2,Dangerous
489.3,0.13,0.204,4,436.0117,DANGER,2,Dangerous
489.4,0.13,0.2039,4,436.1008,DANGER,2,Dangerous
489.5,0.13,0.2039,4,436.1899,DANGER,2,Dangerous
489.6,0.13,0.2038,4,436.279,DANGER,2,Dangerous
489.7,0.13,0.2038,4,436.3681,DANGER,2,Dangerous
489.8,0.13,0.2037,4,436.4572,DANGER,2,Dangerous
489.9,0.13,0.2037,4,436.5463,DANGER,2,Dangerous
490.0,0.13,0.2037,4,436.6354,DANGER,2,Dangerous
490.1,0.13,0.2036,4,436.7246,DANGER,2,Dangerous
490.2,0.13,0.2036,4,436.8137,DANGER,2,Dangerous
490.3,0.13,0.2035,4,436.9028,DANGER,2,Dangerous
490.4,0.13,0.2035,4,436.9919,DANGER,2,Dangerous
490.5,0.13,0.2035,4,437.081,DANGER,2,Dangerous
490.6,0.13,0.2034,4,437.1701,DANGER,2,Dangerous
490.7,0.13,0.2034,4,437.2592,DANGER,2,Dangerous
490.8,0.13,0.2033,4,437.3483,DANGER,2,Dangerous
490.9,0.13,0.2033,4,437.4374,DANGER,2,Dangerous
491.0,0.13,0.2033,4,437.5265,DANGER,2,Dangerous
491.1,0.13,0.2032,4,437.6157,DANGER,2,Dangerous
491.2,0.13,0.2032,4,437.7048,DANGER,2,Dangerous
491.3,0.13,0.2031,4,437.7939,DANGER,2,Dangerous
491.4,0.13,0.2031,4,437.883,DANGER,2,Dangerous
491.5,0.13,0.203,4,437.9721,DANGER,2,Dangerous
491.6,0.13,0.203,4,438.0612,DANGER,2,Dangerous
491.7,0.13,0.203,4,438.1503,DANGER,2,Dangerous
491.8,0.13,0.2029,4,438.2394,DANGER,2,Dangerous
491.9,0.13,0.2029,4,438.3285,DANGER,2,Dangerous
492.0,0.13,0.2028,4,438.4176,DANGER,2,Dangerous
492.1,0.13,0.2028,4,438.5067,DANGER,2,Dangerous
492.2,0.13,0.2028,4,438.5959,DANGER,2,Dangerous
492.3,0.13,0.2027,4,438.685,DANGER,2,Dangerous
492.4,0.13,0.2027,4,438.7741,DANGER,2,Dangerous
492.5,0.13,0.2026,4,438.8632,DANGER,2,Dangerous
492.6,0.13,0.2026,4,438.9523,DANGER,2,Dangerous
492.7,0.13,0.2026,4,439.0414,DANGER,2,Dangerous
492.8,0.13,0.2025,4,439.1305,DANGER,2,Dangerous
492.9,0.13,0.2025,4,439.2196,DANGER,2,Dangerous
493.0,0.13,0.2024,4,439.3087,DANGER,2,Dangerous
493.1,0.13,0.2024,4,439.3978,DANGER,2,Dangerous
493.2,0.13,0.2023,4,439.4869,DANGER,2,Dangerous
493.3,0.13,0.2023,4,439.5761,DANGER,2,Dangerous
493.4,0.13,0.2023,4,439.6652,DANGER,2,Dangerous
493.5,0.13,0.2022,4,439.7543,DANGER,2,Dangerous
493.6,0.13,0.2022,4,439.8434,DANGER,2,Dangerous
493.7,0.13,0.2021,4,439.9325,DANGER,2,Dangerous
493.8,0.13,0.2021,4,440.0216,DANGER,2,Dangerous
493.9,0.13,0.2021,4,440.1107,DANGER,2,Dangerous
494.0,0.13,0.202,4,440.1998,DANGER,2,Dangerous
494.1,0.13,0.202,4,440.2889,DANGER,2,Dangerous
494.2,0.13,0.2019,4,440.378,DANGER,2,Dangerous
494.3,0.13,0.2019,4,440.4671,DANGER,2,Dangerous
494.4,0.13,0.2019,4,440.5563,DANGER,2,Dangerous
494.5,0.13,0.2018,4,440.6454,DANGER,2,Dangerous
494.6,0.13,0.2018,4,440.7345,DANGER,2,Dangerous
494.7,0.13,0.2017,4,440.8236,DANGER,2,Dangerous
494.8,0.13,0.2017,4,440.9127,DANGER,2,Dangerous
494.9,0.13,0.2017,4,441.0018,DANGER,2,Dangerous
495.0,0.13,0.2016,4,441.0909,DANGER,2,Dangerous
495.1,0.13,0.2016,4,441.18,DANGER,2,Dangerous
495.2,0.13,0.2015,4,441.2691,DANGER,2,Dangerous
495.3,0.13,0.2015,4,441.3582,DANGER,2,Dangerous
495.4,0.13,0.2015,4,441.4473,DANGER,2,Dangerous
495.5,0.13,0.2014,4,441.5365,DANGER,2,Dangerous
495.6,0.13,0.2014,4,441.6256,DANGER,2,Dangerous
495.7,0.13,0.2013,4,441.7147,DANGER,2,Dangerous
495.8,0.13,0.2013,4,441.8038,DANGER,2,Dangerous
495.9,0.13,0.2012,4,441.8929,DANGER,2,Dangerous
496.0,0.13,0.2012,4,441.982,DANGER,2,Dangerous
496.1,0.13,0.2012,4,442.0711,DANGER,2,Dangerous
496.2,0.13,0.2011,4,442.1602,DANGER,2,Dangerous
496.3,0.13,0.2011,4,442.2493,DANGER,2,Dangerous
496.4,0.13,0.201,4,442.3384,DANGER,2,Dangerous
496.5,0.13,0.201,4,442.4276,DANGER,2,Dangerous
496.6,0.13,0.201,4,442.5167,DANGER,2,Dangerous
496.7,0.13,0.2009,4,442.6058,DANGER,2,Dangerous
496.8,0.13,0.2009,4,442.6949,DANGER,2,Dangerous
496.9,0.13,0.2008,4,442.784,DANGER,2,Dangerous
497.0,0.13,0.2008,4,442.8731,DANGER,2,Dangerous
497.1,0.13,0.2008,4,442.9622,DANGER,2,Dangerous
497.2,0.13,0.2007,4,443.0513,DANGER,2,Dangerous
497.3,0.13,0.2007,4,443.1404,DANGER,2,Dangerous
497.4,0.13,0.2006,4,443.2295,DANGER,2,Dangerous
497.5,0.13,0.2006,4,443.3186,DANGER,2,Dangerous
497.6,0.13,0.2006,4,443.4078,DANGER,2,Dangerous
497.7,0.13,0.2005,4,443.4969,DANGER,2,Dangerous
497.8,0.13,0.2005,4,443.586,DANGER,2,Dangerous
497.9,0.13,0.2004,4,443.6751,DANGER,2,Dangerous
498.0,0.13,0.2004,4,443.7642,DANGER,2,Dangerous
498.1,0.13,0.2004,4,443.8533,DANGER,2,Dangerous
498.2,0.13,0.2003,4,443.9424,DANGER,2,Dangerous
498.3,0.13,0.2003,4,444.0315,DANGER,2,Dangerous
498.4,0.13,0.2002,4,444.1206,DANGER,2,Dangerous
498.5,0.13,0.2002,4,444.2097,DANGER,2,Dangerous
498.6,0.13,0.2002,4,444.2988,DANGER,2,Dangerous
498.7,0.13,0.2001,4,444.388,DANGER,2,Dangerous
498.8,0.13,0.2001,4,444.4771,DANGER,2,Dangerous
498.9,0.13,0.2,4,444.5662,DANGER,2,Dangerous
499.0,0.13,0.2,4,444.6553,DANGER,2,Dangerous
499.1,0.13,0.2,4,444.7444,DANGER,2,Dangerous
499.2,0.13,0.1999,4,444.8335,DANGER,2,Dangerous
499.3,0.13,0.1999,4,444.9226,DANGER,2,Dangerous
499.4,0.13,0.1998,4,445.0117,DANGER,2,Dangerous
499.5,0.13,0.1998,4,445.1008,DANGER,2,Dangerous
499.6,0.13,0.1998,4,445.1899,DANGER,2,Dangerous
499.7,0.13,0.1997,4,445.279,DANGER,2,Dangerous
499.8,0.13,0.1997,4,445.3682,DANGER,2,Dangerous
499.9,0.13,0.1996,4,445.4573,DANGER,2,Dangerous
500.0,0.13,0.1996,4,445.5464,DANGER,2,Dangerous
500.1,0.13,0.1996,4,445.6355,DANGER,2,Dangerous
500.2,0.13,0.1995,4,445.7246,DANGER,2,Dangerous
500.3,0.13,0.1995,4,445.8137,DANGER,2,Dangerous
500.4,0.12,0.1994,4,449.463,DANGER,2,Dangerous
500.5,0.12,0.1994,4,449.5528,DANGER,2,Dangerous
500.6,0.12,0.1994,4,449.6426,DANGER,2,Dangerous
500.7,0.12,0.1993,4,449.7324,DANGER,2,Dangerous
500.8,0.12,0.1993,4,449.8222,DANGER,2,Dangerous
500.9,0.12,0.1992,4,449.9121,DANGER,2,Dangerous
501.0,0.12,0.1992,4,450.0019,DANGER,2,Dangerous
501.1,0.12,0.1992,4,450.0917,DANGER,2,Dangerous
501.2,0.12,0.1991,4,450.1815,DANGER,2,Dangerous
501.3,0.12,0.1991,4,450.2713,DANGER,2,Dangerous
501.4,0.12,0.199,4,450.3612,DANGER,2,Dangerous
501.5,0.12,0.199,4,450.451,DANGER,2,Dangerous
501.6,0.12,0.199,4,450.5408,DANGER,2,Dangerous
501.7,0.12,0.1989,4,450.6306,DANGER,2,Dangerous
501.8,0.12,0.1989,4,450.7204,DANGER,2,Dangerous
501.9,0.12,0.1988,4,450.8103,DANGER,2,Dangerous
502.0,0.12,0.1988,4,450.9001,DANGER,2,Dangerous
502.1,0.12,0.1988,4,450.9899,DANGER,2,Dangerous
502.2,0.12,0.1987,4,451.0797,DANGER,2,Dangerous
502.3,0.12,0.1987,4,451.1695,DANGER,2,Dangerous
502.4,0.12,0.1986,4,451.2594,DANGER,2,Dangerous
502.5,0.12,0.1986,4,451.3492,DANGER,2,Dangerous
502.6,0.12,0.1986,4,451.439,DANGER,2,Dangerous
502.7,0.12,0.1985,4,451.5288,DANGER,2,Dangerous
502.8,0.12,0.1985,4,451.6187,DANGER,2,Dangerous
502.9,0.12,0.1985,4,451.7085,DANGER,2,Dangerous
503.0,0.12,0.1984,4,451.7983,DANGER,2,Dangerous
503.1,0.12,0.1984,4,451.8881,DANGER,2,Dangerous
503.2,0.12,0.1983,4,451.9779,DANGER,2,Dangerous
503.3,0.12,0.1983,4,452.0678,DANGER,2,Dangerous
503.4,0.12,0.1983,4,452.1576,DANGER,2,Dangerous
503.5,0.12,0.1982,4,452.2474,DANGER,2,Dangerous
503.6,0.12,0.1982,4,452.3372,DANGER,2,Dangerous
503.7,0.12,0.1981,4,452.427,DANGER,2,Dangerous
503.8,0.12,0.1981,4,452.5169,DANGER,2,Dangerous
503.9,0.12,0.1981,4,452.6067,DANGER,2,Dangerous
504.0,0.12,0.198,4,452.6965,DANGER,2,Dangerous
504.1,0.12,0.198,4,452.7863,DANGER,2,Dangerous
504.2,0.12,0.1979,4,452.8761,DANGER,2,Dangerous
504.3,0.12,0.1979,4,452.966,DANGER,2,Dangerous
504.4,0.12,0.1979,4,453.0558,DANGER,2,Dangerous
504.5,0.12,0.1978,4,453.1456,DANGER,2,Dangerous
504.6,0.12,0.1978,4,453.2354,DANGER,2,Dangerous
504.7,0.12,0.1977,4,453.3252,DANGER,2,Dangerous
504.8,0.12,0.1977,4,453.4151,DANGER,2,Dangerous
504.9,0.12,0.1977,4,453.5049,DANGER,2,Dangerous
505.0,0.12,0.1976,4,453.5947,DANGER,2,Dangerous
505.1,0.12,0.1976,4,453.6845,DANGER,2,Dangerous
505.2,0.12,0.1976,4,453.7743,DANGER,2,Dangerous
505.3,0.12,0.1975,4,453.8642,DANGER,2,Dangerous
505.4,0.12,0.1975,4,453.954,DANGER,2,Dangerous
505.5,0.12,0.1974,4,454.0438,DANGER,2,Dangerous
505.6,0.12,0.1974,4,454.1336,DANGER,2,Dangerous
505.7,0.12,0.1974,4,454.2235,DANGER,2,Dangerous
505.8,0.12,0.1973,4,454.3133,DANGER,2,Dangerous
505.9,0.12,0.1973,4,454.4031,DANGER,2,Dangerous
506.0,0.12,0.1972,4,454.4929,DANGER,2,Dangerous
506.1,0.12,0.1972,4,454.5827,DANGER,2,Dangerous
506.2,0.12,0.1972,4,454.6726,DANGER,2,Dangerous
506.3,0.12,0.1971,4,454.7624,DANGER,2,Dangerous
506.4,0.12,0.1971,4,454.8522,DANGER,2,Dangerous
506.5,0.12,0.197,4,454.942,DANGER,2,Dangerous
506.6,0.12,0.197,4,455.0318,DANGER,2,Dangerous
506.7,0.12,0.197,4,455.1217,DANGER,2,Dangerous
506.8,0.12,0.1969,4,455.2115,DANGER,2,Dangerous
506.9,0.12,0.1969,4,455.3013,DANGER,2,Dangerous
507.0,0.12,0.1969,4,455.3911,DANGER,2,Dangerous
507.1,0.12,0.1968,4,455.4809,DANGER,2,Dangerous
507.2,0.12,0.1968,4,455.5708,DANGER,2,Dangerous
507.3,0.12,0.1967,4,455.6606,DANGER,2,Dangerous
507.4,0.12,0.1967,4,455.7504,DANGER,2,Dangerous
507.5,0.12,0.1967,4,455.8402,DANGER,2,Dangerous
507.6,0.12,0.1966,4,455.93,DANGER,2,Dangerous
507.7,0.12,0.1966,4,456.0199,DANGER,2,Dangerous
507.8,0.12,0.1965,4,456.1097,DANGER,2,Dangerous
507.9,0.12,0.1965,4,456.1995,DANGER,2,Dangerous
508.0,0.12,0.1965,4,456.2893,DANGER,2,Dangerous
508.1,0.12,0.1964,4,456.3792,DANGER,2,Dangerous
508.2,0.12,0.1964,4,456.469,DANGER,2,Dangerous
508.3,0.12,0.1963,4,456.5588,DANGER,2,Dangerous
508.4,0.12,0.1963,4,456.6486,DANGER,2,Dangerous
508.5,0.12,0.1963,4,456.7384,DANGER,2,Dangerous
508.6,0.12,0.1962,4,456.8283,DANGER,2,Dangerous
508.7,0.12,0.1962,4,456.9181,DANGER,2,Dangerous
508.8,0.12,0.1962,4,457.0079,DANGER,2,Dangerous
508.9,0.12,0.1961,4,457.0977,DANGER,2,Dangerous
509.0,0.12,0.1961,4,457.1875,DANGER,2,Dangerous
509.1,0.12,0.196,4,457.2774,DANGER,2,Dangerous
509.2,0.12,0.196,4,457.3672,DANGER,2,Dangerous
509.3,0.12,0.196,4,457.457,DANGER,2,Dangerous
509.4,0.12,0.1959,4,457.5468,DANGER,2,Dangerous
509.5,0.12,0.1959,4,457.6366,DANGER,2,Dangerous
509.6,0.12,0.1958,4,457.7265,DANGER,2,Dangerous
509.7,0.12,0.1958,4,457.8163,DANGER,2,Dangerous
509.8,0.12,0.1958,4,457.9061,DANGER,2,Dangerous
509.9,0.12,0.1957,4,457.9959,DANGER,2,Dangerous
510.0,0.12,0.1957,4,458.0857,DANGER,2,Dangerous
510.1,0.12,0.1957,4,458.1756,DANGER,2,Dangerous
510.2,0.12,0.1956,4,458.2654,DANGER,2,Dangerous
510.3,0.12,0.1956,4,458.3552,DANGER,2,Dangerous
510.4,0.12,0.1955,4,458.445,DANGER,2,Dangerous
510.5,0.12,0.1955,4,458.5348,DANGER,2,Dangerous
510.6,0.12,0.1955,4,458.6247,DANGER,2,Dangerous
510.7,0.12,0.1954,4,458.7145,DANGER,2,Dangerous
510.8,0.12,0.1954,4,458.8043,DANGER,2,Dangerous
510.9,0.12,0.1954,4,458.8941,DANGER,2,Dangerous
511.0,0.12,0.1953,4,458.984,DANGER,2,Dangerous
511.1,0.12,0.1953,4,459.0738,DANGER,2,Dangerous
511.2,0.12,0.1952,4,459.1636,DANGER,2,Dangerous
511.3,0.12,0.1952,4,459.2534,DANGER,2,Dangerous
511.4,0.12,0.1952,4,459.3432,DANGER,2,Dangerous
511.5,0.12,0.1951,4,459.4331,DANGER,2,Dangerous
511.6,0.12,0.1951,4,459.5229,DANGER,2,Dangerous
511.7,0.12,0.195,4,459.6127,DANGER,2,Dangerous
511.8,0.12,0.195,4,459.7025,DANGER,2,Dangerous
511.9,0.12,0.195,4,459.7923,DANGER,2,Dangerous
512.0,0.12,0.1949,4,459.8822,DANGER,2,Dangerous
512.1,0.12,0.1949,4,459.972,DANGER,2,Dangerous
512.2,0.12,0.1949,4,460.0618,DANGER,2,Dangerous
512.3,0.12,0.1948,4,460.1516,DANGER,2,Dangerous
512.4,0.12,0.1948,4,460.2414,DANGER,2,Dangerous
512.5,0.12,0.1947,4,460.3313,DANGER,2,Dangerous
512.6,0.12,0.1947,4,460.4211,DANGER,2,Dangerous
512.7,0.12,0.1947,4,460.5109,DANGER,2,Dangerous
512.8,0.12,0.1946,4,460.6007,DANGER,2,Dangerous
512.9,0.12,0.1946,4,460.6905,DANGER,2,Dangerous
513.0,0.12,0.1946,4,460.7804,DANGER,2,Dangerous
513.1,0.12,0.1945,4,460.8702,DANGER,2,Dangerous
513.2,0.12,0.1945,4,460.96,DANGER,2,Dangerous
513.3,0.12,0.1944,4,461.0498,DANGER,2,Dangerous
513.4,0.12,0.1944,4,461.1396,DANGER,2,Dangerous
513.5,0.12,0.1944,4,461.2295,DANGER,2,Dangerous
513.6,0.12,0.1943,4,461.3193,DANGER,2,Dangerous
513.7,0.12,0.1943,4,461.4091,DANGER,2,Dangerous
513.8,0.12,0.1943,4,461.4989,DANGER,2,Dangerous
513.9,0.12,0.1942,4,461.5888,DANGER,2,Dangerous
514.0,0.12,0.1942,4,461.6786,DANGER,2,Dangerous
514.1,0.12,0.1941,4,461.7684,DANGER,2,Dangerous
514.2,0.12,0.1941,4,461.8582,DANGER,2,Dangerous
514.3,0.12,0.1941,4,461.948,DANGER,2,Dangerous
514.4,0.12,0.194,4,462.0379,DANGER,2,Dangerous
514.5,0.12,0.194,4,462.1277,DANGER,2,Dangerous
514.6,0.12,0.1939,4,462.2175,DANGER,2,Dangerous
514.7,0.12,0.1939,4,462.3073,DANGER,2,Dangerous
514.8,0.12,0.1939,4,462.3971,DANGER,2,Dangerous
514.9,0.12,0.1938,4,462.487,DANGER,2,Dangerous
515.0,0.12,0.1938,4,462.5768,DANGER,2,Dangerous
515.1,0.12,0.1938,4,462.6666,DANGER,2,Dangerous
515.2,0.12,0.1937,4,462.7564,DANGER,2,Dangerous
515.3,0.12,0.1937,4,462.8462,DANGER,2,Dangerous
515.4,0.12,0.1936,4,462.9361,DANGER,2,Dangerous
515.5,0.12,0.1936,4,463.0259,DANGER,2,Dangerous
515.6,0.12,0.1936,4,463.1157,DANGER,2,Dangerous
515.7,0.12,0.1935,4,463.2055,DANGER,2,Dangerous
515.8,0.12,0.1935,4,463.2953,DANGER,2,Dangerous
515.9,0.12,0.1935,4,463.3852,DANGER,2,Dangerous
516.0,0.12,0.1934,4,463.475,DANGER,2,Dangerous
516.1,0.12,0.1934,4,463.5648,DANGER,2,Dangerous
516.2,0.12,0.1933,4,463.6546,DANGER,2,Dangerous
516.3,0.12,0.1933,4,463.7445,DANGER,2,Dangerous
516.4,0.12,0.1933,4,463.8343,DANGER,2,Dangerous
516.5,0.12,0.1932,4,463.9241,DANGER,2,Dangerous
516.6,0.12,0.1932,4,464.0139,DANGER,2,Dangerous
516.7,0.12,0.1932,4,464.1037,DANGER,2,Dangerous
516.8,0.12,0.1931,4,464.1936,DANGER,2,Dangerous
516.9,0.12,0.1931,4,464.2834,DANGER,2,Dangerous
517.0,0.12,0.1931,4,464.3732,DANGER,2,Dangerous
517.1,0.12,0.193,4,464.463,DANGER,2,Dangerous
517.2,0.12,0.193,4,464.5528,DANGER,2,Dangerous
517.3,0.12,0.1929,4,464.6427,DANGER,2,Dangerous
517.4,0.12,0.1929,4,464.7325,DANGER,2,Dangerous
517.5,0.12,0.1929,4,464.8223,DANGER,2,Dangerous
517.6,0.12,0.1928,4,464.9121,DANGER,2,Dangerous
517.7,0.12,0.1928,4,465.0019,DANGER,2,Dangerous
517.8,0.12,0.1928,4,465.0918,DANGER,2,Dangerous
517.9,0.12,0.1927,4,465.1816,DANGER,2,Dangerous
518.0,0.12,0.1927,4,465.2714,DANGER,2,Dangerous
518.1,0.12,0.1926,4,465.3612,DANGER,2,Dangerous
518.2,0.12,0.1926,4,465.451,DANGER,2,Dangerous
518.3,0.12,0.1926,4,465.5409,DANGER,2,Dangerous
518.4,0.12,0.1925,4,465.6307,DANGER,2,Dangerous
518.5,0.12,0.1925,4,465.7205,DANGER,2,Dangerous
518.6,0.12,0.1925,4,465.8103,DANGER,2,Dangerous
518.7,0.12,0.1924,4,465.9001,DANGER,2,Dangerous
518.8,0.12,0.1924,4,465.99,DANGER,2,Dangerous
518.9,0.12,0.1923,4,466.0798,DANGER,2,Dangerous
519.0,0.12,0.1923,4,466.1696,DANGER,2,Dangerous
519.1,0.12,0.1923,4,466.2594,DANGER,2,Dangerous
519.2,0.12,0.1922,4,466.3493,DANGER,2,Dangerous
519.3,0.12,0.1922,4,466.4391,DANGER,2,Dangerous
519.4,0.12,0.1922,4,466.5289,DANGER,2,Dangerous
519.5,0.12,0.1921,4,466.6187,DANGER,2,Dangerous
519.6,0.12,0.1921,4,466.7085,DANGER,2,Dangerous
519.7,0.12,0.192,4,466.7984,DANGER,2,Dangerous
519.8,0.12,0.192,4,466.8882,DANGER,2,Dangerous
519.9,0.12,0.192,4,466.978,DANGER,2,Dangerous
520.0,0.12,0.1919,4,467.0678,DANGER,2,Dangerous
520.1,0.12,0.1919,4,467.1576,DANGER,2,Dangerous
520.2,0.12,0.1919,4,467.2475,DANGER,2,Dangerous
520.3,0.12,0.1918,4,467.3373,DANGER,2,Dangerous
520.4,0.12,0.1918,4,467.4271,DANGER,2,Dangerous
520.5,0.12,0.1918,4,467.5169,DANGER,2,Dangerous
520.6,0.12,0.1917,4,467.6067,DANGER,2,Dangerous
520.7,0.12,0.1917,4,467.6966,DANGER,2,Dangerous
520.8,0.12,0.1916,4,467.7864,DANGER,2,Dangerous
520.9,0.12,0.1916,4,467.8762,DANGER,2,Dangerous
521.0,0.12,0.1916,4,467.966,DANGER,2,Dangerous
521.1,0.12,0.1915,4,468.0558,DANGER,2,Dangerous
521.2,0.12,0.1915,4,468.1457,DANGER,2,Dangerous
521.3,0.12,0.1915,4,468.2355,DANGER,2,Dangerous
521.4,0.12,0.1914,4,468.3253,DANGER,2,Dangerous
521.5,0.12,0.1914,4,468.4151,DANGER,2,Dangerous
521.6,0.12,0.1914,4,468.5049,DANGER,2,Dangerous
521.7,0.11,0.1913,4,472.4003,DANGER,2,Dangerous
521.8,0.11,0.1913,4,472.4908,DANGER,2,Dangerous
521.9,0.11,0.1912,4,472.5814,DANGER,2,Dangerous
522.0,0.11,0.1912,4,472.6719,DANGER,2,Dangerous
522.1,0.11,0.1912,4,472.7625,DANGER,2,Dangerous
522.2,0.11,0.1911,4,472.853,DANGER,2,Dangerous
522.3,0.11,0.1911,4,472.9436,DANGER,2,Dangerous
522.4,0.11,0.1911,4,473.0341,DANGER,2,Dangerous
522.5,0.11,0.191,4,473.1247,DANGER,2,Dangerous
522.6,0.11,0.191,4,473.2152,DANGER,2,Dangerous
522.7,0.11,0.1909,4,473.3058,DANGER,2,Dangerous
522.8,0.11,0.1909,4,473.3963,DANGER,2,Dangerous
522.9,0.11,0.1909,4,473.4869,DANGER,2,Dangerous
523.0,0.11,0.1908,4,473.5775,DANGER,2,Dangerous
523.1,0.11,0.1908,4,473.668,DANGER,2,Dangerous
523.2,0.11,0.1908,4,473.7586,DANGER,2,Dangerous
523.3,0.11,0.1907,4,473.8491,DANGER,2,Dangerous
523.4,0.11,0.1907,4,473.9397,DANGER,2,Dangerous
523.5,0.11,0.1907,4,474.0302,DANGER,2,Dangerous
523.6,0.11,0.1906,4,474.1208,DANGER,2,Dangerous
523.7,0.11,0.1906,4,474.2113,DANGER,2,Dangerous
523.8,0.11,0.1905,4,474.3019,DANGER,2,Dangerous
523.9,0.11,0.1905,4,474.3924,DANGER,2,Dangerous
524.0,0.11,0.1905,4,474.483,DANGER,2,Dangerous
524.1,0.11,0.1904,4,474.5735,DANGER,2,Dangerous
524.2,0.11,0.1904,4,474.6641,DANGER,2,Dangerous
524.3,0.11,0.1904,4,474.7546,DANGER,2,Dangerous
524.4,0.11,0.1903,4,474.8452,DANGER,2,Dangerous
524.5,0.11,0.1903,4,474.9357,DANGER,2,Dangerous
524.6,0.11,0.1903,4,475.0263,DANGER,2,Dangerous
524.7,0.11,0.1902,4,475.1168,DANGER,2,Dangerous
524.8,0.11,0.1902,4,475.2074,DANGER,2,Dangerous
524.9,0.11,0.1902,4,475.2979,DANGER,2,Dangerous
525.0,0.11,0.1901,4,475.3885,DANGER,2,Dangerous
525.1,0.11,0.1901,4,475.479,DANGER,2,Dangerous
525.2,0.11,0.19,4,475.5696,DANGER,2,Dangerous
525.3,0.11,0.19,4,475.6601,DANGER,2,Dangerous
525.4,0.11,0.19,4,475.7507,DANGER,2,Dangerous
525.5,0.11,0.1899,4,475.8412,DANGER,2,Dangerous
525.6,0.11,0.1899,4,475.9318,DANGER,2,Dangerous
525.7,0.11,0.1899,4,476.0223,DANGER,2,Dangerous
525.8,0.11,0.1898,4,476.1129,DANGER,2,Dangerous
525.9,0.11,0.1898,4,476.2034,DANGER,2,Dangerous
526.0,0.11,0.1898,4,476.294,DANGER,2,Dangerous
526.1,0.11,0.1897,4,476.3845,DANGER,2,Dangerous
526.2,0.11,0.1897,4,476.4751,DANGER,2,Dangerous
526.3,0.11,0.1896,4,476.5656,DANGER,2,Dangerous
526.4,0.11,0.1896,4,476.6562,DANGER,2,Dangerous
526.5,0.11,0.1896,4,476.7467,DANGER,2,Dangerous
526.6,0.11,0.1895,4,476.8373,DANGER,2,Dangerous
526.7,0.11,0.1895,4,476.9278,DANGER,2,Dangerous
526.8,0.11,0.1895,4,477.0184,DANGER,2,Dangerous
526.9,0.11,0.1894,4,477.1089,DANGER,2,Dangerous
527.0,0.11,0.1894,4,477.1995,DANGER,2,Dangerous
527.1,0.11,0.1894,4,477.29,DANGER,2,Dangerous
527.2,0.11,0.1893,4,477.3806,DANGER,2,Dangerous
527.3,0.11,0.1893,4,477.4711,DANGER,2,Dangerous
527.4,0.11,0.1893,4,477.5617,DANGER,2,Dangerous
527.5,0.11,0.1892,4,477.6522,DANGER,2,Dangerous
527.6,0.11,0.1892,4,477.7428,DANGER,2,Dangerous
527.7,0.11,0.1891,4,477.8333,DANGER,2,Dangerous
527.8,0.11,0.1891,4,477.9239,DANGER,2,Dangerous
527.9,0.11,0.1891,4,478.0144,DANGER,2,Dangerous
528.0,0.11,0.189,4,478.105,DANGER,2,Dangerous
528.1,0.11,0.189,4,478.1955,DANGER,2,Dangerous
528.2,0.11,0.189,4,478.2861,DANGER,2,Dangerous
528.3,0.11,0.1889,4,478.3766,DANGER,2,Dangerous
528.4,0.11,0.1889,4,478.4672,DANGER,2,Dangerous
528.5,0.11,0.1889,4,478.5577,DANGER,2,Dangerous
528.6,0.11,0.1888,4,478.6483,DANGER,2,Dangerous
528.7,0.11,0.1888,4,478.7388,DANGER,2,Dangerous
528.8,0.11,0.1888,4,478.8294,DANGER,2,Dangerous
528.9,0.11,0.1887,4,478.9199,DANGER,2,Dangerous
529.0,0.11,0.1887,4,479.0105,DANGER,2,Dangerous
529.1,0.11,0.1886,4,479.101,DANGER,2,Dangerous
529.2,0.11,0.1886,4,479.1916,DANGER,2,Dangerous
529.3,0.11,0.1886,4,479.2821,DANGER,2,Dangerous
529.4,0.11,0.1885,4,479.3727,DANGER,2,Dangerous
529.5,0.11,0.1885,4,479.4632,DANGER,2,Dangerous
529.6,0.11,0.1885,4,479.5538,DANGER,2,Dangerous
529.7,0.11,0.1884,4,479.6443,DANGER,2,Dangerous
529.8,0.11,0.1884,4,479.7349,DANGER,2,Dangerous
529.9,0.11,0.1884,4,479.8254,DANGER,2,Dangerous
530.0,0.11,0.1883,4,479.916,DANGER,2,Dangerous
530.1,0.11,0.1883,4,480.0065,DANGER,2,Dangerous
530.2,0.11,0.1883,4,480.0971,DANGER,2,Dangerous
530.3,0.11,0.1882,4,480.1876,DANGER,2,Dangerous
530.4,0.11,0.1882,4,480.2782,DANGER,2,Dangerous
530.5,0.11,0.1881,4,480.3687,DANGER,2,Dangerous
530.6,0.11,0.1881,4,480.4593,DANGER,2,Dangerous
530.7,0.11,0.1881,4,480.5498,DANGER,2,Dangerous
530.8,0.11,0.188,4,480.6404,DANGER,2,Dangerous
530.9,0.11,0.188,4,480.7309,DANGER,2,Dangerous
531.0,0.11,0.188,4,480.8215,DANGER,2,Dangerous
531.1,0.11,0.1879,4,480.912,DANGER,2,Dangerous
531.2,0.11,0.1879,4,481.0026,DANGER,2,Dangerous
531.3,0.11,0.1879,4,481.0931,DANGER,2,Dangerous
531.4,0.11,0.1878,4,481.1837,DANGER,2,Dangerous
531.5,0.11,0.1878,4,481.2742,DANGER,2,Dangerous
531.6,0.11,0.1878,4,481.3648,DANGER,2,Dangerous
531.7,0.11,0.1877,4,481.4553,DANGER,2,Dangerous
531.8,0.11,0.1877,4,481.5459,DANGER,2,Dangerous
531.9,0.11,0.1877,4,481.6364,DANGER,2,Dangerous
532.0,0.11,0.1876,4,481.727,DANGER,2,Dangerous
532.1,0.11,0.1876,4,481.8175,DANGER,2,Dangerous
532.2,0.11,0.1875,4,481.9081,DANGER,2,Dangerous
532.3,0.11,0.1875,4,481.9986,DANGER,2,Dangerous
532.4,0.11,0.1875,4,482.0892,DANGER,2,Dangerous
532.5,0.11,0.1874,4,482.1797,DANGER,2,Dangerous
532.6,0.11,0.1874,4,482.2703,DANGER,2,Dangerous
532.7,0.11,0.1874,4,482.3608,DANGER,2,Dangerous
532.8,0.11,0.1873,4,482.4514,DANGER,2,Dangerous
532.9,0.11,0.1873,4,482.5419,DANGER,2,Dangerous
533.0,0.11,0.1873,4,482.6325,DANGER,2,Dangerous
533.1,0.11,0.1872,4,482.723,DANGER,2,Dangerous
533.2,0.11,0.1872,4,482.8136,DANGER,2,Dangerous
533.3,0.11,0.1872,4,482.9041,DANGER,2,Dangerous
533.4,0.11,0.1871,4,482.9947,DANGER,2,Dangerous
533.5,0.11,0.1871,4,483.0852,DANGER,2,Dangerous
533.6,0.11,0.1871,4,483.1758,DANGER,2,Dangerous
533.7,0.11,0.187,4,483.2663,DANGER,2,Dangerous
533.8,0.11,0.187,4,483.3569,DANGER,2,Dangerous
533.9,0.11,0.187,4,483.4474,DANGER,2,Dangerous
534.0,0.11,0.1869,4,483.538,DANGER,2,Dangerous
534.1,0.11,0.1869,4,483.6285,DANGER,2,Dangerous
534.2,0.11,0.1868,4,483.7191,DANGER,2,Dangerous
534.3,0.11,0.1868,4,483.8096,DANGER,2,Dangerous
534.4,0.11,0.1868,4,483.9002,DANGER,2,Dangerous
534.5,0.11,0.1867,4,483.9907,DANGER,2,Dangerous
534.6,0.11,0.1867,4,484.0813,DANGER,2,Dangerous
534.7,0.11,0.1867,4,484.1718,DANGER,2,Dangerous
534.8,0.11,0.1866,4,484.2624,DANGER,2,Dangerous
534.9,0.11,0.1866,4,484.3529,DANGER,2,Dangerous
535.0,0.11,0.1866,4,484.4435,DANGER,2,Dangerous
535.1,0.11,0.1865,4,484.534,DANGER,2,Dangerous
535.2,0.11,0.1865,4,484.6246,DANGER,2,Dangerous
535.3,0.11,0.1865,4,484.7151,DANGER,2,Dangerous
535.4,0.11,0.1864,4,484.8057,DANGER,2,Dangerous
535.5,0.11,0.1864,4,484.8962,DANGER,2,Dangerous
535.6,0.11,0.1864,4,484.9868,DANGER,2,Dangerous
535.7,0.11,0.1863,4,485.0773,DANGER,2,Dangerous
535.8,0.11,0.1863,4,485.1679,DANGER,2,Dangerous
535.9,0.11,0.1863,4,485.2584,DANGER,2,Dangerous
536.0,0.11,0.1862,4,485.349,DANGER,2,Dangerous
536.1,0.11,0.1862,4,485.4395,DANGER,2,Dangerous
536.2,0.11,0.1862,4,485.5301,DANGER,2,Dangerous
536.3,0.11,0.1861,4,485.6206,DANGER,2,Dangerous
536.4,0.11,0.1861,4,485.7112,DANGER,2,Dangerous
536.5,0.11,0.186,4,485.8017,DANGER,2,Dangerous
536.6,0.11,0.186,4,485.8923,DANGER,2,Dangerous
536.7,0.11,0.186,4,485.9828,DANGER,2,Dangerous
536.8,0.11,0.1859,4,486.0734,DANGER,2,Dangerous
536.9,0.11,0.1859,4,486.1639,DANGER,2,Dangerous
537.0,0.11,0.1859,4,486.2545,DANGER,2,Dangerous
537.1,0.11,0.1858,4,486.345,DANGER,2,Dangerous
537.2,0.11,0.1858,4,486.4356,DANGER,2,Dangerous
537.3,0.11,0.1858,4,486.5261,DANGER,2,Dangerous
537.4,0.11,0.1857,4,486.6167,DANGER,2,Dangerous
537.5,0.11,0.1857,4,486.7072,DANGER,2,Dangerous
537.6,0.11,0.1857,4,486.7978,DANGER,2,Dangerous
537.7,0.11,0.1856,4,486.8883,DANGER,2,Dangerous
537.8,0.11,0.1856,4,486.9789,DANGER,2,Dangerous
537.9,0.11,0.1856,4,487.0694,DANGER,2,Dangerous
538.0,0.11,0.1855,4,487.16,DANGER,2,Dangerous
538.1,0.11,0.1855,4,487.2505,DANGER,2,Dangerous
538.2,0.11,0.1855,4,487.3411,DANGER,2,Dangerous
538.3,0.11,0.1854,4,487.4316,DANGER,2,Dangerous
538.4,0.11,0.1854,4,487.5222,DANGER,2,Dangerous
538.5,0.11,0.1854,4,487.6127,DANGER,2,Dangerous
538.6,0.11,0.1853,4,487.7033,DANGER,2,Dangerous
538.7,0.11,0.1853,4,487.7938,DANGER,2,Dangerous
538.8,0.11,0.1853,4,487.8844,DANGER,2,Dangerous
538.9,0.11,0.1852,4,487.9749,DANGER,2,Dangerous
539.0,0.11,0.1852,4,488.0655,DANGER,2,Dangerous
539.1,0.11,0.1852,4,488.156,DANGER,2,Dangerous
539.2,0.11,0.1851,4,488.2466,DANGER,2,Dangerous
539.3,0.11,0.1851,4,488.3371,DANGER,2,Dangerous
539.4,0.11,0.185,4,488.4277,DANGER,2,Dangerous
539.5,0.11,0.185,4,488.5182,DANGER,2,Dangerous
539.6,0.11,0.185,4,488.6088,DANGER,2,Dangerous
539.7,0.11,0.1849,4,488.6993,DANGER,2,Dangerous
539.8,0.11,0.1849,4,488.7899,DANGER,2,Dangerous
539.9,0.11,0.1849,4,488.8804,DANGER,2,Dangerous
540.0,0.11,0.1848,4,488.971,DANGER,2,Dangerous
540.1,0.11,0.1848,4,489.0615,DANGER,2,Dangerous
540.2,0.11,0.1848,4,489.1521,DANGER,2,Dangerous
540.3,0.11,0.1847,4,489.2426,DANGER,2,Dangerous
540.4,0.11,0.1847,4,489.3332,DANGER,2,Dangerous
540.5,0.11,0.1847,4,489.4237,DANGER,2,Dangerous
540.6,0.11,0.1846,4,489.5143,DANGER,2,Dangerous
540.7,0.11,0.1846,4,489.6048,DANGER,2,Dangerous
540.8,0.11,0.1846,4,489.6954,DANGER,2,Dangerous
540.9,0.11,0.1845,4,489.7859,DANGER,2,Dangerous
541.0,0.11,0.1845,4,489.8765,DANGER,2,Dangerous
541.1,0.11,0.1845,4,489.967,DANGER,2,Dangerous
541.2,0.11,0.1844,4,490.0576,DANGER,2,Dangerous
541.3,0.11,0.1844,4,490.1481,DANGER,2,Dangerous
541.4,0.11,0.1844,4,490.2387,DANGER,2,Dangerous
541.5,0.11,0.1843,4,490.3292,DANGER,2,Dangerous
541.6,0.11,0.1843,4,490.4198,DANGER,2,Dangerous
541.7,0.11,0.1843,4,490.5103,DANGER,2,Dangerous
541.8,0.11,0.1842,4,490.6009,DANGER,2,Dangerous
541.9,0.11,0.1842,4,490.6914,DANGER,2,Dangerous
542.0,0.11,0.1842,4,490.782,DANGER,2,Dangerous
542.1,0.11,0.1841,4,490.8725,DANGER,2,Dangerous
542.2,0.11,0.1841,4,490.9631,DANGER,2,Dangerous
542.3,0.11,0.1841,4,491.0536,DANGER,2,Dangerous
542.4,0.11,0.184,4,491.1442,DANGER,2,Dangerous
542.5,0.11,0.184,4,491.2347,DANGER,2,Dangerous
542.6,0.11,0.184,4,491.3253,DANGER,2,Dangerous
542.7,0.11,0.1839,4,491.4158,DANGER,2,Dangerous
542.8,0.11,0.1839,4,491.5064,DANGER,2,Dangerous
542.9,0.11,0.1839,4,491.5969,DANGER,2,Dangerous
543.0,0.11,0.1838,4,491.6875,DANGER,2,Dangerous
543.1,0.11,0.1838,4,491.778,DANGER,2,Dangerous
543.2,0.11,0.1838,4,491.8686,DANGER,2,Dangerous
543.3,0.11,0.1837,4,491.9591,DANGER,2,Dangerous
543.4,0.11,0.1837,4,492.0497,DANGER,2,Dangerous
543.5,0.11,0.1837,4,492.1402,DANGER,2,Dangerous
543.6,0.11,0.1836,4,492.2308,DANGER,2,Dangerous
543.7,0.11,0.1836,4,492.3213,DANGER,2,Dangerous
543.8,0.11,0.1836,4,492.4119,DANGER,2,Dangerous
543.9,0.11,0.1835,4,492.5024,DANGER,2,Dangerous
544.0,0.11,0.1835,4,492.593,DANGER,2,Dangerous
544.1,0.11,0.1835,4,492.6835,DANGER,2,Dangerous
544.2,0.11,0.1834,4,492.7741,DANGER,2,Dangerous
544.3,0.11,0.1834,4,492.8646,DANGER,2,Dangerous
544.4,0.11,0.1834,4,492.9552,DANGER,2,Dangerous
544.5,0.11,0.1833,4,493.0457,DANGER,2,Dangerous
544.6,0.11,0.1833,4,493.1363,DANGER,2,Dangerous
544.7,0.11,0.1833,4,493.2268,DANGER,2,Dangerous
544.8,0.11,0.1832,4,493.3174,DANGER,2,Dangerous
544.9,0.11,0.1832,4,493.4079,DANGER,2,Dangerous
545.0,0.11,0.1832,4,493.4985,DANGER,2,Dangerous
545.1,0.11,0.1831,4,493.589,DANGER,2,Dangerous
545.2,0.11,0.1831,4,493.6796,DANGER,2,Dangerous
545.3,0.11,0.183,4,493.7701,DANGER,2,Dangerous
545.4,0.11,0.183,4,493.8607,DANGER,2,Dangerous
545.5,0.11,0.183,4,493.9512,DANGER,2,Dangerous
545.6,0.11,0.1829,4,494.0418,DANGER,2,Dangerous
545.7,0.11,0.1829,4,494.1323,DANGER,2,Dangerous
545.8,0.11,0.1829,4,494.2229,DANGER,2,Dangerous
545.9,0.11,0.1828,4,494.3134,DANGER,2,Dangerous
546.0,0.1,0.1828,4,498.4889,DANGER,2,Dangerous
546.1,0.1,0.1828,4,498.5802,DANGER,2,Dangerous
546.2,0.1,0.1827,4,498.6715,DANGER,2,Dangerous
546.3,0.1,0.1827,4,498.7628,DANGER,2,Dangerous
546.4,0.1,0.1827,4,498.8541,DANGER,2,Dangerous
546.5,0.1,0.1826,4,498.9454,DANGER,2,Dangerous
546.6,0.1,0.1826,4,499.0367,DANGER,2,Dangerous
546.7,0.1,0.1826,4,499.128,DANGER,2,Dangerous
546.8,0.1,0.1825,4,499.2193,DANGER,2,Dangerous
546.9,0.1,0.1825,4,499.3106,DANGER,2,Dangerous
547.0,0.1,0.1825,4,499.4019,DANGER,2,Dangerous
547.1,0.1,0.1824,4,499.4932,DANGER,2,Dangerous
547.2,0.1,0.1824,4,499.5845,DANGER,2,Dangerous
547.3,0.1,0.1824,4,499.6758,DANGER,2,Dangerous
547.4,0.1,0.1823,4,499.7671,DANGER,2,Dangerous
547.5,0.1,0.1823,4,499.8584,DANGER,2,Dangerous
547.6,0.1,0.1823,4,499.9497,DANGER,2,Dangerous
547.7,0.1,0.1822,4,500.041,DANGER,2,Dangerous
547.8,0.1,0.1822,4,500.1323,DANGER,2,Dangerous
547.9,0.1,0.1822,4,500.2236,DANGER,2,Dangerous
548.0,0.1,0.1821,4,500.3149,DANGER,2,Dangerous
548.1,0.1,0.1821,4,500.4062,DANGER,2,Dangerous
548.2,0.1,0.1821,4,500.4975,DANGER,2,Dangerous
548.3,0.1,0.182,4,500.5888,DANGER,2,Dangerous
548.4,0.1,0.182,4,500.6801,DANGER,2,Dangerous
548.5,0.1,0.182,4,500.7714,DANGER,2,Dangerous
548.6,0.1,0.182,4,500.8627,DANGER,2,Dangerous
548.7,0.1,0.1819,4,500.954,DANGER,2,Dangerous
548.8,0.1,0.1819,4,501.0453,DANGER,2,Dangerous
548.9,0.1,0.1819,4,501.1366,DANGER,2,Dangerous
549.0,0.1,0.1818,4,501.2279,DANGER,2,Dangerous
549.1,0.1,0.1818,4,501.3192,DANGER,2,Dangerous
549.2,0.1,0.1818,4,501.4105,DANGER,2,Dangerous
549.3,0.1,0.1817,4,501.5018,DANGER,2,Dangerous
549.4,0.1,0.1817,4,501.5931,DANGER,2,Dangerous
549.5,0.1,0.1817,4,501.6844,DANGER,2,Dangerous
549.6,0.1,0.1816,4,501.7757,DANGER,2,Dangerous
549.7,0.1,0.1816,4,501.867,DANGER,2,Dangerous
549.8,0.1,0.1816,4,501.9583,DANGER,2,Dangerous
549.9,0.1,0.1815,4,502.0496,DANGER,2,Dangerous
550.0,0.1,0.1815,4,502.1409,DANGER,2,Dangerous
550.1,0.1,0.1815,4,502.2322,DANGER,2,Dangerous
550.2,0.1,0.1814,4,502.3235,DANGER,2,Dangerous
550.3,0.1,0.1814,4,502.4148,DANGER,2,Dangerous
550.4,0.1,0.1814,4,502.5061,DANGER,2,Dangerous
550.5,0.1,0.1813,4,502.5974,DANGER,2,Dangerous
550.6,0.1,0.1813,4,502.6887,DANGER,2,Dangerous
550.7,0.1,0.1813,4,502.78,DANGER,2,Dangerous
550.8,0.1,0.1812,4,502.8713,DANGER,2,Dangerous
550.9,0.1,0.1812,4,502.9625,DANGER,2,Dangerous
551.0,0.1,0.1812,4,503.0538,DANGER,2,Dangerous
551.1,0.1,0.1811,4,503.1451,DANGER,2,Dangerous
551.2,0.1,0.1811,4,503.2364,DANGER,2,Dangerous
551.3,0.1,0.1811,4,503.3277,DANGER,2,Dangerous
551.4,0.1,0.181,4,503.419,DANGER,2,Dangerous
551.5,0.1,0.181,4,503.5103,DANGER,2,Dangerous
551.6,0.1,0.181,4,503.6016,DANGER,2,Dangerous
551.7,0.1,0.1809,4,503.6929,DANGER,2,Dangerous
551.8,0.1,0.1809,4,503.7842,DANGER,2,Dangerous
551.9,0.1,0.1809,4,503.8755,DANGER,2,Dangerous
552.0,0.1,0.1808,4,503.9668,DANGER,2,Dangerous
552.1,0.1,0.1808,4,504.0581,DANGER,2,Dangerous
552.2,0.1,0.1808,4,504.1494,DANGER,2,Dangerous
552.3,0.1,0.1807,4,504.2407,DANGER,2,Dangerous
552.4,0.1,0.1807,4,504.332,DANGER,2,Dangerous
552.5,0.1,0.1807,4,504.4233,DANGER,2,Dangerous
552.6,0.1,0.1806,4,504.5146,DANGER,2,Dangerous
552.7,0.1,0.1806,4,504.6059,DANGER,2,Dangerous
552.8,0.1,0.1806,4,504.6972,DANGER,2,Dangerous
552.9,0.1,0.1805,4,504.7885,DANGER,2,Dangerous
553.0,0.1,0.1805,4,504.8798,DANGER,2,Dangerous
553.1,0.1,0.1805,4,504.9711,DANGER,2,Dangerous
553.2,0.1,0.1804,4,505.0624,DANGER,2,Dangerous
553.3,0.1,0.1804,4,505.1537,DANGER,2,Dangerous
553.4,0.1,0.1804,4,505.245,DANGER,2,Dangerous
553.5,0.1,0.1803,4,505.3363,DANGER,2,Dangerous
553.6,0.1,0.1803,4,505.4276,DANGER,2,Dangerous
553.7,0.1,0.1803,4,505.5189,DANGER,2,Dangerous
553.8,0.1,0.1802,4,505.6102,DANGER,2,Dangerous
553.9,0.1,0.1802,4,505.7015,DANGER,2,Dangerous
554.0,0.1,0.1802,4,505.7928,DANGER,2,Dangerous
554.1,0.1,0.1801,4,505.8841,DANGER,2,Dangerous
554.2,0.1,0.1801,4,505.9754,DANGER,2,Dangerous
554.3,0.1,0.1801,4,506.0667,DANGER,2,Dangerous
554.4,0.1,0.1801,4,506.158,DANGER,2,Dangerous
554.5,0.1,0.18,4,506.2493,DANGER,2,Dangerous
554.6,0.1,0.18,4,506.3406,DANGER,2,Dangerous
554.7,0.1,0.18,4,506.4319,DANGER,2,Dangerous
554.8,0.1,0.1799,4,506.5232,DANGER,2,Dangerous
554.9,0.1,0.1799,4,506.6145,DANGER,2,Dangerous
555.0,0.1,0.1799,4,506.7058,DANGER,2,Dangerous
555.1,0.1,0.1798,4,506.7971,DANGER,2,Dangerous
555.2,0.1,0.1798,4,506.8884,DANGER,2,Dangerous
555.3,0.1,0.1798,4,506.9797,DANGER,2,Dangerous
555.4,0.1,0.1797,4,507.071,DANGER,2,Dangerous
555.5,0.1,0.1797,4,507.1623,DANGER,2,Dangerous
555.6,0.1,0.1797,4,507.2536,DANGER,2,Dangerous
555.7,0.1,0.1796,4,507.3449,DANGER,2,Dangerous
555.8,0.1,0.1796,4,507.4362,DANGER,2,Dangerous
555.9,0.1,0.1796,4,507.5275,DANGER,2,Dangerous
556.0,0.1,0.1795,4,507.6188,DANGER,2,Dangerous
556.1,0.1,0.1795,4,507.7101,DANGER,2,Dangerous
556.2,0.1,0.1795,4,507.8014,DANGER,2,Dangerous
556.3,0.1,0.1794,4,507.8927,DANGER,2,Dangerous
556.4,0.1,0.1794,4,507.984,DANGER,2,Dangerous
556.5,0.1,0.1794,4,508.0753,DANGER,2,Dangerous
556.6,0.1,0.1793,4,508.1666,DANGER,2,Dangerous
556.7,0.1,0.1793,4,508.2579,DANGER,2,Dangerous
556.8,0.1,0.1793,4,508.3492,DANGER,2,Dangerous
556.9,0.1,0.1792,4,508.4404,DANGER,2,Dangerous
557.0,0.1,0.1792,4,508.5317,DANGER,2,Dangerous
557.1,0.1,0.1792,4,508.623,DANGER,2,Dangerous
557.2,0.1,0.1791,4,508.7143,DANGER,2,Dangerous
557.3,0.1,0.1791,4,508.8056,DANGER,2,Dangerous
557.4,0.1,0.1791,4,508.8969,DANGER,2,Dangerous
557.5,0.1,0.1791,4,508.9882,DANGER,2,Dangerous
557.6,0.1,0.179,4,509.0795,DANGER,2,Dangerous
557.7,0.1,0.179,4,509.1708,DANGER,2,Dangerous
557.8,0.1,0.179,4,509.2621,DANGER,2,Dangerous
557.9,0.1,0.1789,4,509.3534,DANGER,2,Dangerous
558.0,0.1,0.1789,4,509.4447,DANGER,2,Dangerous
558.1,0.1,0.1789,4,509.536,DANGER,2,Dangerous
558.2,0.1,0.1788,4,509.6273,DANGER,2,Dangerous
558.3,0.1,0.1788,4,509.7186,DANGER,2,Dangerous
558.4,0.1,0.1788,4,509.8099,DANGER,2,Dangerous
558.5,0.1,0.1787,4,509.9012,DANGER,2,Dangerous
558.6,0.1,0.1787,4,509.9925,DANGER,2,Dangerous
558.7,0.1,0.1787,4,510.0838,DANGER,2,Dangerous
558.8,0.1,0.1786,4,510.1751,DANGER,2,Dangerous
558.9,0.1,0.1786,4,510.2664,DANGER,2,Dangerous
559.0,0.1,0.1786,4,510.3577,DANGER,2,Dangerous
559.1,0.1,0.1785,4,510.449,DANGER,2,Dangerous
559.2,0.1,0.1785,4,510.5403,DANGER,2,Dangerous
559.3,0.1,0.1785,4,510.6316,DANGER,2,Dangerous
559.4,0.1,0.1784,4,510.7229,DANGER,2,Dangerous
559.5,0.1,0.1784,4,510.8142,DANGER,2,Dangerous
559.6,0.1,0.1784,4,510.9055,DANGER,2,Dangerous
559.7,0.1,0.1783,4,510.9968,DANGER,2,Dangerous
559.8,0.1,0.1783,4,511.0881,DANGER,2,Dangerous
559.9,0.1,0.1783,4,511.1794,DANGER,2,Dangerous
560.0,0.1,0.1783,4,511.2707,DANGER,2,Dangerous
560.1,0.1,0.1782,4,511.362,DANGER,2,Dangerous
560.2,0.1,0.1782,4,511.4533,DANGER,2,Dangerous
560.3,0.1,0.1782,4,511.5446,DANGER,2,Dangerous
560.4,0.1,0.1781,4,511.6359,DANGER,2,Dangerous
560.5,0.1,0.1781,4,511.7272,DANGER,2,Dangerous
560.6,0.1,0.1781,4,511.8185,DANGER,2,Dangerous
560.7,0.1,0.178,4,511.9098,DANGER,2,Dangerous
560.8,0.1,0.178,4,512.0011,DANGER,2,Dangerous
560.9,0.1,0.178,4,512.0924,DANGER,2,Dangerous
561.0,0.1,0.1779,4,512.1837,DANGER,2,Dangerous
561.1,0.1,0.1779,4,512.275,DANGER,2,Dangerous
561.2,0.1,0.1779,4,512.3663,DANGER,2,Dangerous
561.3,0.1,0.1778,4,512.4576,DANGER,2,Dangerous
561.4,0.1,0.1778,4,512.5489,DANGER,2,Dangerous
561.5,0.1,0.1778,4,512.6402,DANGER,2,Dangerous
561.6,0.1,0.1777,4,512.7315,DANGER,2,Dangerous
561.7,0.1,0.1777,4,512.8228,DANGER,2,Dangerous
561.8,0.1,0.1777,4,512.9141,DANGER,2,Dangerous
561.9,0.1,0.1777,4,513.0054,DANGER,2,Dangerous
562.0,0.1,0.1776,4,513.0967,DANGER,2,Dangerous
562.1,0.1,0.1776,4,513.188,DANGER,2,Dangerous
562.2,0.1,0.1776,4,513.2793,DANGER,2,Dangerous
562.3,0.1,0.1775,4,513.3706,DANGER,2,Dangerous
562.4,0.1,0.1775,4,513.4619,DANGER,2,Dangerous
562.5,0.1,0.1775,4,513.5532,DANGER,2,Dangerous
562.6,0.1,0.1774,4,513.6445,DANGER,2,Dangerous
562.7,0.1,0.1774,4,513.7358,DANGER,2,Dangerous
562.8,0.1,0.1774,4,513.8271,DANGER,2,Dangerous
562.9,0.1,0.1773,4,513.9183,DANGER,2,Dangerous
563.0,0.1,0.1773,4,514.0096,DANGER,2,Dangerous
563.1,0.1,0.1773,4,514.1009,DANGER,2,Dangerous
563.2,0.1,0.1772,4,514.1922,DANGER,2,Dangerous
563.3,0.1,0.1772,4,514.2835,DANGER,2,Dangerous
563.4,0.1,0.1772,4,514.3748,DANGER,2,Dangerous
563.5,0.1,0.1771,4,514.4661,DANGER,2,Dangerous
563.6,0.1,0.1771,4,514.5574,DANGER,2,Dangerous
563.7,0.1,0.1771,4,514.6487,DANGER,2,Dangerous
563.8,0.1,0.1771,4,514.74,DANGER,2,Dangerous
563.9,0.1,0.177,4,514.8313,DANGER,2,Dangerous
564.0,0.1,0.177,4,514.9226,DANGER,2,Dangerous
564.1,0.1,0.177,4,515.0139,DANGER,2,Dangerous
564.2,0.1,0.1769,4,515.1052,DANGER,2,Dangerous
564.3,0.1,0.1769,4,515.1965,DANGER,2,Dangerous
564.4,0.1,0.1769,4,515.2878,DANGER,2,Dangerous
564.5,0.1,0.1768,4,515.3791,DANGER,2,Dangerous
564.6,0.1,0.1768,4,515.4704,DANGER,2,Dangerous
564.7,0.1,0.1768,4,515.5617,DANGER,2,Dangerous
564.8,0.1,0.1767,4,515.653,DANGER,2,Dangerous
564.9,0.1,0.1767,4,515.7443,DANGER,2,Dangerous
565.0,0.1,0.1767,4,515.8356,DANGER,2,Dangerous
565.1,0.1,0.1766,4,515.9269,DANGER,2,Dangerous
565.2,0.1,0.1766,4,516.0182,DANGER,2,Dangerous
565.3,0.1,0.1766,4,516.1095,DANGER,2,Dangerous
565.4,0.1,0.1766,4,516.2008,DANGER,2,Dangerous
565.5,0.1,0.1765,4,516.2921,DANGER,2,Dangerous
565.6,0.1,0.1765,4,516.3834,DANGER,2,Dangerous
565.7,0.1,0.1765,4,516.4747,DANGER,2,Dangerous
565.8,0.1,0.1764,4,516.566,DANGER,2,Dangerous
565.9,0.1,0.1764,4,516.6573,DANGER,2,Dangerous
566.0,0.1,0.1764,4,516.7486,DANGER,2,Dangerous
566.1,0.1,0.1763,4,516.8399,DANGER,2,Dangerous
566.2,0.1,0.1763,4,516.9312,DANGER,2,Dangerous
566.3,0.1,0.1763,4,517.0225,DANGER,2,Dangerous
566.4,0.1,0.1762,4,517.1138,DANGER,2,Dangerous
566.5,0.1,0.1762,4,517.2051,DANGER,2,Dangerous
566.6,0.1,0.1762,4,517.2964,DANGER,2,Dangerous
566.7,0.1,0.1761,4,517.3877,DANGER,2,Dangerous
566.8,0.1,0.1761,4,517.479,DANGER,2,Dangerous
566.9,0.1,0.1761,4,517.5703,DANGER,2,Dangerous
567.0,0.1,0.1761,4,517.6616,DANGER,2,Dangerous
567.1,0.1,0.176,4,517.7529,DANGER,2,Dangerous
567.2,0.1,0.176,4,517.8442,DANGER,2,Dangerous
567.3,0.1,0.176,4,517.9355,DANGER,2,Dangerous
567.4,0.1,0.1759,4,518.0268,DANGER,2,Dangerous
567.5,0.1,0.1759,4,518.1181,DANGER,2,Dangerous
567.6,0.1,0.1759,4,518.2094,DANGER,2,Dangerous
567.7,0.1,0.1758,4,518.3007,DANGER,2,Dangerous
567.8,0.1,0.1758,4,518.392,DANGER,2,Dangerous
567.9,0.1,0.1758,4,518.4833,DANGER,2,Dangerous
568.0,0.1,0.1757,4,518.5746,DANGER,2,Dangerous
568.1,0.1,0.1757,4,518.6659,DANGER,2,Dangerous
568.2,0.1,0.1757,4,518.7572,DANGER,2,Dangerous
568.3,0.1,0.1757,4,518.8485,DANGER,2,Dangerous
568.4,0.1,0.1756,4,518.9398,DANGER,2,Dangerous
568.5,0.1,0.1756,4,519.0311,DANGER,2,Dangerous
568.6,0.1,0.1756,4,519.1224,DANGER,2,Dangerous
568.7,0.1,0.1755,4,519.2137,DANGER,2,Dangerous
568.8,0.1,0.1755,4,519.305,DANGER,2,Dangerous
568.9,0.1,0.1755,4,519.3963,DANGER,2,Dangerous
569.0,0.1,0.1754,4,519.4875,DANGER,2,Dangerous
569.1,0.1,0.1754,4,519.5788,DANGER,2,Dangerous
569.2,0.1,0.1754,4,519.6701,DANGER,2,Dangerous
569.3,0.1,0.1753,4,519.7614,DANGER,2,Dangerous
569.4,0.1,0.1753,4,519.8527,DANGER,2,Dangerous
569.5,0.1,0.1753,4,519.944,DANGER,2,Dangerous
569.6,0.1,0.1753,4,520.0353,DANGER,2,Dangerous
569.7,0.1,0.1752,4,520.1266,DANGER,2,Dangerous
569.8,0.1,0.1752,4,520.2179,DANGER,2,Dangerous
569.9,0.1,0.1752,4,520.3092,DANGER,2,Dangerous
570.0,0.1,0.1751,4,520.4005,DANGER,2,Dangerous
570.1,0.1,0.1751,4,520.4918,DANGER,2,Dangerous
570.2,0.1,0.1751,4,520.5831,DANGER,2,Dangerous
570.3,0.1,0.175,4,520.6744,DANGER,2,Dangerous
570.4,0.1,0.175,4,520.7657,DANGER,2,Dangerous
570.5,0.1,0.175,4,520.857,DANGER,2,Dangerous
570.6,0.1,0.1749,4,520.9483,DANGER,2,Dangerous
570.7,0.1,0.1749,4,521.0396,DANGER,2,Dangerous
570.8,0.1,0.1749,4,521.1309,DANGER,2,Dangerous
570.9,0.1,0.1749,4,521.2222,DANGER,2,Dangerous
571.0,0.1,0.1748,4,521.3135,DANGER,2,Dangerous
571.1,0.1,0.1748,4,521.4048,DANGER,2,Dangerous
571.2,0.1,0.1748,4,521.4961,DANGER,2,Dangerous
571.3,0.1,0.1747,4,521.5874,DANGER,2,Dangerous
571.4,0.1,0.1747,4,521.6787,DANGER,2,Dangerous
571.5,0.1,0.1747,4,521.77,DANGER,2,Dangerous
571.6,0.1,0.1746,4,521.8613,DANGER,2,Dangerous
571.7,0.1,0.1746,4,521.9526,DANGER,2,Dangerous
571.8,0.1,0.1746,4,522.0439,DANGER,2,Dangerous
571.9,0.1,0.1746,4,522.1352,DANGER,2,Dangerous
572.0,0.1,0.1745,4,522.2265,DANGER,2,Dangerous
572.1,0.1,0.1745,4,522.3178,DANGER,2,Dangerous
572.2,0.1,0.1745,4,522.4091,DANGER,2,Dangerous
572.3,0.1,0.1744,4,522.5004,DANGER,2,Dangerous
572.4,0.1,0.1744,4,522.5917,DANGER,2,Dangerous
572.5,0.1,0.1744,4,522.683,DANGER,2,Dangerous
572.6,0.1,0.1743,4,522.7743,DANGER,2,Dangerous
572.7,0.1,0.1743,4,522.8656,DANGER,2,Dangerous
572.8,0.1,0.1743,4,522.9569,DANGER,2,Dangerous
572.9,0.1,0.1742,4,523.0482,DANGER,2,Dangerous
573.0,0.1,0.1742,4,523.1395,DANGER,2,Dangerous
573.1,0.1,0.1742,4,523.2308,DANGER,2,Dangerous
573.2,0.1,0.1742,4,523.3221,DANGER,2,Dangerous
573.3,0.1,0.1741,4,523.4134,DANGER,2,Dangerous
573.4,0.1,0.1741,4,523.5047,DANGER,2,Dangerous
573.5,0.1,0.1741,4,523.596,DANGER,2,Dangerous
573.6,0.1,0.174,4,523.6873,DANGER,2,Dangerous
573.7,0.1,0.174,4,523.7786,DANGER,2,Dangerous
573.8,0.1,0.174,4,523.8699,DANGER,2,Dangerous
573.9,0.1,0.1739,4,523.9612,DANGER,2,Dangerous
574.0,0.1,0.1739,4,524.0525,DANGER,2,Dangerous
574.1,0.09,0.1739,4,528.5507,DANGER,2,Dangerous
574.2,0.09,0.1739,4,528.6428,DANGER,2,Dangerous
574.3,0.09,0.1738,4,528.7348,DANGER,2,Dangerous
574.4,0.09,0.1738,4,528.8269,DANGER,2,Dangerous
574.5,0.09,0.1738,4,528.919,DANGER,2,Dangerous
574.6,0.09,0.1737,4,529.011,DANGER,2,Dangerous
574.7,0.09,0.1737,4,529.1031,DANGER,2,Dangerous
574.8,0.09,0.1737,4,529.1952,DANGER,2,Dangerous
574.9,0.09,0.1736,4,529.2872,DANGER,2,Dangerous
575.0,0.09,0.1736,4,529.3793,DANGER,2,Dangerous
575.1,0.09,0.1736,4,529.4714,DANGER,2,Dangerous
575.2,0.09,0.1736,4,529.5634,DANGER,2,Dangerous
575.3,0.09,0.1735,4,529.6555,DANGER,2,Dangerous
575.4,0.09,0.1735,4,529.7476,DANGER,2,Dangerous
575.5,0.09,0.1735,4,529.8396,DANGER,2,Dangerous
575.6,0.09,0.1734,4,529.9317,DANGER,2,Dangerous
575.7,0.09,0.1734,4,530.0238,DANGER,2,Dangerous
575.8,0.09,0.1734,4,530.1158,DANGER,2,Dangerous
575.9,0.09,0.1733,4,530.2079,DANGER,2,Dangerous
576.0,0.09,0.1733,4,530.3,DANGER,2,Dangerous
576.1,0.09,0.1733,4,530.392,DANGER,2,Dangerous
576.2,0.09,0.1733,4,530.4841,DANGER,2,Dangerous
576.3,0.09,0.1732,4,530.5762,DANGER,2,Dangerous
576.4,0.09,0.1732,4,530.6682,DANGER,2,Dangerous
576.5,0.09,0.1732,4,530.7603,DANGER,2,Dangerous
576.6,0.09,0.1731,4,530.8524,DANGER,2,Dangerous
576.7,0.09,0.1731,4,530.9444,DANGER,2,Dangerous
576.8,0.09,0.1731,4,531.0365,DANGER,2,Dangerous
576.9,0.09,0.173,4,531.1286,DANGER,2,Dangerous
577.0,0.09,0.173,4,531.2206,DANGER,2,Dangerous
577.1,0.09,0.173,4,531.3127,DANGER,2,Dangerous
577.2,0.09,0.173,4,531.4048,DANGER,2,Dangerous
577.3,0.09,0.1729,4,531.4968,DANGER,2,Dangerous
577.4,0.09,0.1729,4,531.5889,DANGER,2,Dangerous
577.5,0.09,0.1729,4,531.681,DANGER,2,Dangerous
577.6,0.09,0.1728,4,531.773,DANGER,2,Dangerous
577.7,0.09,0.1728,4,531.8651,DANGER,2,Dangerous
577.8,0.09,0.1728,4,531.9572,DANGER,2,Dangerous
577.9,0.09,0.1727,4,532.0492,DANGER,2,Dangerous
578.0,0.09,0.1727,4,532.1413,DANGER,2,Dangerous
578.1,0.09,0.1727,4,532.2334,DANGER,2,Dangerous
578.2,0.09,0.1727,4,532.3254,DANGER,2,Dangerous
578.3,0.09,0.1726,4,532.4175,DANGER,2,Dangerous
578.4,0.09,0.1726,4,532.5096,DANGER,2,Dangerous
578.5,0.09,0.1726,4,532.6016,DANGER,2,Dangerous
578.6,0.09,0.1725,4,532.6937,DANGER,2,Dangerous
578.7,0.09,0.1725,4,532.7858,DANGER,2,Dangerous
578.8,0.09,0.1725,4,532.8778,DANGER,2,Dangerous
578.9,0.09,0.1724,4,532.9699,DANGER,2,Dangerous
579.0,0.09,0.1724,4,533.0619,DANGER,2,Dangerous
579.1,0.09,0.1724,4,533.154,DANGER,2,Dangerous
579.2,0.09,0.1724,4,533.2461,DANGER,2,Dangerous
579.3,0.09,0.1723,4,533.3381,DANGER,2,Dangerous
579.4,0.09,0.1723,4,533.4302,DANGER,2,Dangerous
579.5,0.09,0.1723,4,533.5223,DANGER,2,Dangerous
579.6,0.09,0.1722,4,533.6143,DANGER,2,Dangerous
579.7,0.09,0.1722,4,533.7064,DANGER,2,Dangerous
579.8,0.09,0.1722,4,533.7985,DANGER,2,Dangerous
579.9,0.09,0.1721,4,533.8905,DANGER,2,Dangerous
580.0,0.09,0.1721,4,533.9826,DANGER,2,Dangerous
580.1,0.09,0.1721,4,534.0747,DANGER,2,Dangerous
580.2,0.09,0.1721,4,534.1667,DANGER,2,Dangerous
580.3,0.09,0.172,4,534.2588,DANGER,2,Dangerous
580.4,0.09,0.172,4,534.3509,DANGER,2,Dangerous
580.5,0.09,0.172,4,534.4429,DANGER,2,Dangerous
580.6,0.09,0.1719,4,534.535,DANGER,2,Dangerous
580.7,0.09,0.1719,4,534.6271,DANGER,2,Dangerous
580.8,0.09,0.1719,4,534.7191,DANGER,2,Dangerous
580.9,0.09,0.1719,4,534.8112,DANGER,2,Dangerous
581.0,0.09,0.1718,4,534.9033,DANGER,2,Dangerous
581.1,0.09,0.1718,4,534.9953,DANGER,2,Dangerous
581.2,0.09,0.1718,4,535.0874,DANGER,2,Dangerous
581.3,0.09,0.1717,4,535.1795,DANGER,2,Dangerous
581.4,0.09,0.1717,4,535.2715,DANGER,2,Dangerous
581.5,0.09,0.1717,4,535.3636,DANGER,2,Dangerous
581.6,0.09,0.1716,4,535.4557,DANGER,2,Dangerous
581.7,0.09,0.1716,4,535.5477,DANGER,2,Dangerous
581.8,0.09,0.1716,4,535.6398,DANGER,2,Dangerous
581.9,0.09,0.1716,4,535.7319,DANGER,2,Dangerous
582.0,0.09,0.1715,4,535.8239,DANGER,2,Dangerous
582.1,0.09,0.1715,4,535.916,DANGER,2,Dangerous
582.2,0.09,0.1715,4,536.0081,DANGER,2,Dangerous
582.3,0.09,0.1714,4,536.1001,DANGER,2,Dangerous
582.4,0.09,0.1714,4,536.1922,DANGER,2,Dangerous
582.5,0.09,0.1714,4,536.2843,DANGER,2,Dangerous
582.6,0.09,0.1714,4,536.3763,DANGER,2,Dangerous
582.7,0.09,0.1713,4,536.4684,DANGER,2,Dangerous
582.8,0.09,0.1713,4,536.5605,DANGER,2,Dangerous
582.9,0.09,0.1713,4,536.6525,DANGER,2,Dangerous
583.0,0.09,0.1712,4,536.7446,DANGER,2,Dangerous
583.1,0.09,0.1712,4,536.8367,DANGER,2,Dangerous
583.2,0.09,0.1712,4,536.9287,DANGER,2,Dangerous
583.3,0.09,0.1711,4,537.0208,DANGER,2,Dangerous
583.4,0.09,0.1711,4,537.1129,DANGER,2,Dangerous
583.5,0.09,0.1711,4,537.2049,DANGER,2,Dangerous
583.6,0.09,0.1711,4,537.297,DANGER,2,Dangerous
583.7,0.09,0.171,4,537.389,DANGER,2,Dangerous
583.8,0.09,0.171,4,537.4811,DANGER,2,Dangerous
583.9,0.09,0.171,4,537.5732,DANGER,2,Dangerous
584.0,0.09,0.1709,4,537.6652,DANGER,2,Dangerous
584.1,0.09,0.1709,4,537.7573,DANGER,2,Dangerous
584.2,0.09,0.1709,4,537.8494,DANGER,2,Dangerous
584.3,0.09,0.1709,4,537.9414,DANGER,2,Dangerous
584.4,0.09,0.1708,4,538.0335,DANGER,2,Dangerous
584.5,0.09,0.1708,4,538.1256,DANGER,2,Dangerous
584.6,0.09,0.1708,4,538.2176,DANGER,2,Dangerous
584.7,0.09,0.1707,4,538.3097,DANGER,2,Dangerous
584.8,0.09,0.1707,4,538.4018,DANGER,2,Dangerous
584.9,0.09,0.1707,4,538.4938,DANGER,2,Dangerous
585.0,0.09,0.1706,4,538.5859,DANGER,2,Dangerous
585.1,0.09,0.1706,4,538.678,DANGER,2,Dangerous
585.2,0.09,0.1706,4,538.77,DANGER,2,Dangerous
585.3,0.09,0.1706,4,538.8621,DANGER,2,Dangerous
585.4,0.09,0.1705,4,538.9542,DANGER,2,Dangerous
585.5,0.09,0.1705,4,539.0462,DANGER,2,Dangerous
585.6,0.09,0.1705,4,539.1383,DANGER,2,Dangerous
585.7,0.09,0.1704,4,539.2304,DANGER,2,Dangerous
585.8,0.09,0.1704,4,539.3224,DANGER,2,Dangerous
585.9,0.09,0.1704,4,539.4145,DANGER,2,Dangerous
586.0,0.09,0.1704,4,539.5066,DANGER,2,Dangerous
586.1,0.09,0.1703,4,539.5986,DANGER,2,Dangerous
586.2,0.09,0.1703,4,539.6907,DANGER,2,Dangerous
586.3,0.09,0.1703,4,539.7828,DANGER,2,Dangerous
586.4,0.09,0.1702,4,539.8748,DANGER,2,Dangerous
586.5,0.09,0.1702,4,539.9669,DANGER,2,Dangerous
586.6,0.09,0.1702,4,540.059,DANGER,2,Dangerous
586.7,0.09,0.1702,4,540.151,DANGER,2,Dangerous
586.8,0.09,0.1701,4,540.2431,DANGER,2,Dangerous
586.9,0.09,0.1701,4,540.3352,DANGER,2,Dangerous
587.0,0.09,0.1701,4,540.4272,DANGER,2,Dangerous
587.1,0.09,0.17,4,540.5193,DANGER,2,Dangerous
587.2,0.09,0.17,4,540.6114,DANGER,2,Dangerous
587.3,0.09,0.17,4,540.7034,DANGER,2,Dangerous
587.4,0.09,0.17,4,540.7955,DANGER,2,Dangerous
587.5,0.09,0.1699,4,540.8876,DANGER,2,Dangerous
587.6,0.09,0.1699,4,540.9796,DANGER,2,Dangerous
587.7,0.09,0.1699,4,541.0717,DANGER,2,Dangerous
587.8,0.09,0.1698,4,541.1638,DANGER,2,Dangerous
587.9,0.09,0.1698,4,541.2558,DANGER,2,Dangerous
588.0,0.09,0.1698,4,541.3479,DANGER,2,Dangerous
588.1,0.09,0.1698,4,541.44,DANGER,2,Dangerous
588.2,0.09,0.1697,4,541.532,DANGER,2,Dangerous
588.3,0.09,0.1697,4,541.6241,DANGER,2,Dangerous
588.4,0.09,0.1697,4,541.7162,DANGER,2,Dangerous
588.5,0.09,0.1696,4,541.8082,DANGER,2,Dangerous
588.6,0.09,0.1696,4,541.9003,DANGER,2,Dangerous
588.7,0.09,0.1696,4,541.9923,DANGER,2,Dangerous
588.8,0.09,0.1695,4,542.0844,DANGER,2,Dangerous
588.9,0.09,0.1695,4,542.1765,DANGER,2,Dangerous
589.0,0.09,0.1695,4,542.2685,DANGER,2,Dangerous
589.1,0.09,0.1695,4,542.3606,DANGER,2,Dangerous
589.2,0.09,0.1694,4,542.4527,DANGER,2,Dangerous
589.3,0.09,0.1694,4,542.5447,DANGER,2,Dangerous
589.4,0.09,0.1694,4,542.6368,DANGER,2,Dangerous
589.5,0.09,0.1693,4,542.7289,DANGER,2,Dangerous
589.6,0.09,0.1693,4,542.8209,DANGER,2,Dangerous
589.7,0.09,0.1693,4,542.913,DANGER,2,Dangerous
589.8,0.09,0.1693,4,543.0051,DANGER,2,Dangerous
589.9,0.09,0.1692,4,543.0971,DANGER,2,Dangerous
590.0,0.09,0.1692,4,543.1892,DANGER,2,Dangerous
590.1,0.09,0.1692,4,543.2813,DANGER,2,Dangerous
590.2,0.09,0.1691,4,543.3733,DANGER,2,Dangerous
590.3,0.09,0.1691,4,543.4654,DANGER,2,Dangerous
590.4,0.09,0.1691,4,543.5575,DANGER,2,Dangerous
590.5,0.09,0.1691,4,543.6495,DANGER,2,Dangerous
590.6,0.09,0.169,4,543.7416,DANGER,2,Dangerous
590.7,0.09,0.169,4,543.8337,DANGER,2,Dangerous
590.8,0.09,0.169,4,543.9257,DANGER,2,Dangerous
590.9,0.09,0.1689,4,544.0178,DANGER,2,Dangerous
591.0,0.09,0.1689,4,544.1099,DANGER,2,Dangerous
591.1,0.09,0.1689,4,544.2019,DANGER,2,Dangerous
591.2,0.09,0.1689,4,544.294,DANGER,2,Dangerous
591.3,0.09,0.1688,4,544.3861,DANGER,2,Dangerous
591.4,0.09,0.1688,4,544.4781,DANGER,2,Dangerous
591.5,0.09,0.1688,4,544.5702,DANGER,2,Dangerous
591.6,0.09,0.1687,4,544.6623,DANGER,2,Dangerous
591.7,0.09,0.1687,4,544.7543,DANGER,2,Dangerous
591.8,0.09,0.1687,4,544.8464,DANGER,2,Dangerous
591.9,0.09,0.1687,4,544.9385,DANGER,2,Dangerous
592.0,0.09,0.1686,4,545.0305,DANGER,2,Dangerous
592.1,0.09,0.1686,4,545.1226,DANGER,2,Dangerous
592.2,0.09,0.1686,4,545.2147,DANGER,2,Dangerous
592.3,0.09,0.1685,4,545.3067,DANGER,2,Dangerous
592.4,0.09,0.1685,4,545.3988,DANGER,2,Dangerous
592.5,0.09,0.1685,4,545.4909,DANGER,2,Dangerous
592.6,0.09,0.1685,4,545.5829,DANGER,2,Dangerous
592.7,0.09,0.1684,4,545.675,DANGER,2,Dangerous
592.8,0.09,0.1684,4,545.7671,DANGER,2,Dangerous
592.9,0.09,0.1684,4,545.8591,DANGER,2,Dangerous
593.0,0.09,0.1684,4,545.9512,DANGER,2,Dangerous
593.1,0.09,0.1683,4,546.0433,DANGER,2,Dangerous
593.2,0.09,0.1683,4,546.1353,DANGER,2,Dangerous
593.3,0.09,0.1683,4,546.2274,DANGER,2,Dangerous
593.4,0.09,0.1682,4,546.3194,DANGER,2,Dangerous
593.5,0.09,0.1682,4,546.4115,DANGER,2,Dangerous
593.6,0.09,0.1682,4,546.5036,DANGER,2,Dangerous
593.7,0.09,0.1682,4,546.5956,DANGER,2,Dangerous
593.8,0.09,0.1681,4,546.6877,DANGER,2,Dangerous
593.9,0.09,0.1681,4,546.7798,DANGER,2,Dangerous
594.0,0.09,0.1681,4,546.8718,DANGER,2,Dangerous
594.1,0.09,0.168,4,546.9639,DANGER,2,Dangerous
594.2,0.09,0.168,4,547.056,DANGER,2,Dangerous
594.3,0.09,0.168,4,547.148,DANGER,2,Dangerous
594.4,0.09,0.168,4,547.2401,DANGER,2,Dangerous
594.5,0.09,0.1679,4,547.3322,DANGER,2,Dangerous
594.6,0.09,0.1679,4,547.4242,DANGER,2,Dangerous
594.7,0.09,0.1679,4,547.5163,DANGER,2,Dangerous
594.8,0.09,0.1678,4,547.6084,DANGER,2,Dangerous
594.9,0.09,0.1678,4,547.7004,DANGER,2,Dangerous
595.0,0.09,0.1678,4,547.7925,DANGER,2,Dangerous
595.1,0.09,0.1678,4,547.8846,DANGER,2,Dangerous
595.2,0.09,0.1677,4,547.9766,DANGER,2,Dangerous
595.3,0.09,0.1677,4,548.0687,DANGER,2,Dangerous
595.4,0.09,0.1677,4,548.1608,DANGER,2,Dangerous
595.5,0.09,0.1676,4,548.2528,DANGER,2,Dangerous
595.6,0.09,0.1676,4,548.3449,DANGER,2,Dangerous
595.7,0.09,0.1676,4,548.437,DANGER,2,Dangerous
595.8,0.09,0.1676,4,548.529,DANGER,2,Dangerous
595.9,0.09,0.1675,4,548.6211,DANGER,2,Dangerous
596.0,0.09,0.1675,4,548.7132,DANGER,2,Dangerous
596.1,0.09,0.1675,4,548.8052,DANGER,2,Dangerous
596.2,0.09,0.1674,4,548.8973,DANGER,2,Dangerous
596.3,0.09,0.1674,4,548.9894,DANGER,2,Dangerous
596.4,0.09,0.1674,4,549.0814,DANGER,2,Dangerous
596.5,0.09,0.1674,4,549.1735,DANGER,2,Dangerous
596.6,0.09,0.1673,4,549.2656,DANGER,2,Dangerous
596.7,0.09,0.1673,4,549.3576,DANGER,2,Dangerous
596.8,0.09,0.1673,4,549.4497,DANGER,2,Dangerous
596.9,0.09,0.1673,4,549.5418,DANGER,2,Dangerous
597.0,0.09,0.1672,4,549.6338,DANGER,2,Dangerous
597.1,0.09,0.1672,4,549.7259,DANGER,2,Dangerous
597.2,0.09,0.1672,4,549.818,DANGER,2,Dangerous
597.3,0.09,0.1671,4,549.91,DANGER,2,Dangerous
597.4,0.09,0.1671,4,550.0021,DANGER,2,Dangerous
597.5,0.09,0.1671,4,550.0942,DANGER,2,Dangerous
597.6,0.09,0.1671,4,550.1862,DANGER,2,Dangerous
597.7,0.09,0.167,4,550.2783,DANGER,2,Dangerous
597.8,0.09,0.167,4,550.3704,DANGER,2,Dangerous
597.9,0.09,0.167,4,550.4624,DANGER,2,Dangerous
598.0,0.09,0.1669,4,550.5545,DANGER,2,Dangerous
598.1,0.09,0.1669,4,550.6465,DANGER,2,Dangerous
598.2,0.09,0.1669,4,550.7386,DANGER,2,Dangerous
598.3,0.09,0.1669,4,550.8307,DANGER,2,Dangerous
598.4,0.09,0.1668,4,550.9227,DANGER,2,Dangerous
598.5,0.09,0.1668,4,551.0148,DANGER,2,Dangerous
598.6,0.09,0.1668,4,551.1069,DANGER,2,Dangerous
598.7,0.09,0.1668,4,551.1989,DANGER,2,Dangerous
598.8,0.09,0.1667,4,551.291,DANGER,2,Dangerous
598.9,0.09,0.1667,4,551.3831,DANGER,2,Dangerous
599.0,0.09,0.1667,4,551.4751,DANGER,2,Dangerous
599.1,0.09,0.1666,4,551.5672,DANGER,2,Dangerous
599.2,0.09,0.1666,4,551.6593,DANGER,2,Dangerous
599.3,0.09,0.1666,4,551.7513,DANGER,2,Dangerous
599.4,0.09,0.1666,4,551.8434,DANGER,2,Dangerous
599.5,0.09,0.1665,4,551.9355,DANGER,2,Dangerous
599.6,0.09,0.1665,4,552.0275,DANGER,2,Dangerous
599.7,0.09,0.1665,4,552.1196,DANGER,2,Dangerous
599.8,0.09,0.1664,4,552.2117,DANGER,2,Dangerous
599.9,0.09,0.1664,4,552.3037,DANGER,2,Dangerous
600.0,0.09,0.1664,4,552.3958,DANGER,2,Dangerous
600.1,0.09,0.1664,4,552.4879,DANGER,2,Dangerous
600.2,0.09,0.1663,4,552.5799,DANGER,2,Dangerous
600.3,0.09,0.1663,4,552.672,DANGER,2,Dangerous
600.4,0.09,0.1663,4,552.7641,DANGER,2,Dangerous
600.5,0.09,0.1663,4,552.8561,DANGER,2,Dangerous
600.6,0.09,0.1662,4,552.9482,DANGER,2,Dangerous
600.7,0.09,0.1662,4,553.0403,DANGER,2,Dangerous
600.8,0.09,0.1662,4,553.1323,DANGER,2,Dangerous
600.9,0.09,0.1661,4,553.2244,DANGER,2,Dangerous
601.0,0.09,0.1661,4,553.3165,DANGER,2,Dangerous
601.1,0.09,0.1661,4,553.4085,DANGER,2,Dangerous
601.2,0.09,0.1661,4,553.5006,DANGER,2,Dangerous
601.3,0.09,0.166,4,553.5927,DANGER,2,Dangerous
601.4,0.09,0.166,4,553.6847,DANGER,2,Dangerous
601.5,0.09,0.166,4,553.7768,DANGER,2,Dangerous
601.6,0.09,0.1659,4,553.8689,DANGER,2,Dangerous
601.7,0.09,0.1659,4,553.9609,DANGER,2,Dangerous
601.8,0.09,0.1659,4,554.053,DANGER,2,Dangerous
601.9,0.09,0.1659,4,554.1451,DANGER,2,Dangerous
602.0,0.09,0.1658,4,554.2371,DANGER,2,Dangerous
602.1,0.09,0.1658,4,554.3292,DANGER,2,Dangerous
602.2,0.09,0.1658,4,554.4213,DANGER,2,Dangerous
602.3,0.09,0.1658,4,554.5133,DANGER,2,Dangerous
602.4,0.09,0.1657,4,554.6054,DANGER,2,Dangerous
602.5,0.09,0.1657,4,554.6975,DANGER,2,Dangerous
602.6,0.09,0.1657,4,554.7895,DANGER,2,Dangerous
602.7,0.09,0.1656,4,554.8816,DANGER,2,Dangerous
602.8,0.09,0.1656,4,554.9736,DANGER,2,Dangerous
602.9,0.09,0.1656,4,555.0657,DANGER,2,Dangerous
603.0,0.09,0.1656,4,555.1578,DANGER,2,Dangerous
603.1,0.09,0.1655,4,555.2498,DANGER,2,Dangerous
603.2,0.09,0.1655,4,555.3419,DANGER,2,Dangerous
603.3,0.09,0.1655,4,555.434,DANGER,2,Dangerous
603.4,0.09,0.1655,4,555.526,DANGER,2,Dangerous
603.5,0.09,0.1654,4,555.6181,DANGER,2,Dangerous
603.6,0.09,0.1654,4,555.7102,DANGER,2,Dangerous
603.7,0.09,0.1654,4,555.8022,DANGER,2,Dangerous
603.8,0.09,0.1653,4,555.8943,DANGER,2,Dangerous
603.9,0.09,0.1653,4,555.9864,DANGER,2,Dangerous
604.0,0.09,0.1653,4,556.0784,DANGER,2,Dangerous
604.1,0.09,0.1653,4,556.1705,DANGER,2,Dangerous
604.2,0.09,0.1652,4,556.2626,DANGER,2,Dangerous
604.3,0.09,0.1652,4,556.3546,DANGER,2,Dangerous
604.4,0.09,0.1652,4,556.4467,DANGER,2,Dangerous
604.5,0.09,0.1652,4,556.5388,DANGER,2,Dangerous
604.6,0.09,0.1651,4,556.6308,DANGER,2,Dangerous
604.7,0.09,0.1651,4,556.7229,DANGER,2,Dangerous
604.8,0.09,0.1651,4,556.815,DANGER,2,Dangerous
604.9,0.09,0.165,4,556.907,DANGER,2,Dangerous
605.0,0.09,0.165,4,556.9991,DANGER,2,Dangerous
605.1,0.09,0.165,4,557.0912,DANGER,2,Dangerous
605.2,0.09,0.165,4,557.1832,DANGER,2,Dangerous
605.3,0.09,0.1649,4,557.2753,DANGER,2,Dangerous
605.4,0.09,0.1649,4,557.3674,DANGER,2,Dangerous
605.5,0.09,0.1649,4,557.4594,DANGER,2,Dangerous
605.6,0.09,0.1649,4,557.5515,DANGER,2,Dangerous
605.7,0.09,0.1648,4,557.6436,DANGER,2,Dangerous
605.8,0.09,0.1648,4,557.7356,DANGER,2,Dangerous
605.9,0.09,0.1648,4,557.8277,DANGER,2,Dangerous
606.0,0.09,0.1647,4,557.9198,DANGER,2,Dangerous
606.1,0.09,0.1647,4,558.0118,DANGER,2,Dangerous
606.2,0.09,0.1647,4,558.1039,DANGER,2,Dangerous
606.3,0.09,0.1647,4,558.196,DANGER,2,Dangerous
606.4,0.09,0.1646,4,558.288,DANGER,2,Dangerous
606.5,0.09,0.1646,4,558.3801,DANGER,2,Dangerous
606.6,0.09,0.1646,4,558.4722,DANGER,2,Dangerous
606.7,0.09,0.1646,4,558.5642,DANGER,2,Dangerous
606.8,0.09,0.1645,4,558.6563,DANGER,2,Dangerous
606.9,0.09,0.1645,4,558.7484,DANGER,2,Dangerous
607.0,0.08,0.1645,4,563.623,DANGER,2,Dangerous
607.1,0.08,0.1644,4,563.7158,DANGER,2,Dangerous
607.2,0.08,0.1644,4,563.8087,DANGER,2,Dangerous
607.3,0.08,0.1644,4,563.9015,DANGER,2,Dangerous
607.4,0.08,0.1644,4,563.9944,DANGER,2,Dangerous
607.5,0.08,0.1643,4,564.0873,DANGER,2,Dangerous
607.6,0.08,0.1643,4,564.1801,DANGER,2,Dangerous
607.7,0.08,0.1643,4,564.273,DANGER,2,Dangerous
607.8,0.08,0.1643,4,564.3658,DANGER,2,Dangerous
607.9,0.08,0.1642,4,564.4587,DANGER,2,Dangerous
608.0,0.08,0.1642,4,564.5515,DANGER,2,Dangerous
608.1,0.08,0.1642,4,564.6444,DANGER,2,Dangerous
608.2,0.08,0.1641,4,564.7372,DANGER,2,Dangerous
608.3,0.08,0.1641,4,564.8301,DANGER,2,Dangerous
608.4,0.08,0.1641,4,564.9229,DANGER,2,Dangerous
608.5,0.08,0.1641,4,565.0158,DANGER,2,Dangerous
608.6,0.08,0.164,4,565.1086,DANGER,2,Dangerous
608.7,0.08,0.164,4,565.2015,DANGER,2,Dangerous
608.8,0.08,0.164,4,565.2944,DANGER,2,Dangerous
608.9,0.08,0.164,4,565.3872,DANGER,2,Dangerous
609.0,0.08,0.1639,4,565.4801,DANGER,2,Dangerous
609.1,0.08,0.1639,4,565.5729,DANGER,2,Dangerous
609.2,0.08,0.1639,4,565.6658,DANGER,2,Dangerous
609.3,0.08,0.1639,4,565.7586,DANGER,2,Dangerous
609.4,0.08,0.1638,4,565.8515,DANGER,2,Dangerous
609.5,0.08,0.1638,4,565.9443,DANGER,2,Dangerous
609.6,0.08,0.1638,4,566.0372,DANGER,2,Dangerous
609.7,0.08,0.1637,4,566.13,DANGER,2,Dangerous
609.8,0.08,0.1637,4,566.2229,DANGER,2,Dangerous
609.9,0.08,0.1637,4,566.3158,DANGER,2,Dangerous
610.0,0.08,0.1637,4,566.4086,DANGER,2,Dangerous
610.1,0.08,0.1636,4,566.5015,DANGER,2,Dangerous
610.2,0.08,0.1636,4,566.5943,DANGER,2,Dangerous
610.3,0.08,0.1636,4,566.6872,DANGER,2,Dangerous
610.4,0.08,0.1636,4,566.78,DANGER,2,Dangerous
610.5,0.08,0.1635,4,566.8729,DANGER,2,Dangerous
610.6,0.08,0.1635,4,566.9657,DANGER,2,Dangerous
610.7,0.08,0.1635,4,567.0586,DANGER,2,Dangerous
610.8,0.08,0.1635,4,567.1514,DANGER,2,Dangerous
610.9,0.08,0.1634,4,567.2443,DANGER,2,Dangerous
611.0,0.08,0.1634,4,567.3371,DANGER,2,Dangerous
611.1,0.08,0.1634,4,567.43,DANGER,2,Dangerous
611.2,0.08,0.1633,4,567.5229,DANGER,2,Dangerous
611.3,0.08,0.1633,4,567.6157,DANGER,2,Dangerous
611.4,0.08,0.1633,4,567.7086,DANGER,2,Dangerous
611.5,0.08,0.1633,4,567.8014,DANGER,2,Dangerous
611.6,0.08,0.1632,4,567.8943,DANGER,2,Dangerous
611.7,0.08,0.1632,4,567.9871,DANGER,2,Dangerous
611.8,0.08,0.1632,4,568.08,DANGER,2,Dangerous
611.9,0.08,0.1632,4,568.1728,DANGER,2,Dangerous
612.0,0.08,0.1631,4,568.2657,DANGER,2,Dangerous
612.1,0.08,0.1631,4,568.3585,DANGER,2,Dangerous
612.2,0.08,0.1631,4,568.4514,DANGER,2,Dangerous
612.3,0.08,0.1631,4,568.5442,DANGER,2,Dangerous
612.4,0.08,0.163,4,568.6371,DANGER,2,Dangerous
612.5,0.08,0.163,4,568.73,DANGER,2,Dangerous
612.6,0.08,0.163,4,568.8228,DANGER,2,Dangerous
612.7,0.08,0.1629,4,568.9157,DANGER,2,Dangerous
612.8,0.08,0.1629,4,569.0085,DANGER,2,Dangerous
612.9,0.08,0.1629,4,569.1014,DANGER,2,Dangerous
613.0,0.08,0.1629,4,569.1942,DANGER,2,Dangerous
613.1,0.08,0.1628,4,569.2871,DANGER,2,Dangerous
613.2,0.08,0.1628,4,569.3799,DANGER,2,Dangerous
613.3,0.08,0.1628,4,569.4728,DANGER,2,Dangerous
613.4,0.08,0.1628,4,569.5656,DANGER,2,Dangerous
613.5,0.08,0.1627,4,569.6585,DANGER,2,Dangerous
613.6,0.08,0.1627,4,569.7513,DANGER,2,Dangerous
613.7,0.08,0.1627,4,569.8442,DANGER,2,Dangerous
613.8,0.08,0.1627,4,569.9371,DANGER,2,Dangerous
613.9,0.08,0.1626,4,570.0299,DANGER,2,Dangerous
614.0,0.08,0.1626,4,570.1228,DANGER,2,Dangerous
614.1,0.08,0.1626,4,570.2156,DANGER,2,Dangerous
614.2,0.08,0.1625,4,570.3085,DANGER,2,Dangerous
614.3,0.08,0.1625,4,570.4013,DANGER,2,Dangerous
614.4,0.08,0.1625,4,570.4942,DANGER,2,Dangerous
614.5,0.08,0.1625,4,570.587,DANGER,2,Dangerous
614.6,0.08,0.1624,4,570.6799,DANGER,2,Dangerous
614.7,0.08,0.1624,4,570.7727,DANGER,2,Dangerous
614.8,0.08,0.1624,4,570.8656,DANGER,2,Dangerous
614.9,0.08,0.1624,4,570.9584,DANGER,2,Dangerous
615.0,0.08,0.1623,4,571.0513,DANGER,2,Dangerous
615.1,0.08,0.1623,4,571.1442,DANGER,2,Dangerous
615.2,0.08,0.1623,4,571.237,DANGER,2,Dangerous
615.3,0.08,0.1623,4,571.3299,DANGER,2,Dangerous
615.4,0.08,0.1622,4,571.4227,DANGER,2,Dangerous
615.5,0.08,0.1622,4,571.5156,DANGER,2,Dangerous
615.6,0.08,0.1622,4,571.6084,DANGER,2,Dangerous
615.7,0.08,0.1622,4,571.7013,DANGER,2,Dangerous
615.8,0.08,0.1621,4,571.7941,DANGER,2,Dangerous
615.9,0.08,0.1621,4,571.887,DANGER,2,Dangerous
616.0,0.08,0.1621,4,571.9798,DANGER,2,Dangerous
616.1,0.08,0.162,4,572.0727,DANGER,2,Dangerous
616.2,0.08,0.162,4,572.1655,DANGER,2,Dangerous
616.3,0.08,0.162,4,572.2584,DANGER,2,Dangerous
616.4,0.08,0.162,4,572.3513,DANGER,2,Dangerous
616.5,0.08,0.1619,4,572.4441,DANGER,2,Dangerous
616.6,0.08,0.1619,4,572.537,DANGER,2,Dangerous
616.7,0.08,0.1619,4,572.6298,DANGER,2,Dangerous
616.8,0.08,0.1619,4,572.7227,DANGER,2,Dangerous
616.9,0.08,0.1618,4,572.8155,DANGER,2,Dangerous
617.0,0.08,0.1618,4,572.9084,DANGER,2,Dangerous
617.1,0.08,0.1618,4,573.0012,DANGER,2,Dangerous
617.2,0.08,0.1618,4,573.0941,DANGER,2,Dangerous
617.3,0.08,0.1617,4,573.1869,DANGER,2,Dangerous
617.4,0.08,0.1617,4,573.2798,DANGER,2,Dangerous
617.5,0.08,0.1617,4,573.3726,DANGER,2,Dangerous
617.6,0.08,0.1617,4,573.4655,DANGER,2,Dangerous
617.7,0.08,0.1616,4,573.5584,DANGER,2,Dangerous
617.8,0.08,0.1616,4,573.6512,DANGER,2,Dangerous
617.9,0.08,0.1616,4,573.7441,DANGER,2,Dangerous
618.0,0.08,0.1616,4,573.8369,DANGER,2,Dangerous
618.1,0.08,0.1615,4,573.9298,DANGER,2,Dangerous
618.2,0.08,0.1615,4,574.0226,DANGER,2,Dangerous
618.3,0.08,0.1615,4,574.1155,DANGER,2,Dangerous
618.4,0.08,0.1614,4,574.2083,DANGER,2,Dangerous
618.5,0.08,0.1614,4,574.3012,DANGER,2,Dangerous
618.6,0.08,0.1614,4,574.394,DANGER,2,Dangerous
618.7,0.08,0.1614,4,574.4869,DANGER,2,Dangerous
618.8,0.08,0.1613,4,574.5797,DANGER,2,Dangerous
618.9,0.08,0.1613,4,574.6726,DANGER,2,Dangerous
619.0,0.08,0.1613,4,574.7655,DANGER,2,Dangerous
619.1,0.08,0.1613,4,574.8583,DANGER,2,Dangerous
619.2,0.08,0.1612,4,574.9512,DANGER,2,Dangerous
619.3,0.08,0.1612,4,575.044,DANGER,2,Dangerous
619.4,0.08,0.1612,4,575.1369,DANGER,2,Dangerous
619.5,0.08,0.1612,4,575.2297,DANGER,2,Dangerous
619.6,0.08,0.1611,4,575.3226,DANGER,2,Dangerous
619.7,0.08,0.1611,4,575.4154,DANGER,2,Dangerous
619.8,0.08,0.1611,4,575.5083,DANGER,2,Dangerous
619.9,0.08,0.1611,4,575.6011,DANGER,2,Dangerous
620.0,0.08,0.161,4,575.694,DANGER,2,Dangerous
620.1,0.08,0.161,4,575.7868,DANGER,2,Dangerous
620.2,0.08,0.161,4,575.8797,DANGER,2,Dangerous
620.3,0.08,0.161,4,575.9726,DANGER,2,Dangerous
620.4,0.08,0.1609,4,576.0654,DANGER,2,Dangerous
620.5,0.08,0.1609,4,576.1583,DANGER,2,Dangerous
620.6,0.08,0.1609,4,576.2511,DANGER,2,Dangerous
620.7,0.08,0.1608,4,576.344,DANGER,2,Dangerous
620.8,0.08,0.1608,4,576.4368,DANGER,2,Dangerous
620.9,0.08,0.1608,4,576.5297,DANGER,2,Dangerous
621.0,0.08,0.1608,4,576.6225,DANGER,2,Dangerous
621.1,0.08,0.1607,4,576.7154,DANGER,2,Dangerous
621.2,0.08,0.1607,4,576.8082,DANGER,2,Dangerous
621.3,0.08,0.1607,4,576.9011,DANGER,2,Dangerous
621.4,0.08,0.1607,4,576.9939,DANGER,2,Dangerous
621.5,0.08,0.1606,4,577.0868,DANGER,2,Dangerous
621.6,0.08,0.1606,4,577.1797,DANGER,2,Dangerous
621.7,0.08,0.1606,4,577.2725,DANGER,2,Dangerous
621.8,0.08,0.1606,4,577.3654,DANGER,2,Dangerous
621.9,0.08,0.1605,4,577.4582,DANGER,2,Dangerous
622.0,0.08,0.1605,4,577.5511,DANGER,2,Dangerous
622.1,0.08,0.1605,4,577.6439,DANGER,2,Dangerous
622.2,0.08,0.1605,4,577.7368,DANGER,2,Dangerous
622.3,0.08,0.1604,4,577.8296,DANGER,2,Dangerous
622.4,0.08,0.1604,4,577.9225,DANGER,2,Dangerous
622.5,0.08,0.1604,4,578.0153,DANGER,2,Dangerous
622.6,0.08,0.1604,4,578.1082,DANGER,2,Dangerous
622.7,0.08,0.1603,4,578.201,DANGER,2,Dangerous
622.8,0.08,0.1603,4,578.2939,DANGER,2,Dangerous
622.9,0.08,0.1603,4,578.3868,DANGER,2,Dangerous
623.0,0.08,0.1603,4,578.4796,DANGER,2,Dangerous
623.1,0.08,0.1602,4,578.5725,DANGER,2,Dangerous
623.2,0.08,0.1602,4,578.6653,DANGER,2,Dangerous
623.3,0.08,0.1602,4,578.7582,DANGER,2,Dangerous
623.4,0.08,0.1602,4,578.851,DANGER,2,Dangerous
623.5,0.08,0.1601,4,578.9439,DANGER,2,Dangerous
623.6,0.08,0.1601,4,579.0367,DANGER,2,Dangerous
623.7,0.08,0.1601,4,579.1296,DANGER,2,Dangerous
623.8,0.08,0.1601,4,579.2224,DANGER,2,Dangerous
623.9,0.08,0.16,4,579.3153,DANGER,2,Dangerous
624.0,0.08,0.16,4,579.4081,DANGER,2,Dangerous
624.1,0.08,0.16,4,579.501,DANGER,2,Dangerous
624.2,0.08,0.1599,4,579.5939,DANGER,2,Dangerous
624.3,0.08,0.1599,4,579.6867,DANGER,2,Dangerous
624.4,0.08,0.1599,4,579.7796,DANGER,2,Dangerous
624.5,0.08,0.1599,4,579.8724,DANGER,2,Dangerous
624.6,0.08,0.1598,4,579.9653,DANGER,2,Dangerous
624.7,0.08,0.1598,4,580.0581,DANGER,2,Dangerous
624.8,0.08,0.1598,4,580.151,DANGER,2,Dangerous
624.9,0.08,0.1598,4,580.2438,DANGER,2,Dangerous
625.0,0.08,0.1597,4,580.3367,DANGER,2,Dangerous
625.1,0.08,0.1597,4,580.4295,DANGER,2,Dangerous
625.2,0.08,0.1597,4,580.5224,DANGER,2,Dangerous
625.3,0.08,0.1597,4,580.6152,DANGER,2,Dangerous
625.4,0.08,0.1596,4,580.7081,DANGER,2,Dangerous
625.5,0.08,0.1596,4,580.801,DANGER,2,Dangerous
625.6,0.08,0.1596,4,580.8938,DANGER,2,Dangerous
625.7,0.08,0.1596,4,580.9867,DANGER,2,Dangerous
625.8,0.08,0.1595,4,581.0795,DANGER,2,Dangerous
625.9,0.08,0.1595,4,581.1724,DANGER,2,Dangerous
626.0,0.08,0.1595,4,581.2652,DANGER,2,Dangerous
626.1,0.08,0.1595,4,581.3581,DANGER,2,Dangerous
626.2,0.08,0.1594,4,581.4509,DANGER,2,Dangerous
626.3,0.08,0.1594,4,581.5438,DANGER,2,Dangerous
626.4,0.08,0.1594,4,581.6366,DANGER,2,Dangerous
626.5,0.08,0.1594,4,581.7295,DANGER,2,Dangerous
626.6,0.08,0.1593,4,581.8223,DANGER,2,Dangerous
626.7,0.08,0.1593,4,581.9152,DANGER,2,Dangerous
626.8,0.08,0.1593,4,582.0081,DANGER,2,Dangerous
626.9,0.08,0.1593,4,582.1009,DANGER,2,Dangerous
627.0,0.08,0.1592,4,582.1938,DANGER,2,Dangerous
627.1,0.08,0.1592,4,582.2866,DANGER,2,Dangerous
627.2,0.08,0.1592,4,582.3795,DANGER,2,Dangerous
627.3,0.08,0.1592,4,582.4723,DANGER,2,Dangerous
627.4,0.08,0.1591,4,582.5652,DANGER,2,Dangerous
627.5,0.08,0.1591,4,582.658,DANGER,2,Dangerous
627.6,0.08,0.1591,4,582.7509,DANGER,2,Dangerous
627.7,0.08,0.1591,4,582.8437,DANGER,2,Dangerous
627.8,0.08,0.159,4,582.9366,DANGER,2,Dangerous
627.9,0.08,0.159,4,583.0294,DANGER,2,Dangerous
628.0,0.08,0.159,4,583.1223,DANGER,2,Dangerous
628.1,0.08,0.159,4,583.2152,DANGER,2,Dangerous
628.2,0.08,0.1589,4,583.308,DANGER,2,Dangerous
628.3,0.08,0.1589,4,583.4009,DANGER,2,Dangerous
628.4,0.08,0.1589,4,583.4937,DANGER,2,Dangerous
628.5,0.08,0.1589,4,583.5866,DANGER,2,Dangerous
628.6,0.08,0.1588,4,583.6794,DANGER,2,Dangerous
628.7,0.08,0.1588,4,583.7723,DANGER,2,Dangerous
628.8,0.08,0.1588,4,583.8651,DANGER,2,Dangerous
628.9,0.08,0.1588,4,583.958,DANGER,2,Dangerous
629.0,0.08,0.1587,4,584.0508,DANGER,2,Dangerous
629.1,0.08,0.1587,4,584.1437,DANGER,2,Dangerous
629.2,0.08,0.1587,4,584.2365,DANGER,2,Dangerous
629.3,0.08,0.1587,4,584.3294,DANGER,2,Dangerous
629.4,0.08,0.1586,4,584.4223,DANGER,2,Dangerous
629.5,0.08,0.1586,4,584.5151,DANGER,2,Dangerous
629.6,0.08,0.1586,4,584.608,DANGER,2,Dangerous
629.7,0.08,0.1586,4,584.7008,DANGER,2,Dangerous
629.8,0.08,0.1585,4,584.7937,DANGER,2,Dangerous
629.9,0.08,0.1585,4,584.8865,DANGER,2,Dangerous
630.0,0.08,0.1585,4,584.9794,DANGER,2,Dangerous
630.1,0.08,0.1585,4,585.0722,DANGER,2,Dangerous
630.2,0.08,0.1584,4,585.1651,DANGER,2,Dangerous
630.3,0.08,0.1584,4,585.2579,DANGER,2,Dangerous
630.4,0.08,0.1584,4,585.3508,DANGER,2,Dangerous
630.5,0.08,0.1584,4,585.4436,DANGER,2,Dangerous
630.6,0.08,0.1583,4,585.5365,DANGER,2,Dangerous
630.7,0.08,0.1583,4,585.6294,DANGER,2,Dangerous
630.8,0.08,0.1583,4,585.7222,DANGER,2,Dangerous
630.9,0.08,0.1583,4,585.8151,DANGER,2,Dangerous
631.0,0.08,0.1582,4,585.9079,DANGER,2,Dangerous
631.1,0.08,0.1582,4,586.0008,DANGER,2,Dangerous
631.2,0.08,0.1582,4,586.0936,DANGER,2,Dangerous
631.3,0.08,0.1582,4,586.1865,DANGER,2,Dangerous
631.4,0.08,0.1581,4,586.2793,DANGER,2,Dangerous
631.5,0.08,0.1581,4,586.3722,DANGER,2,Dangerous
631.6,0.08,0.1581,4,586.465,DANGER,2,Dangerous
631.7,0.08,0.1581,4,586.5579,DANGER,2,Dangerous
631.8,0.08,0.158,4,586.6507,DANGER,2,Dangerous
631.9,0.08,0.158,4,586.7436,DANGER,2,Dangerous
632.0,0.08,0.158,4,586.8365,DANGER,2,Dangerous
632.1,0.08,0.158,4,586.9293,DANGER,2,Dangerous
632.2,0.08,0.1579,4,587.0222,DANGER,2,Dangerous
632.3,0.08,0.1579,4,587.115,DANGER,2,Dangerous
632.4,0.08,0.1579,4,587.2079,DANGER,2,Dangerous
632.5,0.08,0.1579,4,587.3007,DANGER,2,Dangerous
632.6,0.08,0.1578,4,587.3936,DANGER,2,Dangerous
632.7,0.08,0.1578,4,587.4864,DANGER,2,Dangerous
632.8,0.08,0.1578,4,587.5793,DANGER,2,Dangerous
632.9,0.08,0.1578,4,587.6721,DANGER,2,Dangerous
633.0,0.08,0.1577,4,587.765,DANGER,2,Dangerous
633.1,0.08,0.1577,4,587.8578,DANGER,2,Dangerous
633.2,0.08,0.1577,4,587.9507,DANGER,2,Dangerous
633.3,0.08,0.1577,4,588.0436,DANGER,2,Dangerous
633.4,0.08,0.1576,4,588.1364,DANGER,2,Dangerous
633.5,0.08,0.1576,4,588.2293,DANGER,2,Dangerous
633.6,0.08,0.1576,4,588.3221,DANGER,2,Dangerous
633.7,0.08,0.1576,4,588.415,DANGER,2,Dangerous
633.8,0.08,0.1575,4,588.5078,DANGER,2,Dangerous
633.9,0.08,0.1575,4,588.6007,DANGER,2,Dangerous
634.0,0.08,0.1575,4,588.6935,DANGER,2,Dangerous
634.1,0.08,0.1575,4,588.7864,DANGER,2,Dangerous
634.2,0.08,0.1574,4,588.8792,DANGER,2,Dangerous
634.3,0.08,0.1574,4,588.9721,DANGER,2,Dangerous
634.4,0.08,0.1574,4,589.0649,DANGER,2,Dangerous
634.5,0.08,0.1574,4,589.1578,DANGER,2,Dangerous
634.6,0.08,0.1573,4,589.2507,DANGER,2,Dangerous
634.7,0.08,0.1573,4,589.3435,DANGER,2,Dangerous
634.8,0.08,0.1573,4,589.4364,DANGER,2,Dangerous
634.9,0.08,0.1573,4,589.5292,DANGER,2,Dangerous
635.0,0.08,0.1572,4,589.6221,DANGER,2,Dangerous
635.1,0.08,0.1572,4,589.7149,DANGER,2,Dangerous
635.2,0.08,0.1572,4,589.8078,DANGER,2,Dangerous
635.3,0.08,0.1572,4,589.9006,DANGER,2,Dangerous
635.4,0.08,0.1571,4,589.9935,DANGER,2,Dangerous
635.5,0.08,0.1571,4,590.0863,DANGER,2,Dangerous
635.6,0.08,0.1571,4,590.1792,DANGER,2,Dangerous
635.7,0.08,0.1571,4,590.272,DANGER,2,Dangerous
635.8,0.08,0.157,4,590.3649,DANGER,2,Dangerous
635.9,0.08,0.157,4,590.4578,DANGER,2,Dangerous
636.0,0.08,0.157,4,590.5506,DANGER,2,Dangerous
636.1,0.08,0.157,4,590.6435,DANGER,2,Dangerous
636.2,0.08,0.1569,4,590.7363,DANGER,2,Dangerous
636.3,0.08,0.1569,4,590.8292,DANGER,2,Dangerous
636.4,0.08,0.1569,4,590.922,DANGER,2,Dangerous
636.5,0.08,0.1569,4,591.0149,DANGER,2,Dangerous
636.6,0.08,0.1568,4,591.1077,DANGER,2,Dangerous
636.7,0.08,0.1568,4,591.2006,DANGER,2,Dangerous
636.8,0.08,0.1568,4,591.2934,DANGER,2,Dangerous
636.9,0.08,0.1568,4,591.3863,DANGER,2,Dangerous
637.0,0.08,0.1567,4,591.4791,DANGER,2,Dangerous
637.1,0.08,0.1567,4,591.572,DANGER,2,Dangerous
637.2,0.08,0.1567,4,591.6649,DANGER,2,Dangerous
637.3,0.08,0.1567,4,591.7577,DANGER,2,Dangerous
637.4,0.08,0.1566,4,591.8506,DANGER,2,Dangerous
637.5,0.08,0.1566,4,591.9434,DANGER,2,Dangerous
637.6,0.08,0.1566,4,592.0363,DANGER,2,Dangerous
637.7,0.08,0.1566,4,592.1291,DANGER,2,Dangerous
637.8,0.08,0.1565,4,592.222,DANGER,2,Dangerous
637.9,0.08,0.1565,4,592.3148,DANGER,2,Dangerous
638.0,0.08,0.1565,4,592.4077,DANGER,2,Dangerous
638.1,0.08,0.1565,4,592.5005,DANGER,2,Dangerous
638.2,0.08,0.1564,4,592.5934,DANGER,2,Dangerous
638.3,0.08,0.1564,4,592.6862,DANGER,2,Dangerous
638.4,0.08,0.1564,4,592.7791,DANGER,2,Dangerous
638.5,0.08,0.1564,4,592.872,DANGER,2,Dangerous
638.6,0.08,0.1563,4,592.9648,DANGER,2,Dangerous
638.7,0.08,0.1563,4,593.0577,DANGER,2,Dangerous
638.8,0.08,0.1563,4,593.1505,DANGER,2,Dangerous
638.9,0.08,0.1563,4,593.2434,DANGER,2,Dangerous
639.0,0.08,0.1562,4,593.3362,DANGER,2,Dangerous
639.1,0.08,0.1562,4,593.4291,DANGER,2,Dangerous
639.2,0.08,0.1562,4,593.5219,DANGER,2,Dangerous
639.3,0.08,0.1562,4,593.6148,DANGER,2,Dangerous
639.4,0.08,0.1562,4,593.7076,DANGER,2,Dangerous
639.5,0.08,0.1561,4,593.8005,DANGER,2,Dangerous
639.6,0.08,0.1561,4,593.8933,DANGER,2,Dangerous
639.7,0.08,0.1561,4,593.9862,DANGER,2,Dangerous
639.8,0.08,0.1561,4,594.0791,DANGER,2,Dangerous
639.9,0.08,0.156,4,594.1719,DANGER,2,Dangerous
640.0,0.08,0.156,4,594.2648,DANGER,2,Dangerous
640.1,0.08,0.156,4,594.3576,DANGER,2,Dangerous
640.2,0.08,0.156,4,594.4505,DANGER,2,Dangerous
640.3,0.08,0.1559,4,594.5433,DANGER,2,Dangerous
640.4,0.08,0.1559,4,594.6362,DANGER,2,Dangerous
640.5,0.08,0.1559,4,594.729,DANGER,2,Dangerous
640.6,0.08,0.1559,4,594.8219,DANGER,2,Dangerous
640.7,0.08,0.1558,4,594.9147,DANGER,2,Dangerous
640.8,0.08,0.1558,4,595.0076,DANGER,2,Dangerous
640.9,0.08,0.1558,4,595.1004,DANGER,2,Dangerous
641.0,0.08,0.1558,4,595.1933,DANGER,2,Dangerous
641.1,0.08,0.1557,4,595.2862,DANGER,2,Dangerous
641.2,0.08,0.1557,4,595.379,DANGER,2,Dangerous
641.3,0.08,0.1557,4,595.4719,DANGER,2,Dangerous
641.4,0.08,0.1557,4,595.5647,DANGER,2,Dangerous
641.5,0.08,0.1556,4,595.6576,DANGER,2,Dangerous
641.6,0.08,0.1556,4,595.7504,DANGER,2,Dangerous
641.7,0.08,0.1556,4,595.8433,DANGER,2,Dangerous
641.8,0.08,0.1556,4,595.9361,DANGER,2,Dangerous
641.9,0.08,0.1555,4,596.029,DANGER,2,Dangerous
642.0,0.08,0.1555,4,596.1218,DANGER,2,Dangerous
642.1,0.08,0.1555,4,596.2147,DANGER,2,Dangerous
642.2,0.08,0.1555,4,596.3076,DANGER,2,Dangerous
642.3,0.08,0.1554,4,596.4004,DANGER,2,Dangerous
642.4,0.08,0.1554,4,596.4933,DANGER,2,Dangerous
642.5,0.08,0.1554,4,596.5861,DANGER,2,Dangerous
642.6,0.08,0.1554,4,596.679,DANGER,2,Dangerous
642.7,0.08,0.1554,4,596.7718,DANGER,2,Dangerous
642.8,0.08,0.1553,4,596.8647,DANGER,2,Dangerous
642.9,0.08,0.1553,4,596.9575,DANGER,2,Dangerous
643.0,0.08,0.1553,4,597.0504,DANGER,2,Dangerous
643.1,0.08,0.1553,4,597.1432,DANGER,2,Dangerous
643.2,0.08,0.1552,4,597.2361,DANGER,2,Dangerous
643.3,0.08,0.1552,4,597.3289,DANGER,2,Dangerous
643.4,0.08,0.1552,4,597.4218,DANGER,2,Dangerous
643.5,0.08,0.1552,4,597.5147,DANGER,2,Dangerous
643.6,0.08,0.1551,4,597.6075,DANGER,2,Dangerous
643.7,0.08,0.1551,4,597.7004,DANGER,2,Dangerous
643.8,0.08,0.1551,4,597.7932,DANGER,2,Dangerous
643.9,0.08,0.1551,4,597.8861,DANGER,2,Dangerous
644.0,0.08,0.155,4,597.9789,DANGER,2,Dangerous
644.1,0.08,0.155,4,598.0718,DANGER,2,Dangerous
644.2,0.08,0.155,4,598.1646,DANGER,2,Dangerous
644.3,0.08,0.155,4,598.2575,DANGER,2,Dangerous
644.4,0.08,0.1549,4,598.3503,DANGER,2,Dangerous
644.5,0.08,0.1549,4,598.4432,DANGER,2,Dangerous
644.6,0.08,0.1549,4,598.536,DANGER,2,Dangerous
644.7,0.08,0.1549,4,598.6289,DANGER,2,Dangerous
644.8,0.08,0.1548,4,598.7218,DANGER,2,Dangerous
644.9,0.08,0.1548,4,598.8146,DANGER,2,Dangerous
645.0,0.08,0.1548,4,598.9075,DANGER,2,Dangerous
645.1,0.08,0.1548,4,599.0003,DANGER,2,Dangerous
645.2,0.08,0.1548,4,599.0932,DANGER,2,Dangerous
645.3,0.08,0.1547,4,599.186,DANGER,2,Dangerous
645.4,0.08,0.1547,4,599.2789,DANGER,2,Dangerous
645.5,0.08,0.1547,4,599.3717,DANGER,2,Dangerous
645.6,0.08,0.1547,4,599.4646,DANGER,2,Dangerous
645.7,0.08,0.1546,4,599.5574,DANGER,2,Dangerous
645.8,0.08,0.1546,4,599.6503,DANGER,2,Dangerous
645.9,0.08,0.1546,4,599.7431,DANGER,2,Dangerous
646.0,0.08,0.1546,4,599.836,DANGER,2,Dangerous
646.1,0.08,0.1545,4,599.9289,DANGER,2,Dangerous
646.2,0.08,0.1545,4,600.0217,DANGER,2,Dangerous
646.3,0.07,0.1545,4,605.3433,DANGER,2,Dangerous
646.4,0.07,0.1545,4,605.437,DANGER,2,Dangerous
646.5,0.07,0.1544,4,605.5306,DANGER,2,Dangerous
646.6,0.07,0.1544,4,605.6243,DANGER,2,Dangerous
646.7,0.07,0.1544,4,605.7179,DANGER,2,Dangerous
646.8,0.07,0.1544,4,605.8116,DANGER,2,Dangerous
646.9,0.07,0.1543,4,605.9053,DANGER,2,Dangerous
647.0,0.07,0.1543,4,605.9989,DANGER,2,Dangerous
647.1,0.07,0.1543,4,606.0926,DANGER,2,Dangerous
647.2,0.07,0.1543,4,606.1863,DANGER,2,Dangerous
647.3,0.07,0.1542,4,606.2799,DANGER,2,Dangerous
647.4,0.07,0.1542,4,606.3736,DANGER,2,Dangerous
647.5,0.07,0.1542,4,606.4672,DANGER,2,Dangerous
647.6,0.07,0.1542,4,606.5609,DANGER,2,Dangerous
647.7,0.07,0.1542,4,606.6546,DANGER,2,Dangerous
647.8,0.07,0.1541,4,606.7482,DANGER,2,Dangerous
647.9,0.07,0.1541,4,606.8419,DANGER,2,Dangerous
648.0,0.07,0.1541,4,606.9356,DANGER,2,Dangerous
648.1,0.07,0.1541,4,607.0292,DANGER,2,Dangerous
648.2,0.07,0.154,4,607.1229,DANGER,2,Dangerous
648.3,0.07,0.154,4,607.2165,DANGER,2,Dangerous
648.4,0.07,0.154,4,607.3102,DANGER,2,Dangerous
648.5,0.07,0.154,4,607.4039,DANGER,2,Dangerous
648.6,0.07,0.1539,4,607.4975,DANGER,2,Dangerous
648.7,0.07,0.1539,4,607.5912,DANGER,2,Dangerous
648.8,0.07,0.1539,4,607.6849,DANGER,2,Dangerous
648.9,0.07,0.1539,4,607.7785,DANGER,2,Dangerous
649.0,0.07,0.1538,4,607.8722,DANGER,2,Dangerous
649.1,0.07,0.1538,4,607.9659,DANGER,2,Dangerous
649.2,0.07,0.1538,4,608.0595,DANGER,2,Dangerous
649.3,0.07,0.1538,4,608.1532,DANGER,2,Dangerous
649.4,0.07,0.1538,4,608.2468,DANGER,2,Dangerous
649.5,0.07,0.1537,4,608.3405,DANGER,2,Dangerous
649.6,0.07,0.1537,4,608.4342,DANGER,2,Dangerous
649.7,0.07,0.1537,4,608.5278,DANGER,2,Dangerous
649.8,0.07,0.1537,4,608.6215,DANGER,2,Dangerous
649.9,0.07,0.1536,4,608.7152,DANGER,2,Dangerous
650.0,0.07,0.1536,4,608.8088,DANGER,2,Dangerous
650.1,0.07,0.1536,4,608.9025,DANGER,2,Dangerous
650.2,0.07,0.1536,4,608.9961,DANGER,2,Dangerous
650.3,0.07,0.1535,4,609.0898,DANGER,2,Dangerous
650.4,0.07,0.1535,4,609.1835,DANGER,2,Dangerous
650.5,0.07,0.1535,4,609.2771,DANGER,2,Dangerous
650.6,0.07,0.1535,4,609.3708,DANGER,2,Dangerous
650.7,0.07,0.1534,4,609.4645,DANGER,2,Dangerous
650.8,0.07,0.1534,4,609.5581,DANGER,2,Dangerous
650.9,0.07,0.1534,4,609.6518,DANGER,2,Dangerous
651.0,0.07,0.1534,4,609.7454,DANGER,2,Dangerous
651.1,0.07,0.1534,4,609.8391,DANGER,2,Dangerous
651.2,0.07,0.1533,4,609.9328,DANGER,2,Dangerous
651.3,0.07,0.1533,4,610.0264,DANGER,2,Dangerous
651.4,0.07,0.1533,4,610.1201,DANGER,2,Dangerous
651.5,0.07,0.1533,4,610.2138,DANGER,2,Dangerous
651.6,0.07,0.1532,4,610.3074,DANGER,2,Dangerous
651.7,0.07,0.1532,4,610.4011,DANGER,2,Dangerous
651.8,0.07,0.1532,4,610.4948,DANGER,2,Dangerous
651.9,0.07,0.1532,4,610.5884,DANGER,2,Dangerous
652.0,0.07,0.1531,4,610.6821,DANGER,2,Dangerous
652.1,0.07,0.1531,4,610.7757,DANGER,2,Dangerous
652.2,0.07,0.1531,4,610.8694,DANGER,2,Dangerous
652.3,0.07,0.1531,4,610.9631,DANGER,2,Dangerous
652.4,0.07,0.153,4,611.0567,DANGER,2,Dangerous
652.5,0.07,0.153,4,611.1504,DANGER,2,Dangerous
652.6,0.07,0.153,4,611.2441,DANGER,2,Dangerous
652.7,0.07,0.153,4,611.3377,DANGER,2,Dangerous
652.8,0.07,0.153,4,611.4314,DANGER,2,Dangerous
652.9,0.07,0.1529,4,611.525,DANGER,2,Dangerous
653.0,0.07,0.1529,4,611.6187,DANGER,2,Dangerous
653.1,0.07,0.1529,4,611.7124,DANGER,2,Dangerous
653.2,0.07,0.1529,4,611.806,DANGER,2,Dangerous
653.3,0.07,0.1528,4,611.8997,DANGER,2,Dangerous
653.4,0.07,0.1528,4,611.9934,DANGER,2,Dangerous
653.5,0.07,0.1528,4,612.087,DANGER,2,Dangerous
653.6,0.07,0.1528,4,612.1807,DANGER,2,Dangerous
653.7,0.07,0.1527,4,612.2743,DANGER,2,Dangerous
653.8,0.07,0.1527,4,612.368,DANGER,2,Dangerous
653.9,0.07,0.1527,4,612.4617,DANGER,2,Dangerous
654.0,0.07,0.1527,4,612.5553,DANGER,2,Dangerous
654.1,0.07,0.1526,4,612.649,DANGER,2,Dangerous
654.2,0.07,0.1526,4,612.7427,DANGER,2,Dangerous
654.3,0.07,0.1526,4,612.8363,DANGER,2,Dangerous
654.4,0.07,0.1526,4,612.93,DANGER,2,Dangerous
654.5,0.07,0.1526,4,613.0236,DANGER,2,Dangerous
654.6,0.07,0.1525,4,613.1173,DANGER,2,Dangerous
654.7,0.07,0.1525,4,613.211,DANGER,2,Dangerous
654.8,0.07,0.1525,4,613.3046,DANGER,2,Dangerous
654.9,0.07,0.1525,4,613.3983,DANGER,2,Dangerous
655.0,0.07,0.1524,4,613.492,DANGER,2,Dangerous
655.1,0.07,0.1524,4,613.5856,DANGER,2,Dangerous
655.2,0.07,0.1524,4,613.6793,DANGER,2,Dangerous
655.3,0.07,0.1524,4,613.773,DANGER,2,Dangerous
655.4,0.07,0.1523,4,613.8666,DANGER,2,Dangerous
655.5,0.07,0.1523,4,613.9603,DANGER,2,Dangerous
655.6,0.07,0.1523,4,614.0539,DANGER,2,Dangerous
655.7,0.07,0.1523,4,614.1476,DANGER,2,Dangerous
655.8,0.07,0.1523,4,614.2413,DANGER,2,Dangerous
655.9,0.07,0.1522,4,614.3349,DANGER,2,Dangerous
656.0,0.07,0.1522,4,614.4286,DANGER,2,Dangerous
656.1,0.07,0.1522,4,614.5223,DANGER,2,Dangerous
656.2,0.07,0.1522,4,614.6159,DANGER,2,Dangerous
656.3,0.07,0.1521,4,614.7096,DANGER,2,Dangerous
656.4,0.07,0.1521,4,614.8032,DANGER,2,Dangerous
656.5,0.07,0.1521,4,614.8969,DANGER,2,Dangerous
656.6,0.07,0.1521,4,614.9906,DANGER,2,Dangerous
656.7,0.07,0.152,4,615.0842,DANGER,2,Dangerous
656.8,0.07,0.152,4,615.1779,DANGER,2,Dangerous
656.9,0.07,0.152,4,615.2716,DANGER,2,Dangerous
657.0,0.07,0.152,4,615.3652,DANGER,2,Dangerous
657.1,0.07,0.152,4,615.4589,DANGER,2,Dangerous
657.2,0.07,0.1519,4,615.5525,DANGER,2,Dangerous
657.3,0.07,0.1519,4,615.6462,DANGER,2,Dangerous
657.4,0.07,0.1519,4,615.7399,DANGER,2,Dangerous
657.5,0.07,0.1519,4,615.8335,DANGER,2,Dangerous
657.6,0.07,0.1518,4,615.9272,DANGER,2,Dangerous
657.7,0.07,0.1518,4,616.0209,DANGER,2,Dangerous
657.8,0.07,0.1518,4,616.1145,DANGER,2,Dangerous
657.9,0.07,0.1518,4,616.2082,DANGER,2,Dangerous
658.0,0.07,0.1517,4,616.3018,DANGER,2,Dangerous
658.1,0.07,0.1517,4,616.3955,DANGER,2,Dangerous
658.2,0.07,0.1517,4,616.4892,DANGER,2,Dangerous
658.3,0.07,0.1517,4,616.5828,DANGER,2,Dangerous
658.4,0.07,0.1517,4,616.6765,DANGER,2,Dangerous
658.5,0.07,0.1516,4,616.7702,DANGER,2,Dangerous
658.6,0.07,0.1516,4,616.8638,DANGER,2,Dangerous
658.7,0.07,0.1516,4,616.9575,DANGER,2,Dangerous
658.8,0.07,0.1516,4,617.0512,DANGER,2,Dangerous
658.9,0.07,0.1515,4,617.1448,DANGER,2,Dangerous
659.0,0.07,0.1515,4,617.2385,DANGER,2,Dangerous
659.1,0.07,0.1515,4,617.3321,DANGER,2,Dangerous
659.2,0.07,0.1515,4,617.4258,DANGER,2,Dangerous
659.3,0.07,0.1514,4,617.5195,DANGER,2,Dangerous
659.4,0.07,0.1514,4,617.6131,DANGER,2,Dangerous
659.5,0.07,0.1514,4,617.7068,DANGER,2,Dangerous
659.6,0.07,0.1514,4,617.8005,DANGER,2,Dangerous
659.7,0.07,0.1514,4,617.8941,DANGER,2,Dangerous
659.8,0.07,0.1513,4,617.9878,DANGER,2,Dangerous
659.9,0.07,0.1513,4,618.0814,DANGER,2,Dangerous
660.0,0.07,0.1513,4,618.1751,DANGER,2,Dangerous
660.1,0.07,0.1513,4,618.2688,DANGER,2,Dangerous
660.2,0.07,0.1512,4,618.3624,DANGER,2,Dangerous
660.3,0.07,0.1512,4,618.4561,DANGER,2,Dangerous
660.4,0.07,0.1512,4,618.5498,DANGER,2,Dangerous
660.5,0.07,0.1512,4,618.6434,DANGER,2,Dangerous
660.6,0.07,0.1511,4,618.7371,DANGER,2,Dangerous
660.7,0.07,0.1511,4,618.8307,DANGER,2,Dangerous
660.8,0.07,0.1511,4,618.9244,DANGER,2,Dangerous
660.9,0.07,0.1511,4,619.0181,DANGER,2,Dangerous
661.0,0.07,0.1511,4,619.1117,DANGER,2,Dangerous
661.1,0.07,0.151,4,619.2054,DANGER,2,Dangerous
661.2,0.07,0.151,4,619.2991,DANGER,2,Dangerous
661.3,0.07,0.151,4,619.3927,DANGER,2,Dangerous
661.4,0.07,0.151,4,619.4864,DANGER,2,Dangerous
661.5,0.07,0.1509,4,619.5801,DANGER,2,Dangerous
661.6,0.07,0.1509,4,619.6737,DANGER,2,Dangerous
661.7,0.07,0.1509,4,619.7674,DANGER,2,Dangerous
661.8,0.07,0.1509,4,619.861,DANGER,2,Dangerous
661.9,0.07,0.1509,4,619.9547,DANGER,2,Dangerous
662.0,0.07,0.1508,4,620.0484,DANGER,2,Dangerous
662.1,0.07,0.1508,4,620.142,DANGER,2,Dangerous
662.2,0.07,0.1508,4,620.2357,DANGER,2,Dangerous
662.3,0.07,0.1508,4,620.3294,DANGER,2,Dangerous
662.4,0.07,0.1507,4,620.423,DANGER,2,Dangerous
662.5,0.07,0.1507,4,620.5167,DANGER,2,Dangerous
662.6,0.07,0.1507,4,620.6103,DANGER,2,Dangerous
662.7,0.07,0.1507,4,620.704,DANGER,2,Dangerous
662.8,0.07,0.1506,4,620.7977,DANGER,2,Dangerous
662.9,0.07,0.1506,4,620.8913,DANGER,2,Dangerous
663.0,0.07,0.1506,4,620.985,DANGER,2,Dangerous
663.1,0.07,0.1506,4,621.0787,DANGER,2,Dangerous
663.2,0.07,0.1506,4,621.1723,DANGER,2,Dangerous
663.3,0.07,0.1505,4,621.266,DANGER,2,Dangerous
663.4,0.07,0.1505,4,621.3596,DANGER,2,Dangerous
663.5,0.07,0.1505,4,621.4533,DANGER,2,Dangerous
663.6,0.07,0.1505,4,621.547,DANGER,2,Dangerous
663.7,0.07,0.1504,4,621.6406,DANGER,2,Dangerous
663.8,0.07,0.1504,4,621.7343,DANGER,2,Dangerous
663.9,0.07,0.1504,4,621.828,DANGER,2,Dangerous
664.0,0.07,0.1504,4,621.9216,DANGER,2,Dangerous
664.1,0.07,0.1504,4,622.0153,DANGER,2,Dangerous
664.2,0.07,0.1503,4,622.1089,DANGER,2,Dangerous
664.3,0.07,0.1503,4,622.2026,DANGER,2,Dangerous
664.4,0.07,0.1503,4,622.2963,DANGER,2,Dangerous
664.5,0.07,0.1503,4,622.3899,DANGER,2,Dangerous
664.6,0.07,0.1502,4,622.4836,DANGER,2,Dangerous
664.7,0.07,0.1502,4,622.5773,DANGER,2,Dangerous
664.8,0.07,0.1502,4,622.6709,DANGER,2,Dangerous
664.9,0.07,0.1502,4,622.7646,DANGER,2,Dangerous
665.0,0.07,0.1502,4,622.8583,DANGER,2,Dangerous
665.1,0.07,0.1501,4,622.9519,DANGER,2,Dangerous
665.2,0.07,0.1501,4,623.0456,DANGER,2,Dangerous
665.3,0.07,0.1501,4,623.1392,DANGER,2,Dangerous
665.4,0.07,0.1501,4,623.2329,DANGER,2,Dangerous
665.5,0.07,0.15,4,623.3266,DANGER,2,Dangerous
665.6,0.07,0.15,4,623.4202,DANGER,2,Dangerous
665.7,0.07,0.15,4,623.5139,DANGER,2,Dangerous
665.8,0.07,0.15,4,623.6076,DANGER,2,Dangerous
665.9,0.07,0.1499,4,623.7012,DANGER,2,Dangerous
666.0,0.07,0.1499,4,623.7949,DANGER,2,Dangerous
666.1,0.07,0.1499,4,623.8885,DANGER,2,Dangerous
666.2,0.07,0.1499,4,623.9822,DANGER,2,Dangerous
666.3,0.07,0.1499,4,624.0759,DANGER,2,Dangerous
666.4,0.07,0.1498,4,624.1695,DANGER,2,Dangerous
666.5,0.07,0.1498,4,624.2632,DANGER,2,Dangerous
666.6,0.07,0.1498,4,624.3569,DANGER,2,Dangerous
666.7,0.07,0.1498,4,624.4505,DANGER,2,Dangerous
666.8,0.07,0.1497,4,624.5442,DANGER,2,Dangerous
666.9,0.07,0.1497,4,624.6378,DANGER,2,Dangerous
667.0,0.07,0.1497,4,624.7315,DANGER,2,Dangerous
667.1,0.07,0.1497,4,624.8252,DANGER,2,Dangerous
667.2,0.07,0.1497,4,624.9188,DANGER,2,Dangerous
667.3,0.07,0.1496,4,625.0125,DANGER,2,Dangerous
667.4,0.07,0.1496,4,625.1062,DANGER,2,Dangerous
667.5,0.07,0.1496,4,625.1998,DANGER,2,Dangerous
667.6,0.07,0.1496,4,625.2935,DANGER,2,Dangerous
667.7,0.07,0.1495,4,625.3872,DANGER,2,Dangerous
667.8,0.07,0.1495,4,625.4808,DANGER,2,Dangerous
667.9,0.07,0.1495,4,625.5745,DANGER,2,Dangerous
668.0,0.07,0.1495,4,625.6681,DANGER,2,Dangerous
668.1,0.07,0.1495,4,625.7618,DANGER,2,Dangerous
668.2,0.07,0.1494,4,625.8555,DANGER,2,Dangerous
668.3,0.07,0.1494,4,625.9491,DANGER,2,Dangerous
668.4,0.07,0.1494,4,626.0428,DANGER,2,Dangerous
668.5,0.07,0.1494,4,626.1365,DANGER,2,Dangerous
668.6,0.07,0.1493,4,626.2301,DANGER,2,Dangerous
668.7,0.07,0.1493,4,626.3238,DANGER,2,Dangerous
668.8,0.07,0.1493,4,626.4174,DANGER,2,Dangerous
668.9,0.07,0.1493,4,626.5111,DANGER,2,Dangerous
669.0,0.07,0.1493,4,626.6048,DANGER,2,Dangerous
669.1,0.07,0.1492,4,626.6984,DANGER,2,Dangerous
669.2,0.07,0.1492,4,626.7921,DANGER,2,Dangerous
669.3,0.07,0.1492,4,626.8858,DANGER,2,Dangerous
669.4,0.07,0.1492,4,626.9794,DANGER,2,Dangerous
669.5,0.07,0.1491,4,627.0731,DANGER,2,Dangerous
669.6,0.07,0.1491,4,627.1667,DANGER,2,Dangerous
669.7,0.07,0.1491,4,627.2604,DANGER,2,Dangerous
669.8,0.07,0.1491,4,627.3541,DANGER,2,Dangerous
669.9,0.07,0.1491,4,627.4477,DANGER,2,Dangerous
670.0,0.07,0.149,4,627.5414,DANGER,2,Dangerous
670.1,0.07,0.149,4,627.6351,DANGER,2,Dangerous
670.2,0.07,0.149,4,627.7287,DANGER,2,Dangerous
670.3,0.07,0.149,4,627.8224,DANGER,2,Dangerous
670.4,0.07,0.1489,4,627.916,DANGER,2,Dangerous
670.5,0.07,0.1489,4,628.0097,DANGER,2,Dangerous
670.6,0.07,0.1489,4,628.1034,DANGER,2,Dangerous
670.7,0.07,0.1489,4,628.197,DANGER,2,Dangerous
670.8,0.07,0.1489,4,628.2907,DANGER,2,Dangerous
670.9,0.07,0.1488,4,628.3844,DANGER,2,Dangerous
671.0,0.07,0.1488,4,628.478,DANGER,2,Dangerous
671.1,0.07,0.1488,4,628.5717,DANGER,2,Dangerous
671.2,0.07,0.1488,4,628.6654,DANGER,2,Dangerous
671.3,0.07,0.1487,4,628.759,DANGER,2,Dangerous
671.4,0.07,0.1487,4,628.8527,DANGER,2,Dangerous
671.5,0.07,0.1487,4,628.9463,DANGER,2,Dangerous
671.6,0.07,0.1487,4,629.04,DANGER,2,Dangerous
671.7,0.07,0.1487,4,629.1337,DANGER,2,Dangerous
671.8,0.07,0.1486,4,629.2273,DANGER,2,Dangerous
671.9,0.07,0.1486,4,629.321,DANGER,2,Dangerous
672.0,0.07,0.1486,4,629.4147,DANGER,2,Dangerous
672.1,0.07,0.1486,4,629.5083,DANGER,2,Dangerous
672.2,0.07,0.1485,4,629.602,DANGER,2,Dangerous
672.3,0.07,0.1485,4,629.6956,DANGER,2,Dangerous
672.4,0.07,0.1485,4,629.7893,DANGER,2,Dangerous
672.5,0.07,0.1485,4,629.883,DANGER,2,Dangerous
672.6,0.07,0.1485,4,629.9766,DANGER,2,Dangerous
672.7,0.07,0.1484,4,630.0703,DANGER,2,Dangerous
672.8,0.07,0.1484,4,630.164,DANGER,2,Dangerous
672.9,0.07,0.1484,4,630.2576,DANGER,2,Dangerous
673.0,0.07,0.1484,4,630.3513,DANGER,2,Dangerous
673.1,0.07,0.1483,4,630.4449,DANGER,2,Dangerous
673.2,0.07,0.1483,4,630.5386,DANGER,2,Dangerous
673.3,0.07,0.1483,4,630.6323,DANGER,2,Dangerous
673.4,0.07,0.1483,4,630.7259,DANGER,2,Dangerous
673.5,0.07,0.1483,4,630.8196,DANGER,2,Dangerous
673.6,0.07,0.1482,4,630.9133,DANGER,2,Dangerous
673.7,0.07,0.1482,4,631.0069,DANGER,2,Dangerous
673.8,0.07,0.1482,4,631.1006,DANGER,2,Dangerous
673.9,0.07,0.1482,4,631.1943,DANGER,2,Dangerous
674.0,0.07,0.1481,4,631.2879,DANGER,2,Dangerous
674.1,0.07,0.1481,4,631.3816,DANGER,2,Dangerous
674.2,0.07,0.1481,4,631.4752,DANGER,2,Dangerous
674.3,0.07,0.1481,4,631.5689,DANGER,2,Dangerous
674.4,0.07,0.1481,4,631.6626,DANGER,2,Dangerous
674.5,0.07,0.148,4,631.7562,DANGER,2,Dangerous
674.6,0.07,0.148,4,631.8499,DANGER,2,Dangerous
674.7,0.07,0.148,4,631.9436,DANGER,2,Dangerous
674.8,0.07,0.148,4,632.0372,DANGER,2,Dangerous
674.9,0.07,0.148,4,632.1309,DANGER,2,Dangerous
675.0,0.07,0.1479,4,632.2245,DANGER,2,Dangerous
675.1,0.07,0.1479,4,632.3182,DANGER,2,Dangerous
675.2,0.07,0.1479,4,632.4119,DANGER,2,Dangerous
675.3,0.07,0.1479,4,632.5055,DANGER,2,Dangerous
675.4,0.07,0.1478,4,632.5992,DANGER,2,Dangerous
675.5,0.07,0.1478,4,632.6929,DANGER,2,Dangerous
675.6,0.07,0.1478,4,632.7865,DANGER,2,Dangerous
675.7,0.07,0.1478,4,632.8802,DANGER,2,Dangerous
675.8,0.07,0.1478,4,632.9738,DANGER,2,Dangerous
675.9,0.07,0.1477,4,633.0675,DANGER,2,Dangerous
676.0,0.07,0.1477,4,633.1612,DANGER,2,Dangerous
676.1,0.07,0.1477,4,633.2548,DANGER,2,Dangerous
676.2,0.07,0.1477,4,633.3485,DANGER,2,Dangerous
676.3,0.07,0.1476,4,633.4422,DANGER,2,Dangerous
676.4,0.07,0.1476,4,633.5358,DANGER,2,Dangerous
676.5,0.07,0.1476,4,633.6295,DANGER,2,Dangerous
676.6,0.07,0.1476,4,633.7231,DANGER,2,Dangerous
676.7,0.07,0.1476,4,633.8168,DANGER,2,Dangerous
676.8,0.07,0.1475,4,633.9105,DANGER,2,Dangerous
676.9,0.07,0.1475,4,634.0041,DANGER,2,Dangerous
677.0,0.07,0.1475,4,634.0978,DANGER,2,Dangerous
677.1,0.07,0.1475,4,634.1915,DANGER,2,Dangerous
677.2,0.07,0.1474,4,634.2851,DANGER,2,Dangerous
677.3,0.07,0.1474,4,634.3788,DANGER,2,Dangerous
677.4,0.07,0.1474,4,634.4725,DANGER,2,Dangerous
677.5,0.07,0.1474,4,634.5661,DANGER,2,Dangerous
677.6,0.07,0.1474,4,634.6598,DANGER,2,Dangerous
677.7,0.07,0.1473,4,634.7534,DANGER,2,Dangerous
677.8,0.07,0.1473,4,634.8471,DANGER,2,Dangerous
677.9,0.07,0.1473,4,634.9408,DANGER,2,Dangerous
678.0,0.07,0.1473,4,635.0344,DANGER,2,Dangerous
678.1,0.07,0.1473,4,635.1281,DANGER,2,Dangerous
678.2,0.07,0.1472,4,635.2218,DANGER,2,Dangerous
678.3,0.07,0.1472,4,635.3154,DANGER,2,Dangerous
678.4,0.07,0.1472,4,635.4091,DANGER,2,Dangerous
678.5,0.07,0.1472,4,635.5027,DANGER,2,Dangerous
678.6,0.07,0.1471,4,635.5964,DANGER,2,Dangerous
678.7,0.07,0.1471,4,635.6901,DANGER,2,Dangerous
678.8,0.07,0.1471,4,635.7837,DANGER,2,Dangerous
678.9,0.07,0.1471,4,635.8774,DANGER,2,Dangerous
679.0,0.07,0.1471,4,635.9711,DANGER,2,Dangerous
679.1,0.07,0.147,4,636.0647,DANGER,2,Dangerous
679.2,0.07,0.147,4,636.1584,DANGER,2,Dangerous
679.3,0.07,0.147,4,636.252,DANGER,2,Dangerous
679.4,0.07,0.147,4,636.3457,DANGER,2,Dangerous
679.5,0.07,0.147,4,636.4394,DANGER,2,Dangerous
679.6,0.07,0.1469,4,636.533,DANGER,2,Dangerous
679.7,0.07,0.1469,4,636.6267,DANGER,2,Dangerous
679.8,0.07,0.1469,4,636.7204,DANGER,2,Dangerous
679.9,0.07,0.1469,4,636.814,DANGER,2,Dangerous
680.0,0.07,0.1468,4,636.9077,DANGER,2,Dangerous
680.1,0.07,0.1468,4,637.0013,DANGER,2,Dangerous
680.2,0.07,0.1468,4,637.095,DANGER,2,Dangerous
680.3,0.07,0.1468,4,637.1887,DANGER,2,Dangerous
680.4,0.07,0.1468,4,637.2823,DANGER,2,Dangerous
680.5,0.07,0.1467,4,637.376,DANGER,2,Dangerous
680.6,0.07,0.1467,4,637.4697,DANGER,2,Dangerous
680.7,0.07,0.1467,4,637.5633,DANGER,2,Dangerous
680.8,0.07,0.1467,4,637.657,DANGER,2,Dangerous
680.9,0.07,0.1466,4,637.7507,DANGER,2,Dangerous
681.0,0.07,0.1466,4,637.8443,DANGER,2,Dangerous
681.1,0.07,0.1466,4,637.938,DANGER,2,Dangerous
681.2,0.07,0.1466,4,638.0316,DANGER,2,Dangerous
681.3,0.07,0.1466,4,638.1253,DANGER,2,Dangerous
681.4,0.07,0.1465,4,638.219,DANGER,2,Dangerous
681.5,0.07,0.1465,4,638.3126,DANGER,2,Dangerous
681.6,0.07,0.1465,4,638.4063,DANGER,2,Dangerous
681.7,0.07,0.1465,4,638.5,DANGER,2,Dangerous
681.8,0.07,0.1465,4,638.5936,DANGER,2,Dangerous
681.9,0.07,0.1464,4,638.6873,DANGER,2,Dangerous
682.0,0.07,0.1464,4,638.7809,DANGER,2,Dangerous
682.1,0.07,0.1464,4,638.8746,DANGER,2,Dangerous
682.2,0.07,0.1464,4,638.9683,DANGER,2,Dangerous
682.3,0.07,0.1463,4,639.0619,DANGER,2,Dangerous
682.4,0.07,0.1463,4,639.1556,DANGER,2,Dangerous
682.5,0.07,0.1463,4,639.2493,DANGER,2,Dangerous
682.6,0.07,0.1463,4,639.3429,DANGER,2,Dangerous
682.7,0.07,0.1463,4,639.4366,DANGER,2,Dangerous
682.8,0.07,0.1462,4,639.5302,DANGER,2,Dangerous
682.9,0.07,0.1462,4,639.6239,DANGER,2,Dangerous
683.0,0.07,0.1462,4,639.7176,DANGER,2,Dangerous
683.1,0.07,0.1462,4,639.8112,DANGER,2,Dangerous
683.2,0.07,0.1462,4,639.9049,DANGER,2,Dangerous
683.3,0.07,0.1461,4,639.9986,DANGER,2,Dangerous
683.4,0.07,0.1461,4,640.0922,DANGER,2,Dangerous
683.5,0.07,0.1461,4,640.1859,DANGER,2,Dangerous
683.6,0.07,0.1461,4,640.2796,DANGER,2,Dangerous
683.7,0.07,0.146,4,640.3732,DANGER,2,Dangerous
683.8,0.07,0.146,4,640.4669,DANGER,2,Dangerous
683.9,0.07,0.146,4,640.5605,DANGER,2,Dangerous
684.0,0.07,0.146,4,640.6542,DANGER,2,Dangerous
684.1,0.07,0.146,4,640.7479,DANGER,2,Dangerous
684.2,0.07,0.1459,4,640.8415,DANGER,2,Dangerous
684.3,0.07,0.1459,4,640.9352,DANGER,2,Dangerous
684.4,0.07,0.1459,4,641.0289,DANGER,2,Dangerous
684.5,0.07,0.1459,4,641.1225,DANGER,2,Dangerous
684.6,0.07,0.1459,4,641.2162,DANGER,2,Dangerous
684.7,0.07,0.1458,4,641.3098,DANGER,2,Dangerous
684.8,0.07,0.1458,4,641.4035,DANGER,2,Dangerous
684.9,0.07,0.1458,4,641.4972,DANGER,2,Dangerous
685.0,0.07,0.1458,4,641.5908,DANGER,2,Dangerous
685.1,0.07,0.1458,4,641.6845,DANGER,2,Dangerous
685.2,0.07,0.1457,4,641.7782,DANGER,2,Dangerous
685.3,0.07,0.1457,4,641.8718,DANGER,2,Dangerous
685.4,0.07,0.1457,4,641.9655,DANGER,2,Dangerous
685.5,0.07,0.1457,4,642.0591,DANGER,2,Dangerous
685.6,0.07,0.1456,4,642.1528,DANGER,2,Dangerous
685.7,0.07,0.1456,4,642.2465,DANGER,2,Dangerous
685.8,0.07,0.1456,4,642.3401,DANGER,2,Dangerous
685.9,0.07,0.1456,4,642.4338,DANGER,2,Dangerous
686.0,0.07,0.1456,4,642.5275,DANGER,2,Dangerous
686.1,0.07,0.1455,4,642.6211,DANGER,2,Dangerous
686.2,0.07,0.1455,4,642.7148,DANGER,2,Dangerous
686.3,0.07,0.1455,4,642.8084,DANGER,2,Dangerous
686.4,0.07,0.1455,4,642.9021,DANGER,2,Dangerous
686.5,0.07,0.1455,4,642.9958,DANGER,2,Dangerous
686.6,0.07,0.1454,4,643.0894,DANGER,2,Dangerous
686.7,0.07,0.1454,4,643.1831,DANGER,2,Dangerous
686.8,0.07,0.1454,4,643.2768,DANGER,2,Dangerous
686.9,0.07,0.1454,4,643.3704,DANGER,2,Dangerous
687.0,0.07,0.1453,4,643.4641,DANGER,2,Dangerous
687.1,0.07,0.1453,4,643.5578,DANGER,2,Dangerous
687.2,0.07,0.1453,4,643.6514,DANGER,2,Dangerous
687.3,0.07,0.1453,4,643.7451,DANGER,2,Dangerous
687.4,0.07,0.1453,4,643.8387,DANGER,2,Dangerous
687.5,0.07,0.1452,4,643.9324,DANGER,2,Dangerous
687.6,0.07,0.1452,4,644.0261,DANGER,2,Dangerous
687.7,0.07,0.1452,4,644.1197,DANGER,2,Dangerous
687.8,0.07,0.1452,4,644.2134,DANGER,2,Dangerous
687.9,0.07,0.1452,4,644.3071,DANGER,2,Dangerous
688.0,0.07,0.1451,4,644.4007,DANGER,2,Dangerous
688.1,0.07,0.1451,4,644.4944,DANGER,2,Dangerous
688.2,0.07,0.1451,4,644.588,DANGER,2,Dangerous
688.3,0.07,0.1451,4,644.6817,DANGER,2,Dangerous
688.4,0.07,0.1451,4,644.7754,DANGER,2,Dangerous
688.5,0.07,0.145,4,644.869,DANGER,2,Dangerous
688.6,0.07,0.145,4,644.9627,DANGER,2,Dangerous
688.7,0.07,0.145,4,645.0564,DANGER,2,Dangerous
688.8,0.07,0.145,4,645.15,DANGER,2,Dangerous
688.9,0.07,0.1449,4,645.2437,DANGER,2,Dangerous
689.0,0.07,0.1449,4,645.3373,DANGER,2,Dangerous
689.1,0.07,0.1449,4,645.431,DANGER,2,Dangerous
689.2,0.07,0.1449,4,645.5247,DANGER,2,Dangerous
689.3,0.07,0.1449,4,645.6183,DANGER,2,Dangerous
689.4,0.07,0.1448,4,645.712,DANGER,2,Dangerous
689.5,0.07,0.1448,4,645.8057,DANGER,2,Dangerous
689.6,0.07,0.1448,4,645.8993,DANGER,2,Dangerous
689.7,0.07,0.1448,4,645.993,DANGER,2,Dangerous
689.8,0.07,0.1448,4,646.0867,DANGER,2,Dangerous
689.9,0.07,0.1447,4,646.1803,DANGER,2,Dangerous
690.0,0.07,0.1447,4,646.274,DANGER,2,Dangerous
690.1,0.07,0.1447,4,646.3676,DANGER,2,Dangerous
690.2,0.07,0.1447,4,646.4613,DANGER,2,Dangerous
690.3,0.07,0.1447,4,646.555,DANGER,2,Dangerous
690.4,0.07,0.1446,4,646.6486,DANGER,2,Dangerous
690.5,0.07,0.1446,4,646.7423,DANGER,2,Dangerous
690.6,0.07,0.1446,4,646.836,DANGER,2,Dangerous
690.7,0.07,0.1446,4,646.9296,DANGER,2,Dangerous
690.8,0.07,0.1446,4,647.0233,DANGER,2,Dangerous
690.9,0.07,0.1445,4,647.1169,DANGER,2,Dangerous
691.0,0.07,0.1445,4,647.2106,DANGER,2,Dangerous
691.1,0.07,0.1445,4,647.3043,DANGER,2,Dangerous
691.2,0.07,0.1445,4,647.3979,DANGER,2,Dangerous
691.3,0.07,0.1444,4,647.4916,DANGER,2,Dangerous
691.4,0.07,0.1444,4,647.5853,DANGER,2,Dangerous
691.5,0.07,0.1444,4,647.6789,DANGER,2,Dangerous
691.6,0.07,0.1444,4,647.7726,DANGER,2,Dangerous
691.7,0.07,0.1444,4,647.8662,DANGER,2,Dangerous
691.8,0.07,0.1443,4,647.9599,DANGER,2,Dangerous
691.9,0.07,0.1443,4,648.0536,DANGER,2,Dangerous
692.0,0.07,0.1443,4,648.1472,DANGER,2,Dangerous
692.1,0.07,0.1443,4,648.2409,DANGER,2,Dangerous
692.2,0.07,0.1443,4,648.3346,DANGER,2,Dangerous
692.3,0.07,0.1442,4,648.4282,DANGER,2,Dangerous
692.4,0.07,0.1442,4,648.5219,DANGER,2,Dangerous
692.5,0.07,0.1442,4,648.6155,DANGER,2,Dangerous
692.6,0.07,0.1442,4,648.7092,DANGER,2,Dangerous
692.7,0.07,0.1442,4,648.8029,DANGER,2,Dangerous
692.8,0.07,0.1441,4,648.8965,DANGER,2,Dangerous
692.9,0.07,0.1441,4,648.9902,DANGER,2,Dangerous
693.0,0.07,0.1441,4,649.0839,DANGER,2,Dangerous
693.1,0.07,0.1441,4,649.1775,DANGER,2,Dangerous
693.2,0.07,0.1441,4,649.2712,DANGER,2,Dangerous
693.3,0.07,0.144,4,649.3649,DANGER,2,Dangerous
693.4,0.07,0.144,4,649.4585,DANGER,2,Dangerous
693.5,0.07,0.144,4,649.5522,DANGER,2,Dangerous
693.6,0.07,0.144,4,649.6458,DANGER,2,Dangerous
693.7,0.07,0.1439,4,649.7395,DANGER,2,Dangerous
693.8,0.07,0.1439,4,649.8332,DANGER,2,Dangerous
693.9,0.07,0.1439,4,649.9268,DANGER,2,Dangerous
694.0,0.07,0.1439,4,650.0205,DANGER,2,Dangerous
694.1,0.07,0.1439,4,650.1142,DANGER,2,Dangerous
694.2,0.07,0.1438,4,650.2078,DANGER,2,Dangerous
694.3,0.06,0.1438,4,656.0714,DANGER,2,Dangerous
694.4,0.06,0.1438,4,656.1659,DANGER,2,Dangerous
694.5,0.06,0.1438,4,656.2604,DANGER,2,Dangerous
694.6,0.06,0.1438,4,656.3549,DANGER,2,Dangerous
694.7,0.06,0.1437,4,656.4494,DANGER,2,Dangerous
694.8,0.06,0.1437,4,656.5439,DANGER,2,Dangerous
694.9,0.06,0.1437,4,656.6384,DANGER,2,Dangerous
695.0,0.06,0.1437,4,656.7329,DANGER,2,Dangerous
695.1,0.06,0.1437,4,656.8274,DANGER,2,Dangerous
695.2,0.06,0.1436,4,656.9219,DANGER,2,Dangerous
695.3,0.06,0.1436,4,657.0164,DANGER,2,Dangerous
695.4,0.06,0.1436,4,657.1109,DANGER,2,Dangerous
695.5,0.06,0.1436,4,657.2054,DANGER,2,Dangerous
695.6,0.06,0.1436,4,657.2999,DANGER,2,Dangerous
695.7,0.06,0.1435,4,657.3943,DANGER,2,Dangerous
695.8,0.06,0.1435,4,657.4888,DANGER,2,Dangerous
695.9,0.06,0.1435,4,657.5833,DANGER,2,Dangerous
696.0,0.06,0.1435,4,657.6778,DANGER,2,Dangerous
696.1,0.06,0.1435,4,657.7723,DANGER,2,Dangerous
696.2,0.06,0.1434,4,657.8668,DANGER,2,Dangerous
696.3,0.06,0.1434,4,657.9613,DANGER,2,Dangerous
696.4,0.06,0.1434,4,658.0558,DANGER,2,Dangerous
696.5,0.06,0.1434,4,658.1503,DANGER,2,Dangerous
696.6,0.06,0.1433,4,658.2448,DANGER,2,Dangerous
696.7,0.06,0.1433,4,658.3393,DANGER,2,Dangerous
696.8,0.06,0.1433,4,658.4338,DANGER,2,Dangerous
696.9,0.06,0.1433,4,658.5283,DANGER,2,Dangerous
697.0,0.06,0.1433,4,658.6228,DANGER,2,Dangerous
697.1,0.06,0.1432,4,658.7173,DANGER,2,Dangerous
697.2,0.06,0.1432,4,658.8118,DANGER,2,Dangerous
697.3,0.06,0.1432,4,658.9063,DANGER,2,Dangerous
697.4,0.06,0.1432,4,659.0007,DANGER,2,Dangerous
697.5,0.06,0.1432,4,659.0952,DANGER,2,Dangerous
697.6,0.06,0.1431,4,659.1897,DANGER,2,Dangerous
697.7,0.06,0.1431,4,659.2842,DANGER,2,Dangerous
697.8,0.06,0.1431,4,659.3787,DANGER,2,Dangerous
697.9,0.06,0.1431,4,659.4732,DANGER,2,Dangerous
698.0,0.06,0.1431,4,659.5677,DANGER,2,Dangerous
698.1,0.06,0.143,4,659.6622,DANGER,2,Dangerous
698.2,0.06,0.143,4,659.7567,DANGER,2,Dangerous
698.3,0.06,0.143,4,659.8512,DANGER,2,Dangerous
698.4,0.06,0.143,4,659.9457,DANGER,2,Dangerous
698.5,0.06,0.143,4,660.0402,DANGER,2,Dangerous
698.6,0.06,0.1429,4,660.1347,DANGER,2,Dangerous
698.7,0.06,0.1429,4,660.2292,DANGER,2,Dangerous
698.8,0.06,0.1429,4,660.3237,DANGER,2,Dangerous
698.9,0.06,0.1429,4,660.4182,DANGER,2,Dangerous
699.0,0.06,0.1429,4,660.5126,DANGER,2,Dangerous
699.1,0.06,0.1428,4,660.6071,DANGER,2,Dangerous
699.2,0.06,0.1428,4,660.7016,DANGER,2,Dangerous
699.3,0.06,0.1428,4,660.7961,DANGER,2,Dangerous
699.4,0.06,0.1428,4,660.8906,DANGER,2,Dangerous
699.5,0.06,0.1428,4,660.9851,DANGER,2,Dangerous
699.6,0.06,0.1427,4,661.0796,DANGER,2,Dangerous
699.7,0.06,0.1427,4,661.1741,DANGER,2,Dangerous
699.8,0.06,0.1427,4,661.2686,DANGER,2,Dangerous
699.9,0.06,0.1427,4,661.3631,DANGER,2,Dangerous
700.0,0.06,0.1427,4,661.4576,DANGER,2,Dangerous
700.1,0.06,0.1426,4,661.5521,DANGER,2,Dangerous
700.2,0.06,0.1426,4,661.6466,DANGER,2,Dangerous
700.3,0.06,0.1426,4,661.7411,DANGER,2,Dangerous
700.4,0.06,0.1426,4,661.8356,DANGER,2,Dangerous
700.5,0.06,0.1426,4,661.9301,DANGER,2,Dangerous
700.6,0.06,0.1425,4,662.0246,DANGER,2,Dangerous
700.7,0.06,0.1425,4,662.119,DANGER,2,Dangerous
700.8,0.06,0.1425,4,662.2135,DANGER,2,Dangerous
700.9,0.06,0.1425,4,662.308,DANGER,2,Dangerous
701.0,0.06,0.1425,4,662.4025,DANGER,2,Dangerous
701.1,0.06,0.1424,4,662.497,DANGER,2,Dangerous
701.2,0.06,0.1424,4,662.5915,DANGER,2,Dangerous
701.3,0.06,0.1424,4,662.686,DANGER,2,Dangerous
701.4,0.06,0.1424,4,662.7805,DANGER,2,Dangerous
701.5,0.06,0.1423,4,662.875,DANGER,2,Dangerous
701.6,0.06,0.1423,4,662.9695,DANGER,2,Dangerous
701.7,0.06,0.1423,4,663.064,DANGER,2,Dangerous
701.8,0.06,0.1423,4,663.1585,DANGER,2,Dangerous
701.9,0.06,0.1423,4,663.253,DANGER,2,Dangerous
702.0,0.06,0.1422,4,663.3475,DANGER,2,Dangerous
702.1,0.06,0.1422,4,663.442,DANGER,2,Dangerous
702.2,0.06,0.1422,4,663.5365,DANGER,2,Dangerous
702.3,0.06,0.1422,4,663.6309,DANGER,2,Dangerous
702.4,0.06,0.1422,4,663.7254,DANGER,2,Dangerous
702.5,0.06,0.1421,4,663.8199,DANGER,2,Dangerous
702.6,0.06,0.1421,4,663.9144,DANGER,2,Dangerous
702.7,0.06,0.1421,4,664.0089,DANGER,2,Dangerous
702.8,0.06,0.1421,4,664.1034,DANGER,2,Dangerous
702.9,0.06,0.1421,4,664.1979,DANGER,2,Dangerous
703.0,0.06,0.142,4,664.2924,DANGER,2,Dangerous
703.1,0.06,0.142,4,664.3869,DANGER,2,Dangerous
703.2,0.06,0.142,4,664.4814,DANGER,2,Dangerous
703.3,0.06,0.142,4,664.5759,DANGER,2,Dangerous
703.4,0.06,0.142,4,664.6704,DANGER,2,Dangerous
703.5,0.06,0.1419,4,664.7649,DANGER,2,Dangerous
703.6,0.06,0.1419,4,664.8594,DANGER,2,Dangerous
703.7,0.06,0.1419,4,664.9539,DANGER,2,Dangerous
703.8,0.06,0.1419,4,665.0484,DANGER,2,Dangerous
703.9,0.06,0.1419,4,665.1429,DANGER,2,Dangerous
704.0,0.06,0.1418,4,665.2373,DANGER,2,Dangerous
704.1,0.06,0.1418,4,665.3318,DANGER,2,Dangerous
704.2,0.06,0.1418,4,665.4263,DANGER,2,Dangerous
704.3,0.06,0.1418,4,665.5208,DANGER,2,Dangerous
704.4,0.06,0.1418,4,665.6153,DANGER,2,Dangerous
704.5,0.06,0.1417,4,665.7098,DANGER,2,Dangerous
704.6,0.06,0.1417,4,665.8043,DANGER,2,Dangerous
704.7,0.06,0.1417,4,665.8988,DANGER,2,Dangerous
704.8,0.06,0.1417,4,665.9933,DANGER,2,Dangerous
704.9,0.06,0.1417,4,666.0878,DANGER,2,Dangerous
705.0,0.06,0.1416,4,666.1823,DANGER,2,Dangerous
705.1,0.06,0.1416,4,666.2768,DANGER,2,Dangerous
705.2,0.06,0.1416,4,666.3713,DANGER,2,Dangerous
705.3,0.06,0.1416,4,666.4658,DANGER,2,Dangerous
705.4,0.06,0.1416,4,666.5603,DANGER,2,Dangerous
705.5,0.06,0.1415,4,666.6548,DANGER,2,Dangerous
705.6,0.06,0.1415,4,666.7492,DANGER,2,Dangerous
705.7,0.06,0.1415,4,666.8437,DANGER,2,Dangerous
705.8,0.06,0.1415,4,666.9382,DANGER,2,Dangerous
705.9,0.06,0.1415,4,667.0327,DANGER,2,Dangerous
706.0,0.06,0.1414,4,667.1272,DANGER,2,Dangerous
706.1,0.06,0.1414,4,667.2217,DANGER,2,Dangerous
706.2,0.06,0.1414,4,667.3162,DANGER,2,Dangerous
706.3,0.06,0.1414,4,667.4107,DANGER,2,Dangerous
706.4,0.06,0.1414,4,667.5052,DANGER,2,Dangerous
706.5,0.06,0.1413,4,667.5997,DANGER,2,Dangerous
706.6,0.06,0.1413,4,667.6942,DANGER,2,Dangerous
706.7,0.06,0.1413,4,667.7887,DANGER,2,Dangerous
706.8,0.06,0.1413,4,667.8832,DANGER,2,Dangerous
706.9,0.06,0.1413,4,667.9777,DANGER,2,Dangerous
707.0,0.06,0.1412,4,668.0722,DANGER,2,Dangerous
707.1,0.06,0.1412,4,668.1667,DANGER,2,Dangerous
707.2,0.06,0.1412,4,668.2612,DANGER,2,Dangerous
707.3,0.06,0.1412,4,668.3556,DANGER,2,Dangerous
707.4,0.06,0.1412,4,668.4501,DANGER,2,Dangerous
707.5,0.06,0.1411,4,668.5446,DANGER,2,Dangerous
707.6,0.06,0.1411,4,668.6391,DANGER,2,Dangerous
707.7,0.06,0.1411,4,668.7336,DANGER,2,Dangerous
707.8,0.06,0.1411,4,668.8281,DANGER,2,Dangerous
707.9,0.06,0.1411,4,668.9226,DANGER,2,Dangerous
708.0,0.06,0.141,4,669.0171,DANGER,2,Dangerous
708.1,0.06,0.141,4,669.1116,DANGER,2,Dangerous
708.2,0.06,0.141,4,669.2061,DANGER,2,Dangerous
708.3,0.06,0.141,4,669.3006,DANGER,2,Dangerous
708.4,0.06,0.141,4,669.3951,DANGER,2,Dangerous
708.5,0.06,0.1409,4,669.4896,DANGER,2,Dangerous
708.6,0.06,0.1409,4,669.5841,DANGER,2,Dangerous
708.7,0.06,0.1409,4,669.6786,DANGER,2,Dangerous
708.8,0.06,0.1409,4,669.7731,DANGER,2,Dangerous
708.9,0.06,0.1409,4,669.8675,DANGER,2,Dangerous
709.0,0.06,0.1408,4,669.962,DANGER,2,Dangerous
709.1,0.06,0.1408,4,670.0565,DANGER,2,Dangerous
709.2,0.06,0.1408,4,670.151,DANGER,2,Dangerous
709.3,0.06,0.1408,4,670.2455,DANGER,2,Dangerous
709.4,0.06,0.1408,4,670.34,DANGER,2,Dangerous
709.5,0.06,0.1407,4,670.4345,DANGER,2,Dangerous
709.6,0.06,0.1407,4,670.529,DANGER,2,Dangerous
709.7,0.06,0.1407,4,670.6235,DANGER,2,Dangerous
709.8,0.06,0.1407,4,670.718,DANGER,2,Dangerous
709.9,0.06,0.1407,4,670.8125,DANGER,2,Dangerous
710.0,0.06,0.1406,4,670.907,DANGER,2,Dangerous
710.1,0.06,0.1406,4,671.0015,DANGER,2,Dangerous
710.2,0.06,0.1406,4,671.096,DANGER,2,Dangerous
710.3,0.06,0.1406,4,671.1905,DANGER,2,Dangerous
710.4,0.06,0.1406,4,671.285,DANGER,2,Dangerous
710.5,0.06,0.1405,4,671.3795,DANGER,2,Dangerous
710.6,0.06,0.1405,4,671.4739,DANGER,2,Dangerous
710.7,0.06,0.1405,4,671.5684,DANGER,2,Dangerous
710.8,0.06,0.1405,4,671.6629,DANGER,2,Dangerous
710.9,0.06,0.1405,4,671.7574,DANGER,2,Dangerous
711.0,0.06,0.1404,4,671.8519,DANGER,2,Dangerous
711.1,0.06,0.1404,4,671.9464,DANGER,2,Dangerous
711.2,0.06,0.1404,4,672.0409,DANGER,2,Dangerous
711.3,0.06,0.1404,4,672.1354,DANGER,2,Dangerous
711.4,0.06,0.1404,4,672.2299,DANGER,2,Dangerous
711.5,0.06,0.1404,4,672.3244,DANGER,2,Dangerous
711.6,0.06,0.1403,4,672.4189,DANGER,2,Dangerous
711.7,0.06,0.1403,4,672.5134,DANGER,2,Dangerous
711.8,0.06,0.1403,4,672.6079,DANGER,2,Dangerous
711.9,0.06,0.1403,4,672.7024,DANGER,2,Dangerous
712.0,0.06,0.1403,4,672.7969,DANGER,2,Dangerous
712.1,0.06,0.1402,4,672.8914,DANGER,2,Dangerous
712.2,0.06,0.1402,4,672.9858,DANGER,2,Dangerous
712.3,0.06,0.1402,4,673.0803,DANGER,2,Dangerous
712.4,0.06,0.1402,4,673.1748,DANGER,2,Dangerous
712.5,0.06,0.1402,4,673.2693,DANGER,2,Dangerous
712.6,0.06,0.1401,4,673.3638,DANGER,2,Dangerous
712.7,0.06,0.1401,4,673.4583,DANGER,2,Dangerous
712.8,0.06,0.1401,4,673.5528,DANGER,2,Dangerous
712.9,0.06,0.1401,4,673.6473,DANGER,2,Dangerous
713.0,0.06,0.1401,4,673.7418,DANGER,2,Dangerous
713.1,0.06,0.14,4,673.8363,DANGER,2,Dangerous
713.2,0.06,0.14,4,673.9308,DANGER,2,Dangerous
713.3,0.06,0.14,4,674.0253,DANGER,2,Dangerous
713.4,0.06,0.14,4,674.1198,DANGER,2,Dangerous
713.5,0.06,0.14,4,674.2143,DANGER,2,Dangerous
713.6,0.06,0.1399,4,674.3088,DANGER,2,Dangerous
713.7,0.06,0.1399,4,674.4033,DANGER,2,Dangerous
713.8,0.06,0.1399,4,674.4978,DANGER,2,Dangerous
713.9,0.06,0.1399,4,674.5922,DANGER,2,Dangerous
714.0,0.06,0.1399,4,674.6867,DANGER,2,Dangerous
714.1,0.06,0.1398,4,674.7812,DANGER,2,Dangerous
714.2,0.06,0.1398,4,674.8757,DANGER,2,Dangerous
714.3,0.06,0.1398,4,674.9702,DANGER,2,Dangerous
714.4,0.06,0.1398,4,675.0647,DANGER,2,Dangerous
714.5,0.06,0.1398,4,675.1592,DANGER,2,Dangerous
714.6,0.06,0.1397,4,675.2537,DANGER,2,Dangerous
714.7,0.06,0.1397,4,675.3482,DANGER,2,Dangerous
714.8,0.06,0.1397,4,675.4427,DANGER,2,Dangerous
714.9,0.06,0.1397,4,675.5372,DANGER,2,Dangerous
715.0,0.06,0.1397,4,675.6317,DANGER,2,Dangerous
715.1,0.06,0.1396,4,675.7262,DANGER,2,Dangerous
715.2,0.06,0.1396,4,675.8207,DANGER,2,Dangerous
715.3,0.06,0.1396,4,675.9152,DANGER,2,Dangerous
715.4,0.06,0.1396,4,676.0097,DANGER,2,Dangerous
715.5,0.06,0.1396,4,676.1041,DANGER,2,Dangerous
715.6,0.06,0.1395,4,676.1986,DANGER,2,Dangerous
715.7,0.06,0.1395,4,676.2931,DANGER,2,Dangerous
715.8,0.06,0.1395,4,676.3876,DANGER,2,Dangerous
715.9,0.06,0.1395,4,676.4821,DANGER,2,Dangerous
716.0,0.06,0.1395,4,676.5766,DANGER,2,Dangerous
716.1,0.06,0.1395,4,676.6711,DANGER,2,Dangerous
716.2,0.06,0.1394,4,676.7656,DANGER,2,Dangerous
716.3,0.06,0.1394,4,676.8601,DANGER,2,Dangerous
716.4,0.06,0.1394,4,676.9546,DANGER,2,Dangerous
716.5,0.06,0.1394,4,677.0491,DANGER,2,Dangerous
716.6,0.06,0.1394,4,677.1436,DANGER,2,Dangerous
716.7,0.06,0.1393,4,677.2381,DANGER,2,Dangerous
716.8,0.06,0.1393,4,677.3326,DANGER,2,Dangerous
716.9,0.06,0.1393,4,677.4271,DANGER,2,Dangerous
717.0,0.06,0.1393,4,677.5216,DANGER,2,Dangerous
717.1,0.06,0.1393,4,677.6161,DANGER,2,Dangerous
717.2,0.06,0.1392,4,677.7105,DANGER,2,Dangerous
717.3,0.06,0.1392,4,677.805,DANGER,2,Dangerous
717.4,0.06,0.1392,4,677.8995,DANGER,2,Dangerous
717.5,0.06,0.1392,4,677.994,DANGER,2,Dangerous
717.6,0.06,0.1392,4,678.0885,DANGER,2,Dangerous
717.7,0.06,0.1391,4,678.183,DANGER,2,Dangerous
717.8,0.06,0.1391,4,678.2775,DANGER,2,Dangerous
717.9,0.06,0.1391,4,678.372,DANGER,2,Dangerous
718.0,0.06,0.1391,4,678.4665,DANGER,2,Dangerous
718.1,0.06,0.1391,4,678.561,DANGER,2,Dangerous
718.2,0.06,0.139,4,678.6555,DANGER,2,Dangerous
718.3,0.06,0.139,4,678.75,DANGER,2,Dangerous
718.4,0.06,0.139,4,678.8445,DANGER,2,Dangerous
718.5,0.06,0.139,4,678.939,DANGER,2,Dangerous
718.6,0.06,0.139,4,679.0335,DANGER,2,Dangerous
718.7,0.06,0.1389,4,679.128,DANGER,2,Dangerous
718.8,0.06,0.1389,4,679.2224,DANGER,2,Dangerous
718.9,0.06,0.1389,4,679.3169,DANGER,2,Dangerous
719.0,0.06,0.1389,4,679.4114,DANGER,2,Dangerous
719.1,0.06,0.1389,4,679.5059,DANGER,2,Dangerous
719.2,0.06,0.1389,4,679.6004,DANGER,2,Dangerous
719.3,0.06,0.1388,4,679.6949,DANGER,2,Dangerous
719.4,0.06,0.1388,4,679.7894,DANGER,2,Dangerous
719.5,0.06,0.1388,4,679.8839,DANGER,2,Dangerous
719.6,0.06,0.1388,4,679.9784,DANGER,2,Dangerous
719.7,0.06,0.1388,4,680.0729,DANGER,2,Dangerous
719.8,0.06,0.1387,4,680.1674,DANGER,2,Dangerous
719.9,0.06,0.1387,4,680.2619,DANGER,2,Dangerous
720.0,0.06,0.1387,4,680.3564,DANGER,2,Dangerous
720.1,0.06,0.1387,4,680.4509,DANGER,2,Dangerous
720.2,0.06,0.1387,4,680.5454,DANGER,2,Dangerous
720.3,0.06,0.1386,4,680.6399,DANGER,2,Dangerous
720.4,0.06,0.1386,4,680.7344,DANGER,2,Dangerous
720.5,0.06,0.1386,4,680.8288,DANGER,2,Dangerous
720.6,0.06,0.1386,4,680.9233,DANGER,2,Dangerous
720.7,0.06,0.1386,4,681.0178,DANGER,2,Dangerous
720.8,0.06,0.1385,4,681.1123,DANGER,2,Dangerous
720.9,0.06,0.1385,4,681.2068,DANGER,2,Dangerous
721.0,0.06,0.1385,4,681.3013,DANGER,2,Dangerous
721.1,0.06,0.1385,4,681.3958,DANGER,2,Dangerous
721.2,0.06,0.1385,4,681.4903,DANGER,2,Dangerous
721.3,0.06,0.1384,4,681.5848,DANGER,2,Dangerous
721.4,0.06,0.1384,4,681.6793,DANGER,2,Dangerous
721.5,0.06,0.1384,4,681.7738,DANGER,2,Dangerous
721.6,0.06,0.1384,4,681.8683,DANGER,2,Dangerous
721.7,0.06,0.1384,4,681.9628,DANGER,2,Dangerous
721.8,0.06,0.1384,4,682.0573,DANGER,2,Dangerous
721.9,0.06,0.1383,4,682.1518,DANGER,2,Dangerous
722.0,0.06,0.1383,4,682.2463,DANGER,2,Dangerous
722.1,0.06,0.1383,4,682.3407,DANGER,2,Dangerous
722.2,0.06,0.1383,4,682.4352,DANGER,2,Dangerous
722.3,0.06,0.1383,4,682.5297,DANGER,2,Dangerous
722.4,0.06,0.1382,4,682.6242,DANGER,2,Dangerous
722.5,0.06,0.1382,4,682.7187,DANGER,2,Dangerous
722.6,0.06,0.1382,4,682.8132,DANGER,2,Dangerous
722.7,0.06,0.1382,4,682.9077,DANGER,2,Dangerous
722.8,0.06,0.1382,4,683.0022,DANGER,2,Dangerous
722.9,0.06,0.1381,4,683.0967,DANGER,2,Dangerous
723.0,0.06,0.1381,4,683.1912,DANGER,2,Dangerous
723.1,0.06,0.1381,4,683.2857,DANGER,2,Dangerous
723.2,0.06,0.1381,4,683.3802,DANGER,2,Dangerous
723.3,0.06,0.1381,4,683.4747,DANGER,2,Dangerous
723.4,0.06,0.138,4,683.5692,DANGER,2,Dangerous
723.5,0.06,0.138,4,683.6637,DANGER,2,Dangerous
723.6,0.06,0.138,4,683.7582,DANGER,2,Dangerous
723.7,0.06,0.138,4,683.8527,DANGER,2,Dangerous
723.8,0.06,0.138,4,683.9471,DANGER,2,Dangerous
723.9,0.06,0.138,4,684.0416,DANGER,2,Dangerous
724.0,0.06,0.1379,4,684.1361,DANGER,2,Dangerous
724.1,0.06,0.1379,4,684.2306,DANGER,2,Dangerous
724.2,0.06,0.1379,4,684.3251,DANGER,2,Dangerous
724.3,0.06,0.1379,4,684.4196,DANGER,2,Dangerous
724.4,0.06,0.1379,4,684.5141,DANGER,2,Dangerous
724.5,0.06,0.1378,4,684.6086,DANGER,2,Dangerous
724.6,0.06,0.1378,4,684.7031,DANGER,2,Dangerous
724.7,0.06,0.1378,4,684.7976,DANGER,2,Dangerous
724.8,0.06,0.1378,4,684.8921,DANGER,2,Dangerous
724.9,0.06,0.1378,4,684.9866,DANGER,2,Dangerous
725.0,0.06,0.1377,4,685.0811,DANGER,2,Dangerous
725.1,0.06,0.1377,4,685.1756,DANGER,2,Dangerous
725.2,0.06,0.1377,4,685.2701,DANGER,2,Dangerous
725.3,0.06,0.1377,4,685.3646,DANGER,2,Dangerous
725.4,0.06,0.1377,4,685.459,DANGER,2,Dangerous
725.5,0.06,0.1376,4,685.5535,DANGER,2,Dangerous
725.6,0.06,0.1376,4,685.648,DANGER,2,Dangerous
725.7,0.06,0.1376,4,685.7425,DANGER,2,Dangerous
725.8,0.06,0.1376,4,685.837,DANGER,2,Dangerous
725.9,0.06,0.1376,4,685.9315,DANGER,2,Dangerous
726.0,0.06,0.1376,4,686.026,DANGER,2,Dangerous
726.1,0.06,0.1375,4,686.1205,DANGER,2,Dangerous
726.2,0.06,0.1375,4,686.215,DANGER,2,Dangerous
726.3,0.06,0.1375,4,686.3095,DANGER,2,Dangerous
726.4,0.06,0.1375,4,686.404,DANGER,2,Dangerous
726.5,0.06,0.1375,4,686.4985,DANGER,2,Dangerous
726.6,0.06,0.1374,4,686.593,DANGER,2,Dangerous
726.7,0.06,0.1374,4,686.6875,DANGER,2,Dangerous
726.8,0.06,0.1374,4,686.782,DANGER,2,Dangerous
726.9,0.06,0.1374,4,686.8765,DANGER,2,Dangerous
727.0,0.06,0.1374,4,686.971,DANGER,2,Dangerous
727.1,0.06,0.1373,4,687.0654,DANGER,2,Dangerous
727.2,0.06,0.1373,4,687.1599,DANGER,2,Dangerous
727.3,0.06,0.1373,4,687.2544,DANGER,2,Dangerous
727.4,0.06,0.1373,4,687.3489,DANGER,2,Dangerous
727.5,0.06,0.1373,4,687.4434,DANGER,2,Dangerous
727.6,0.06,0.1372,4,687.5379,DANGER,2,Dangerous
727.7,0.06,0.1372,4,687.6324,DANGER,2,Dangerous
727.8,0.06,0.1372,4,687.7269,DANGER,2,Dangerous
727.9,0.06,0.1372,4,687.8214,DANGER,2,Dangerous
728.0,0.06,0.1372,4,687.9159,DANGER,2,Dangerous
728.1,0.06,0.1372,4,688.0104,DANGER,2,Dangerous
728.2,0.06,0.1371,4,688.1049,DANGER,2,Dangerous
728.3,0.06,0.1371,4,688.1994,DANGER,2,Dangerous
728.4,0.06,0.1371,4,688.2939,DANGER,2,Dangerous
728.5,0.06,0.1371,4,688.3884,DANGER,2,Dangerous
728.6,0.06,0.1371,4,688.4829,DANGER,2,Dangerous
728.7,0.06,0.137,4,688.5773,DANGER,2,Dangerous
728.8,0.06,0.137,4,688.6718,DANGER,2,Dangerous
728.9,0.06,0.137,4,688.7663,DANGER,2,Dangerous
729.0,0.06,0.137,4,688.8608,DANGER,2,Dangerous
729.1,0.06,0.137,4,688.9553,DANGER,2,Dangerous
729.2,0.06,0.1369,4,689.0498,DANGER,2,Dangerous
729.3,0.06,0.1369,4,689.1443,DANGER,2,Dangerous
729.4,0.06,0.1369,4,689.2388,DANGER,2,Dangerous
729.5,0.06,0.1369,4,689.3333,DANGER,2,Dangerous
729.6,0.06,0.1369,4,689.4278,DANGER,2,Dangerous
729.7,0.06,0.1369,4,689.5223,DANGER,2,Dangerous
729.8,0.06,0.1368,4,689.6168,DANGER,2,Dangerous
729.9,0.06,0.1368,4,689.7113,DANGER,2,Dangerous
730.0,0.06,0.1368,4,689.8058,DANGER,2,Dangerous
730.1,0.06,0.1368,4,689.9003,DANGER,2,Dangerous
730.2,0.06,0.1368,4,689.9948,DANGER,2,Dangerous
730.3,0.06,0.1367,4,690.0893,DANGER,2,Dangerous
730.4,0.06,0.1367,4,690.1837,DANGER,2,Dangerous
730.5,0.06,0.1367,4,690.2782,DANGER,2,Dangerous
730.6,0.06,0.1367,4,690.3727,DANGER,2,Dangerous
730.7,0.06,0.1367,4,690.4672,DANGER,2,Dangerous
730.8,0.06,0.1366,4,690.5617,DANGER,2,Dangerous
730.9,0.06,0.1366,4,690.6562,DANGER,2,Dangerous
731.0,0.06,0.1366,4,690.7507,DANGER,2,Dangerous
731.1,0.06,0.1366,4,690.8452,DANGER,2,Dangerous
731.2,0.06,0.1366,4,690.9397,DANGER,2,Dangerous
731.3,0.06,0.1366,4,691.0342,DANGER,2,Dangerous
731.4,0.06,0.1365,4,691.1287,DANGER,2,Dangerous
731.5,0.06,0.1365,4,691.2232,DANGER,2,Dangerous
731.6,0.06,0.1365,4,691.3177,DANGER,2,Dangerous
731.7,0.06,0.1365,4,691.4122,DANGER,2,Dangerous
731.8,0.06,0.1365,4,691.5067,DANGER,2,Dangerous
731.9,0.06,0.1364,4,691.6012,DANGER,2,Dangerous
732.0,0.06,0.1364,4,691.6956,DANGER,2,Dangerous
732.1,0.06,0.1364,4,691.7901,DANGER,2,Dangerous
732.2,0.06,0.1364,4,691.8846,DANGER,2,Dangerous
732.3,0.06,0.1364,4,691.9791,DANGER,2,Dangerous
732.4,0.06,0.1364,4,692.0736,DANGER,2,Dangerous
732.5,0.06,0.1363,4,692.1681,DANGER,2,Dangerous
732.6,0.06,0.1363,4,692.2626,DANGER,2,Dangerous
732.7,0.06,0.1363,4,692.3571,DANGER,2,Dangerous
732.8,0.06,0.1363,4,692.4516,DANGER,2,Dangerous
732.9,0.06,0.1363,4,692.5461,DANGER,2,Dangerous
733.0,0.06,0.1362,4,692.6406,DANGER,2,Dangerous
733.1,0.06,0.1362,4,692.7351,DANGER,2,Dangerous
733.2,0.06,0.1362,4,692.8296,DANGER,2,Dangerous
733.3,0.06,0.1362,4,692.9241,DANGER,2,Dangerous
733.4,0.06,0.1362,4,693.0186,DANGER,2,Dangerous
733.5,0.06,0.1361,4,693.1131,DANGER,2,Dangerous
733.6,0.06,0.1361,4,693.2076,DANGER,2,Dangerous
733.7,0.06,0.1361,4,693.302,DANGER,2,Dangerous
733.8,0.06,0.1361,4,693.3965,DANGER,2,Dangerous
733.9,0.06,0.1361,4,693.491,DANGER,2,Dangerous
734.0,0.06,0.1361,4,693.5855,DANGER,2,Dangerous
734.1,0.06,0.136,4,693.68,DANGER,2,Dangerous
734.2,0.06,0.136,4,693.7745,DANGER,2,Dangerous
734.3,0.06,0.136,4,693.869,DANGER,2,Dangerous
734.4,0.06,0.136,4,693.9635,DANGER,2,Dangerous
734.5,0.06,0.136,4,694.058,DANGER,2,Dangerous
734.6,0.06,0.1359,4,694.1525,DANGER,2,Dangerous
734.7,0.06,0.1359,4,694.247,DANGER,2,Dangerous
734.8,0.06,0.1359,4,694.3415,DANGER,2,Dangerous
734.9,0.06,0.1359,4,694.436,DANGER,2,Dangerous
735.0,0.06,0.1359,4,694.5305,DANGER,2,Dangerous
735.1,0.06,0.1359,4,694.625,DANGER,2,Dangerous
735.2,0.06,0.1358,4,694.7195,DANGER,2,Dangerous
735.3,0.06,0.1358,4,694.8139,DANGER,2,Dangerous
735.4,0.06,0.1358,4,694.9084,DANGER,2,Dangerous
735.5,0.06,0.1358,4,695.0029,DANGER,2,Dangerous
735.6,0.06,0.1358,4,695.0974,DANGER,2,Dangerous
735.7,0.06,0.1357,4,695.1919,DANGER,2,Dangerous
735.8,0.06,0.1357,4,695.2864,DANGER,2,Dangerous
735.9,0.06,0.1357,4,695.3809,DANGER,2,Dangerous
736.0,0.06,0.1357,4,695.4754,DANGER,2,Dangerous
736.1,0.06,0.1357,4,695.5699,DANGER,2,Dangerous
736.2,0.06,0.1356,4,695.6644,DANGER,2,Dangerous
736.3,0.06,0.1356,4,695.7589,DANGER,2,Dangerous
736.4,0.06,0.1356,4,695.8534,DANGER,2,Dangerous
736.5,0.06,0.1356,4,695.9479,DANGER,2,Dangerous
736.6,0.06,0.1356,4,696.0424,DANGER,2,Dangerous
736.7,0.06,0.1356,4,696.1369,DANGER,2,Dangerous
736.8,0.06,0.1355,4,696.2314,DANGER,2,Dangerous
736.9,0.06,0.1355,4,696.3259,DANGER,2,Dangerous
737.0,0.06,0.1355,4,696.4203,DANGER,2,Dangerous
737.1,0.06,0.1355,4,696.5148,DANGER,2,Dangerous
737.2,0.06,0.1355,4,696.6093,DANGER,2,Dangerous
737.3,0.06,0.1354,4,696.7038,DANGER,2,Dangerous
737.4,0.06,0.1354,4,696.7983,DANGER,2,Dangerous
737.5,0.06,0.1354,4,696.8928,DANGER,2,Dangerous
737.6,0.06,0.1354,4,696.9873,DANGER,2,Dangerous
737.7,0.06,0.1354,4,697.0818,DANGER,2,Dangerous
737.8,0.06,0.1354,4,697.1763,DANGER,2,Dangerous
737.9,0.06,0.1353,4,697.2708,DANGER,2,Dangerous
738.0,0.06,0.1353,4,697.3653,DANGER,2,Dangerous
738.1,0.06,0.1353,4,697.4598,DANGER,2,Dangerous
738.2,0.06,0.1353,4,697.5543,DANGER,2,Dangerous
738.3,0.06,0.1353,4,697.6488,DANGER,2,Dangerous
738.4,0.06,0.1352,4,697.7433,DANGER,2,Dangerous
738.5,0.06,0.1352,4,697.8378,DANGER,2,Dangerous
738.6,0.06,0.1352,4,697.9322,DANGER,2,Dangerous
738.7,0.06,0.1352,4,698.0267,DANGER,2,Dangerous
738.8,0.06,0.1352,4,698.1212,DANGER,2,Dangerous
738.9,0.06,0.1352,4,698.2157,DANGER,2,Dangerous
739.0,0.06,0.1351,4,698.3102,DANGER,2,Dangerous
739.1,0.06,0.1351,4,698.4047,DANGER,2,Dangerous
739.2,0.06,0.1351,4,698.4992,DANGER,2,Dangerous
739.3,0.06,0.1351,4,698.5937,DANGER,2,Dangerous
739.4,0.06,0.1351,4,698.6882,DANGER,2,Dangerous
739.5,0.06,0.135,4,698.7827,DANGER,2,Dangerous
739.6,0.06,0.135,4,698.8772,DANGER,2,Dangerous
739.7,0.06,0.135,4,698.9717,DANGER,2,Dangerous
739.8,0.06,0.135,4,699.0662,DANGER,2,Dangerous
739.9,0.06,0.135,4,699.1607,DANGER,2,Dangerous
740.0,0.06,0.135,4,699.2552,DANGER,2,Dangerous
740.1,0.06,0.1349,4,699.3497,DANGER,2,Dangerous
740.2,0.06,0.1349,4,699.4442,DANGER,2,Dangerous
740.3,0.06,0.1349,4,699.5386,DANGER,2,Dangerous
740.4,0.06,0.1349,4,699.6331,DANGER,2,Dangerous
740.5,0.06,0.1349,4,699.7276,DANGER,2,Dangerous
740.6,0.06,0.1348,4,699.8221,DANGER,2,Dangerous
740.7,0.06,0.1348,4,699.9166,DANGER,2,Dangerous
740.8,0.06,0.1348,4,700.0111,DANGER,2,Dangerous
740.9,0.06,0.1348,4,700.1056,DANGER,2,Dangerous
741.0,0.06,0.1348,4,700.2001,DANGER,2,Dangerous
741.1,0.06,0.1348,4,700.2946,DANGER,2,Dangerous
741.2,0.06,0.1347,4,700.3891,DANGER,2,Dangerous
741.3,0.06,0.1347,4,700.4836,DANGER,2,Dangerous
741.4,0.06,0.1347,4,700.5781,DANGER,2,Dangerous
741.5,0.06,0.1347,4,700.6726,DANGER,2,Dangerous
741.6,0.06,0.1347,4,700.7671,DANGER,2,Dangerous
741.7,0.06,0.1346,4,700.8616,DANGER,2,Dangerous
741.8,0.06,0.1346,4,700.9561,DANGER,2,Dangerous
741.9,0.06,0.1346,4,701.0505,DANGER,2,Dangerous
742.0,0.06,0.1346,4,701.145,DANGER,2,Dangerous
742.1,0.06,0.1346,4,701.2395,DANGER,2,Dangerous
742.2,0.06,0.1346,4,701.334,DANGER,2,Dangerous
742.3,0.06,0.1345,4,701.4285,DANGER,2,Dangerous
742.4,0.06,0.1345,4,701.523,DANGER,2,Dangerous
742.5,0.06,0.1345,4,701.6175,DANGER,2,Dangerous
742.6,0.06,0.1345,4,701.712,DANGER,2,Dangerous
742.7,0.06,0.1345,4,701.8065,DANGER,2,Dangerous
742.8,0.06,0.1344,4,701.901,DANGER,2,Dangerous
742.9,0.06,0.1344,4,701.9955,DANGER,2,Dangerous
743.0,0.06,0.1344,4,702.09,DANGER,2,Dangerous
743.1,0.06,0.1344,4,702.1845,DANGER,2,Dangerous
743.2,0.06,0.1344,4,702.279,DANGER,2,Dangerous
743.3,0.06,0.1344,4,702.3735,DANGER,2,Dangerous
743.4,0.06,0.1343,4,702.468,DANGER,2,Dangerous
743.5,0.06,0.1343,4,702.5625,DANGER,2,Dangerous
743.6,0.06,0.1343,4,702.6569,DANGER,2,Dangerous
743.7,0.06,0.1343,4,702.7514,DANGER,2,Dangerous
743.8,0.06,0.1343,4,702.8459,DANGER,2,Dangerous
743.9,0.06,0.1342,4,702.9404,DANGER,2,Dangerous
744.0,0.06,0.1342,4,703.0349,DANGER,2,Dangerous
744.1,0.06,0.1342,4,703.1294,DANGER,2,Dangerous
744.2,0.06,0.1342,4,703.2239,DANGER,2,Dangerous
744.3,0.06,0.1342,4,703.3184,DANGER,2,Dangerous
744.4,0.06,0.1342,4,703.4129,DANGER,2,Dangerous
744.5,0.06,0.1341,4,703.5074,DANGER,2,Dangerous
744.6,0.06,0.1341,4,703.6019,DANGER,2,Dangerous
744.7,0.06,0.1341,4,703.6964,DANGER,2,Dangerous
744.8,0.06,0.1341,4,703.7909,DANGER,2,Dangerous
744.9,0.06,0.1341,4,703.8854,DANGER,2,Dangerous
745.0,0.06,0.134,4,703.9799,DANGER,2,Dangerous
745.1,0.06,0.134,4,704.0744,DANGER,2,Dangerous
745.2,0.06,0.134,4,704.1688,DANGER,2,Dangerous
745.3,0.06,0.134,4,704.2633,DANGER,2,Dangerous
745.4,0.06,0.134,4,704.3578,DANGER,2,Dangerous
745.5,0.06,0.134,4,704.4523,DANGER,2,Dangerous
745.6,0.06,0.1339,4,704.5468,DANGER,2,Dangerous
745.7,0.06,0.1339,4,704.6413,DANGER,2,Dangerous
745.8,0.06,0.1339,4,704.7358,DANGER,2,Dangerous
745.9,0.06,0.1339,4,704.8303,DANGER,2,Dangerous
746.0,0.06,0.1339,4,704.9248,DANGER,2,Dangerous
746.1,0.06,0.1339,4,705.0193,DANGER,2,Dangerous
746.2,0.06,0.1338,4,705.1138,DANGER,2,Dangerous
746.3,0.06,0.1338,4,705.2083,DANGER,2,Dangerous
746.4,0.06,0.1338,4,705.3028,DANGER,2,Dangerous
746.5,0.06,0.1338,4,705.3973,DANGER,2,Dangerous
746.6,0.06,0.1338,4,705.4918,DANGER,2,Dangerous
746.7,0.06,0.1337,4,705.5863,DANGER,2,Dangerous
746.8,0.06,0.1337,4,705.6808,DANGER,2,Dangerous
746.9,0.06,0.1337,4,705.7752,DANGER,2,Dangerous
747.0,0.06,0.1337,4,705.8697,DANGER,2,Dangerous
747.1,0.06,0.1337,4,705.9642,DANGER,2,Dangerous
747.2,0.06,0.1337,4,706.0587,DANGER,2,Dangerous
747.3,0.06,0.1336,4,706.1532,DANGER,2,Dangerous
747.4,0.06,0.1336,4,706.2477,DANGER,2,Dangerous
747.5,0.06,0.1336,4,706.3422,DANGER,2,Dangerous
747.6,0.06,0.1336,4,706.4367,DANGER,2,Dangerous
747.7,0.06,0.1336,4,706.5312,DANGER,2,Dangerous
747.8,0.06,0.1335,4,706.6257,DANGER,2,Dangerous
747.9,0.06,0.1335,4,706.7202,DANGER,2,Dangerous
748.0,0.06,0.1335,4,706.8147,DANGER,2,Dangerous
748.1,0.06,0.1335,4,706.9092,DANGER,2,Dangerous
748.2,0.06,0.1335,4,707.0037,DANGER,2,Dangerous
748.3,0.06,0.1335,4,707.0982,DANGER,2,Dangerous
748.4,0.06,0.1334,4,707.1927,DANGER,2,Dangerous
748.5,0.06,0.1334,4,707.2872,DANGER,2,Dangerous
748.6,0.06,0.1334,4,707.3816,DANGER,2,Dangerous
748.7,0.06,0.1334,4,707.4761,DANGER,2,Dangerous
748.8,0.06,0.1334,4,707.5706,DANGER,2,Dangerous
748.9,0.06,0.1334,4,707.6651,DANGER,2,Dangerous
749.0,0.06,0.1333,4,707.7596,DANGER,2,Dangerous
749.1,0.06,0.1333,4,707.8541,DANGER,2,Dangerous
749.2,0.06,0.1333,4,707.9486,DANGER,2,Dangerous
749.3,0.06,0.1333,4,708.0431,DANGER,2,Dangerous
749.4,0.06,0.1333,4,708.1376,DANGER,2,Dangerous
749.5,0.06,0.1332,4,708.2321,DANGER,2,Dangerous
749.6,0.06,0.1332,4,708.3266,DANGER,2,Dangerous
749.7,0.06,0.1332,4,708.4211,DANGER,2,Dangerous
749.8,0.06,0.1332,4,708.5156,DANGER,2,Dangerous
749.9,0.06,0.1332,4,708.6101,DANGER,2,Dangerous
750.0,0.06,0.1332,4,708.7046,DANGER,2,Dangerous
750.1,0.06,0.1331,4,708.7991,DANGER,2,Dangerous
750.2,0.06,0.1331,4,708.8935,DANGER,2,Dangerous
750.3,0.06,0.1331,4,708.988,DANGER,2,Dangerous
750.4,0.06,0.1331,4,709.0825,DANGER,2,Dangerous
750.5,0.06,0.1331,4,709.177,DANGER,2,Dangerous
750.6,0.06,0.133,4,709.2715,DANGER,2,Dangerous
750.7,0.06,0.133,4,709.366,DANGER,2,Dangerous
750.8,0.06,0.133,4,709.4605,DANGER,2,Dangerous
750.9,0.06,0.133,4,709.555,DANGER,2,Dangerous
751.0,0.06,0.133,4,709.6495,DANGER,2,Dangerous
751.1,0.06,0.133,4,709.744,DANGER,2,Dangerous
751.2,0.06,0.1329,4,709.8385,DANGER,2,Dangerous
751.3,0.06,0.1329,4,709.933,DANGER,2,Dangerous
751.4,0.06,0.1329,4,710.0275,DANGER,2,Dangerous
751.5,0.06,0.1329,4,710.122,DANGER,2,Dangerous
751.6,0.06,0.1329,4,710.2165,DANGER,2,Dangerous
751.7,0.06,0.1329,4,710.311,DANGER,2,Dangerous
751.8,0.06,0.1328,4,710.4055,DANGER,2,Dangerous
751.9,0.06,0.1328,4,710.4999,DANGER,2,Dangerous
752.0,0.06,0.1328,4,710.5944,DANGER,2,Dangerous
752.1,0.06,0.1328,4,710.6889,DANGER,2,Dangerous
752.2,0.06,0.1328,4,710.7834,DANGER,2,Dangerous
752.3,0.06,0.1327,4,710.8779,DANGER,2,Dangerous
752.4,0.06,0.1327,4,710.9724,DANGER,2,Dangerous
752.5,0.06,0.1327,4,711.0669,DANGER,2,Dangerous
752.6,0.06,0.1327,4,711.1614,DANGER,2,Dangerous
752.7,0.06,0.1327,4,711.2559,DANGER,2,Dangerous
752.8,0.06,0.1327,4,711.3504,DANGER,2,Dangerous
752.9,0.06,0.1326,4,711.4449,DANGER,2,Dangerous
753.0,0.06,0.1326,4,711.5394,DANGER,2,Dangerous
753.1,0.06,0.1326,4,711.6339,DANGER,2,Dangerous
753.2,0.06,0.1326,4,711.7284,DANGER,2,Dangerous
753.3,0.06,0.1326,4,711.8229,DANGER,2,Dangerous
753.4,0.06,0.1326,4,711.9174,DANGER,2,Dangerous
753.5,0.06,0.1325,4,712.0118,DANGER,2,Dangerous
753.6,0.06,0.1325,4,712.1063,DANGER,2,Dangerous
753.7,0.06,0.1325,4,712.2008,DANGER,2,Dangerous
753.8,0.06,0.1325,4,712.2953,DANGER,2,Dangerous
753.9,0.06,0.1325,4,712.3898,DANGER,2,Dangerous
754.0,0.06,0.1325,4,712.4843,DANGER,2,Dangerous
754.1,0.06,0.1324,4,712.5788,DANGER,2,Dangerous
754.2,0.06,0.1324,4,712.6733,DANGER,2,Dangerous
754.3,0.06,0.1324,4,712.7678,DANGER,2,Dangerous
754.4,0.06,0.1324,4,712.8623,DANGER,2,Dangerous
754.5,0.06,0.1324,4,712.9568,DANGER,2,Dangerous
754.6,0.06,0.1323,4,713.0513,DANGER,2,Dangerous
754.7,0.06,0.1323,4,713.1458,DANGER,2,Dangerous
754.8,0.05,0.1323,4,719.6864,DANGER,2,Dangerous
754.9,0.05,0.1323,4,719.7817,DANGER,2,Dangerous
755.0,0.05,0.1323,4,719.8771,DANGER,2,Dangerous
755.1,0.05,0.1323,4,719.9724,DANGER,2,Dangerous
755.2,0.05,0.1322,4,720.0678,DANGER,2,Dangerous
755.3,0.05,0.1322,4,720.1631,DANGER,2,Dangerous
755.4,0.05,0.1322,4,720.2585,DANGER,2,Dangerous
755.5,0.05,0.1322,4,720.3538,DANGER,2,Dangerous
755.6,0.05,0.1322,4,720.4492,DANGER,2,Dangerous
755.7,0.05,0.1322,4,720.5445,DANGER,2,Dangerous
755.8,0.05,0.1321,4,720.6399,DANGER,2,Dangerous
755.9,0.05,0.1321,4,720.7352,DANGER,2,Dangerous
756.0,0.05,0.1321,4,720.8306,DANGER,2,Dangerous
756.1,0.05,0.1321,4,720.9259,DANGER,2,Dangerous
756.2,0.05,0.1321,4,721.0213,DANGER,2,Dangerous
756.3,0.05,0.132,4,721.1166,DANGER,2,Dangerous
756.4,0.05,0.132,4,721.212,DANGER,2,Dangerous
756.5,0.05,0.132,4,721.3073,DANGER,2,Dangerous
756.6,0.05,0.132,4,721.4026,DANGER,2,Dangerous
756.7,0.05,0.132,4,721.498,DANGER,2,Dangerous
756.8,0.05,0.132,4,721.5933,DANGER,2,Dangerous
756.9,0.05,0.1319,4,721.6887,DANGER,2,Dangerous
757.0,0.05,0.1319,4,721.784,DANGER,2,Dangerous
757.1,0.05,0.1319,4,721.8794,DANGER,2,Dangerous
757.2,0.05,0.1319,4,721.9747,DANGER,2,Dangerous
757.3,0.05,0.1319,4,722.0701,DANGER,2,Dangerous
757.4,0.05,0.1319,4,722.1654,DANGER,2,Dangerous
757.5,0.05,0.1318,4,722.2608,DANGER,2,Dangerous
757.6,0.05,0.1318,4,722.3561,DANGER,2,Dangerous
757.7,0.05,0.1318,4,722.4515,DANGER,2,Dangerous
757.8,0.05,0.1318,4,722.5468,DANGER,2,Dangerous
757.9,0.05,0.1318,4,722.6422,DANGER,2,Dangerous
758.0,0.05,0.1318,4,722.7375,DANGER,2,Dangerous
758.1,0.05,0.1317,4,722.8329,DANGER,2,Dangerous
758.2,0.05,0.1317,4,722.9282,DANGER,2,Dangerous
758.3,0.05,0.1317,4,723.0236,DANGER,2,Dangerous
758.4,0.05,0.1317,4,723.1189,DANGER,2,Dangerous
758.5,0.05,0.1317,4,723.2143,DANGER,2,Dangerous
758.6,0.05,0.1316,4,723.3096,DANGER,2,Dangerous
758.7,0.05,0.1316,4,723.405,DANGER,2,Dangerous
758.8,0.05,0.1316,4,723.5003,DANGER,2,Dangerous
758.9,0.05,0.1316,4,723.5956,DANGER,2,Dangerous
759.0,0.05,0.1316,4,723.691,DANGER,2,Dangerous
759.1,0.05,0.1316,4,723.7863,DANGER,2,Dangerous
759.2,0.05,0.1315,4,723.8817,DANGER,2,Dangerous
759.3,0.05,0.1315,4,723.977,DANGER,2,Dangerous
759.4,0.05,0.1315,4,724.0724,DANGER,2,Dangerous
759.5,0.05,0.1315,4,724.1677,DANGER,2,Dangerous
759.6,0.05,0.1315,4,724.2631,DANGER,2,Dangerous
759.7,0.05,0.1315,4,724.3584,DANGER,2,Dangerous
759.8,0.05,0.1314,4,724.4538,DANGER,2,Dangerous
759.9,0.05,0.1314,4,724.5491,DANGER,2,Dangerous
760.0,0.05,0.1314,4,724.6445,DANGER,2,Dangerous
760.1,0.05,0.1314,4,724.7398,DANGER,2,Dangerous
760.2,0.05,0.1314,4,724.8352,DANGER,2,Dangerous
760.3,0.05,0.1314,4,724.9305,DANGER,2,Dangerous
760.4,0.05,0.1313,4,725.0259,DANGER,2,Dangerous
760.5,0.05,0.1313,4,725.1212,DANGER,2,Dangerous
760.6,0.05,0.1313,4,725.2166,DANGER,2,Dangerous
760.7,0.05,0.1313,4,725.3119,DANGER,2,Dangerous
760.8,0.05,0.1313,4,725.4073,DANGER,2,Dangerous
760.9,0.05,0.1313,4,725.5026,DANGER,2,Dangerous
761.0,0.05,0.1312,4,725.598,DANGER,2,Dangerous
761.1,0.05,0.1312,4,725.6933,DANGER,2,Dangerous
761.2,0.05,0.1312,4,725.7887,DANGER,2,Dangerous
761.3,0.05,0.1312,4,725.884,DANGER,2,Dangerous
761.4,0.05,0.1312,4,725.9793,DANGER,2,Dangerous
761.5,0.05,0.1311,4,726.0747,DANGER,2,Dangerous
761.6,0.05,0.1311,4,726.17,DANGER,2,Dangerous
761.7,0.05,0.1311,4,726.2654,DANGER,2,Dangerous
761.8,0.05,0.1311,4,726.3607,DANGER,2,Dangerous
761.9,0.05,0.1311,4,726.4561,DANGER,2,Dangerous
762.0,0.05,0.1311,4,726.5514,DANGER,2,Dangerous
762.1,0.05,0.131,4,726.6468,DANGER,2,Dangerous
762.2,0.05,0.131,4,726.7421,DANGER,2,Dangerous
762.3,0.05,0.131,4,726.8375,DANGER,2,Dangerous
762.4,0.05,0.131,4,726.9328,DANGER,2,Dangerous
762.5,0.05,0.131,4,727.0282,DANGER,2,Dangerous
762.6,0.05,0.131,4,727.1235,DANGER,2,Dangerous
762.7,0.05,0.1309,4,727.2189,DANGER,2,Dangerous
762.8,0.05,0.1309,4,727.3142,DANGER,2,Dangerous
762.9,0.05,0.1309,4,727.4096,DANGER,2,Dangerous
763.0,0.05,0.1309,4,727.5049,DANGER,2,Dangerous
763.1,0.05,0.1309,4,727.6003,DANGER,2,Dangerous
763.2,0.05,0.1309,4,727.6956,DANGER,2,Dangerous
763.3,0.05,0.1308,4,727.791,DANGER,2,Dangerous
763.4,0.05,0.1308,4,727.8863,DANGER,2,Dangerous
763.5,0.05,0.1308,4,727.9817,DANGER,2,Dangerous
763.6,0.05,0.1308,4,728.077,DANGER,2,Dangerous
763.7,0.05,0.1308,4,728.1724,DANGER,2,Dangerous
763.8,0.05,0.1308,4,728.2677,DANGER,2,Dangerous
763.9,0.05,0.1307,4,728.363,DANGER,2,Dangerous
764.0,0.05,0.1307,4,728.4584,DANGER,2,Dangerous
764.1,0.05,0.1307,4,728.5537,DANGER,2,Dangerous
764.2,0.05,0.1307,4,728.6491,DANGER,2,Dangerous
764.3,0.05,0.1307,4,728.7444,DANGER,2,Dangerous
764.4,0.05,0.1307,4,728.8398,DANGER,2,Dangerous
764.5,0.05,0.1306,4,728.9351,DANGER,2,Dangerous
764.6,0.05,0.1306,4,729.0305,DANGER,2,Dangerous
764.7,0.05,0.1306,4,729.1258,DANGER,2,Dangerous
764.8,0.05,0.1306,4,729.2212,DANGER,2,Dangerous
764.9,0.05,0.1306,4,729.3165,DANGER,2,Dangerous
765.0,0.05,0.1305,4,729.4119,DANGER,2,Dangerous
765.1,0.05,0.1305,4,729.5072,DANGER,2,Dangerous
765.2,0.05,0.1305,4,729.6026,DANGER,2,Dangerous
765.3,0.05,0.1305,4,729.6979,DANGER,2,Dangerous
765.4,0.05,0.1305,4,729.7933,DANGER,2,Dangerous
765.5,0.05,0.1305,4,729.8886,DANGER,2,Dangerous
765.6,0.05,0.1304,4,729.984,DANGER,2,Dangerous
765.7,0.05,0.1304,4,730.0793,DANGER,2,Dangerous
765.8,0.05,0.1304,4,730.1747,DANGER,2,Dangerous
765.9,0.05,0.1304,4,730.27,DANGER,2,Dangerous
766.0,0.05,0.1304,4,730.3654,DANGER,2,Dangerous
766.1,0.05,0.1304,4,730.4607,DANGER,2,Dangerous
766.2,0.05,0.1303,4,730.5561,DANGER,2,Dangerous
766.3,0.05,0.1303,4,730.6514,DANGER,2,Dangerous
766.4,0.05,0.1303,4,730.7467,DANGER,2,Dangerous
766.5,0.05,0.1303,4,730.8421,DANGER,2,Dangerous
766.6,0.05,0.1303,4,730.9374,DANGER,2,Dangerous
766.7,0.05,0.1303,4,731.0328,DANGER,2,Dangerous
766.8,0.05,0.1302,4,731.1281,DANGER,2,Dangerous
766.9,0.05,0.1302,4,731.2235,DANGER,2,Dangerous
767.0,0.05,0.1302,4,731.3188,DANGER,2,Dangerous
767.1,0.05,0.1302,4,731.4142,DANGER,2,Dangerous
767.2,0.05,0.1302,4,731.5095,DANGER,2,Dangerous
767.3,0.05,0.1302,4,731.6049,DANGER,2,Dangerous
767.4,0.05,0.1301,4,731.7002,DANGER,2,Dangerous
767.5,0.05,0.1301,4,731.7956,DANGER,2,Dangerous
767.6,0.05,0.1301,4,731.8909,DANGER,2,Dangerous
767.7,0.05,0.1301,4,731.9863,DANGER,2,Dangerous
767.8,0.05,0.1301,4,732.0816,DANGER,2,Dangerous
767.9,0.05,0.1301,4,732.177,DANGER,2,Dangerous
768.0,0.05,0.13,4,732.2723,DANGER,2,Dangerous
768.1,0.05,0.13,4,732.3677,DANGER,2,Dangerous
768.2,0.05,0.13,4,732.463,DANGER,2,Dangerous
768.3,0.05,0.13,4,732.5584,DANGER,2,Dangerous
768.4,0.05,0.13,4,732.6537,DANGER,2,Dangerous
768.5,0.05,0.13,4,732.7491,DANGER,2,Dangerous
768.6,0.05,0.1299,4,732.8444,DANGER,2,Dangerous
768.7,0.05,0.1299,4,732.9397,DANGER,2,Dangerous
768.8,0.05,0.1299,4,733.0351,DANGER,2,Dangerous
768.9,0.05,0.1299,4,733.1304,DANGER,2,Dangerous
769.0,0.05,0.1299,4,733.2258,DANGER,2,Dangerous
769.1,0.05,0.1299,4,733.3211,DANGER,2,Dangerous
769.2,0.05,0.1298,4,733.4165,DANGER,2,Dangerous
769.3,0.05,0.1298,4,733.5118,DANGER,2,Dangerous
769.4,0.05,0.1298,4,733.6072,DANGER,2,Dangerous
769.5,0.05,0.1298,4,733.7025,DANGER,2,Dangerous
769.6,0.05,0.1298,4,733.7979,DANGER,2,Dangerous
769.7,0.05,0.1298,4,733.8932,DANGER,2,Dangerous
769.8,0.05,0.1297,4,733.9886,DANGER,2,Dangerous
769.9,0.05,0.1297,4,734.0839,DANGER,2,Dangerous
770.0,0.05,0.1297,4,734.1793,DANGER,2,Dangerous
770.1,0.05,0.1297,4,734.2746,DANGER,2,Dangerous
770.2,0.05,0.1297,4,734.37,DANGER,2,Dangerous
770.3,0.05,0.1297,4,734.4653,DANGER,2,Dangerous
770.4,0.05,0.1296,4,734.5607,DANGER,2,Dangerous
770.5,0.05,0.1296,4,734.656,DANGER,2,Dangerous
770.6,0.05,0.1296,4,734.7514,DANGER,2,Dangerous
770.7,0.05,0.1296,4,734.8467,DANGER,2,Dangerous
770.8,0.05,0.1296,4,734.9421,DANGER,2,Dangerous
770.9,0.05,0.1296,4,735.0374,DANGER,2,Dangerous
771.0,0.05,0.1295,4,735.1328,DANGER,2,Dangerous
771.1,0.05,0.1295,4,735.2281,DANGER,2,Dangerous
771.2,0.05,0.1295,4,735.3234,DANGER,2,Dangerous
771.3,0.05,0.1295,4,735.4188,DANGER,2,Dangerous
771.4,0.05,0.1295,4,735.5141,DANGER,2,Dangerous
771.5,0.05,0.1294,4,735.6095,DANGER,2,Dangerous
771.6,0.05,0.1294,4,735.7048,DANGER,2,Dangerous
771.7,0.05,0.1294,4,735.8002,DANGER,2,Dangerous
771.8,0.05,0.1294,4,735.8955,DANGER,2,Dangerous
771.9,0.05,0.1294,4,735.9909,DANGER,2,Dangerous
772.0,0.05,0.1294,4,736.0862,DANGER,2,Dangerous
772.1,0.05,0.1293,4,736.1816,DANGER,2,Dangerous
772.2,0.05,0.1293,4,736.2769,DANGER,2,Dangerous
772.3,0.05,0.1293,4,736.3723,DANGER,2,Dangerous
772.4,0.05,0.1293,4,736.4676,DANGER,2,Dangerous
772.5,0.05,0.1293,4,736.563,DANGER,2,Dangerous
772.6,0.05,0.1293,4,736.6583,DANGER,2,Dangerous
772.7,0.05,0.1292,4,736.7537,DANGER,2,Dangerous
772.8,0.05,0.1292,4,736.849,DANGER,2,Dangerous
772.9,0.05,0.1292,4,736.9444,DANGER,2,Dangerous
773.0,0.05,0.1292,4,737.0397,DANGER,2,Dangerous
773.1,0.05,0.1292,4,737.1351,DANGER,2,Dangerous
773.2,0.05,0.1292,4,737.2304,DANGER,2,Dangerous
773.3,0.05,0.1291,4,737.3258,DANGER,2,Dangerous
773.4,0.05,0.1291,4,737.4211,DANGER,2,Dangerous
773.5,0.05,0.1291,4,737.5165,DANGER,2,Dangerous
773.6,0.05,0.1291,4,737.6118,DANGER,2,Dangerous
773.7,0.05,0.1291,4,737.7071,DANGER,2,Dangerous
773.8,0.05,0.1291,4,737.8025,DANGER,2,Dangerous
773.9,0.05,0.129,4,737.8978,DANGER,2,Dangerous
774.0,0.05,0.129,4,737.9932,DANGER,2,Dangerous
774.1,0.05,0.129,4,738.0885,DANGER,2,Dangerous
774.2,0.05,0.129,4,738.1839,DANGER,2,Dangerous
774.3,0.05,0.129,4,738.2792,DANGER,2,Dangerous
774.4,0.05,0.129,4,738.3746,DANGER,2,Dangerous
774.5,0.05,0.1289,4,738.4699,DANGER,2,Dangerous
774.6,0.05,0.1289,4,738.5653,DANGER,2,Dangerous
774.7,0.05,0.1289,4,738.6606,DANGER,2,Dangerous
774.8,0.05,0.1289,4,738.756,DANGER,2,Dangerous
774.9,0.05,0.1289,4,738.8513,DANGER,2,Dangerous
775.0,0.05,0.1289,4,738.9467,DANGER,2,Dangerous
775.1,0.05,0.1288,4,739.042,DANGER,2,Dangerous
775.2,0.05,0.1288,4,739.1374,DANGER,2,Dangerous
775.3,0.05,0.1288,4,739.2327,DANGER,2,Dangerous
775.4,0.05,0.1288,4,739.3281,DANGER,2,Dangerous
775.5,0.05,0.1288,4,739.4234,DANGER,2,Dangerous
775.6,0.05,0.1288,4,739.5188,DANGER,2,Dangerous
775.7,0.05,0.1287,4,739.6141,DANGER,2,Dangerous
775.8,0.05,0.1287,4,739.7095,DANGER,2,Dangerous
775.9,0.05,0.1287,4,739.8048,DANGER,2,Dangerous
776.0,0.05,0.1287,4,739.9002,DANGER,2,Dangerous
776.1,0.05,0.1287,4,739.9955,DANGER,2,Dangerous
776.2,0.05,0.1287,4,740.0908,DANGER,2,Dangerous
776.3,0.05,0.1287,4,740.1862,DANGER,2,Dangerous
776.4,0.05,0.1286,4,740.2815,DANGER,2,Dangerous
776.5,0.05,0.1286,4,740.3769,DANGER,2,Dangerous
776.6,0.05,0.1286,4,740.4722,DANGER,2,Dangerous
776.7,0.05,0.1286,4,740.5676,DANGER,2,Dangerous
776.8,0.05,0.1286,4,740.6629,DANGER,2,Dangerous
776.9,0.05,0.1286,4,740.7583,DANGER,2,Dangerous
777.0,0.05,0.1285,4,740.8536,DANGER,2,Dangerous
777.1,0.05,0.1285,4,740.949,DANGER,2,Dangerous
777.2,0.05,0.1285,4,741.0443,DANGER,2,Dangerous
777.3,0.05,0.1285,4,741.1397,DANGER,2,Dangerous
777.4,0.05,0.1285,4,741.235,DANGER,2,Dangerous
777.5,0.05,0.1285,4,741.3304,DANGER,2,Dangerous
777.6,0.05,0.1284,4,741.4257,DANGER,2,Dangerous
777.7,0.05,0.1284,4,741.5211,DANGER,2,Dangerous
777.8,0.05,0.1284,4,741.6164,DANGER,2,Dangerous
777.9,0.05,0.1284,4,741.7118,DANGER,2,Dangerous
778.0,0.05,0.1284,4,741.8071,DANGER,2,Dangerous
778.1,0.05,0.1284,4,741.9025,DANGER,2,Dangerous
778.2,0.05,0.1283,4,741.9978,DANGER,2,Dangerous
778.3,0.05,0.1283,4,742.0932,DANGER,2,Dangerous
778.4,0.05,0.1283,4,742.1885,DANGER,2,Dangerous
778.5,0.05,0.1283,4,742.2838,DANGER,2,Dangerous
778.6,0.05,0.1283,4,742.3792,DANGER,2,Dangerous
778.7,0.05,0.1283,4,742.4745,DANGER,2,Dangerous
778.8,0.05,0.1282,4,742.5699,DANGER,2,Dangerous
778.9,0.05,0.1282,4,742.6652,DANGER,2,Dangerous
779.0,0.05,0.1282,4,742.7606,DANGER,2,Dangerous
779.1,0.05,0.1282,4,742.8559,DANGER,2,Dangerous
779.2,0.05,0.1282,4,742.9513,DANGER,2,Dangerous
779.3,0.05,0.1282,4,743.0466,DANGER,2,Dangerous
779.4,0.05,0.1281,4,743.142,DANGER,2,Dangerous
779.5,0.05,0.1281,4,743.2373,DANGER,2,Dangerous
779.6,0.05,0.1281,4,743.3327,DANGER,2,Dangerous
779.7,0.05,0.1281,4,743.428,DANGER,2,Dangerous
779.8,0.05,0.1281,4,743.5234,DANGER,2,Dangerous
779.9,0.05,0.1281,4,743.6187,DANGER,2,Dangerous
780.0,0.05,0.128,4,743.7141,DANGER,2,Dangerous
780.1,0.05,0.128,4,743.8094,DANGER,2,Dangerous
780.2,0.05,0.128,4,743.9048,DANGER,2,Dangerous
780.3,0.05,0.128,4,744.0001,DANGER,2,Dangerous
780.4,0.05,0.128,4,744.0955,DANGER,2,Dangerous
780.5,0.05,0.128,4,744.1908,DANGER,2,Dangerous
780.6,0.05,0.1279,4,744.2862,DANGER,2,Dangerous
780.7,0.05,0.1279,4,744.3815,DANGER,2,Dangerous
780.8,0.05,0.1279,4,744.4769,DANGER,2,Dangerous
780.9,0.05,0.1279,4,744.5722,DANGER,2,Dangerous
781.0,0.05,0.1279,4,744.6675,DANGER,2,Dangerous
781.1,0.05,0.1279,4,744.7629,DANGER,2,Dangerous
781.2,0.05,0.1278,4,744.8582,DANGER,2,Dangerous
781.3,0.05,0.1278,4,744.9536,DANGER,2,Dangerous
781.4,0.05,0.1278,4,745.0489,DANGER,2,Dangerous
781.5,0.05,0.1278,4,745.1443,DANGER,2,Dangerous
781.6,0.05,0.1278,4,745.2396,DANGER,2,Dangerous
781.7,0.05,0.1278,4,745.335,DANGER,2,Dangerous
781.8,0.05,0.1277,4,745.4303,DANGER,2,Dangerous
781.9,0.05,0.1277,4,745.5257,DANGER,2,Dangerous
782.0,0.05,0.1277,4,745.621,DANGER,2,Dangerous
782.1,0.05,0.1277,4,745.7164,DANGER,2,Dangerous
782.2,0.05,0.1277,4,745.8117,DANGER,2,Dangerous
782.3,0.05,0.1277,4,745.9071,DANGER,2,Dangerous
782.4,0.05,0.1276,4,746.0024,DANGER,2,Dangerous
782.5,0.05,0.1276,4,746.0978,DANGER,2,Dangerous
782.6,0.05,0.1276,4,746.1931,DANGER,2,Dangerous
782.7,0.05,0.1276,4,746.2885,DANGER,2,Dangerous
782.8,0.05,0.1276,4,746.3838,DANGER,2,Dangerous
782.9,0.05,0.1276,4,746.4792,DANGER,2,Dangerous
783.0,0.05,0.1276,4,746.5745,DANGER,2,Dangerous
783.1,0.05,0.1275,4,746.6699,DANGER,2,Dangerous
783.2,0.05,0.1275,4,746.7652,DANGER,2,Dangerous
783.3,0.05,0.1275,4,746.8606,DANGER,2,Dangerous
783.4,0.05,0.1275,4,746.9559,DANGER,2,Dangerous
783.5,0.05,0.1275,4,747.0512,DANGER,2,Dangerous
783.6,0.05,0.1275,4,747.1466,DANGER,2,Dangerous
783.7,0.05,0.1274,4,747.2419,DANGER,2,Dangerous
783.8,0.05,0.1274,4,747.3373,DANGER,2,Dangerous
783.9,0.05,0.1274,4,747.4326,DANGER,2,Dangerous
784.0,0.05,0.1274,4,747.528,DANGER,2,Dangerous
784.1,0.05,0.1274,4,747.6233,DANGER,2,Dangerous
784.2,0.05,0.1274,4,747.7187,DANGER,2,Dangerous
784.3,0.05,0.1273,4,747.814,DANGER,2,Dangerous
784.4,0.05,0.1273,4,747.9094,DANGER,2,Dangerous
784.5,0.05,0.1273,4,748.0047,DANGER,2,Dangerous
784.6,0.05,0.1273,4,748.1001,DANGER,2,Dangerous
784.7,0.05,0.1273,4,748.1954,DANGER,2,Dangerous
784.8,0.05,0.1273,4,748.2908,DANGER,2,Dangerous
784.9,0.05,0.1272,4,748.3861,DANGER,2,Dangerous
785.0,0.05,0.1272,4,748.4815,DANGER,2,Dangerous
785.1,0.05,0.1272,4,748.5768,DANGER,2,Dangerous
785.2,0.05,0.1272,4,748.6722,DANGER,2,Dangerous
785.3,0.05,0.1272,4,748.7675,DANGER,2,Dangerous
785.4,0.05,0.1272,4,748.8629,DANGER,2,Dangerous
785.5,0.05,0.1271,4,748.9582,DANGER,2,Dangerous
785.6,0.05,0.1271,4,749.0536,DANGER,2,Dangerous
785.7,0.05,0.1271,4,749.1489,DANGER,2,Dangerous
785.8,0.05,0.1271,4,749.2443,DANGER,2,Dangerous
785.9,0.05,0.1271,4,749.3396,DANGER,2,Dangerous
786.0,0.05,0.1271,4,749.4349,DANGER,2,Dangerous
786.1,0.05,0.127,4,749.5303,DANGER,2,Dangerous
786.2,0.05,0.127,4,749.6256,DANGER,2,Dangerous
786.3,0.05,0.127,4,749.721,DANGER,2,Dangerous
786.4,0.05,0.127,4,749.8163,DANGER,2,Dangerous
786.5,0.05,0.127,4,749.9117,DANGER,2,Dangerous
786.6,0.05,0.127,4,750.007,DANGER,2,Dangerous
786.7,0.05,0.127,4,750.1024,DANGER,2,Dangerous
786.8,0.05,0.1269,4,750.1977,DANGER,2,Dangerous
786.9,0.05,0.1269,4,750.2931,DANGER,2,Dangerous
787.0,0.05,0.1269,4,750.3884,DANGER,2,Dangerous
787.1,0.05,0.1269,4,750.4838,DANGER,2,Dangerous
787.2,0.05,0.1269,4,750.5791,DANGER,2,Dangerous
787.3,0.05,0.1269,4,750.6745,DANGER,2,Dangerous
787.4,0.05,0.1268,4,750.7698,DANGER,2,Dangerous
787.5,0.05,0.1268,4,750.8652,DANGER,2,Dangerous
787.6,0.05,0.1268,4,750.9605,DANGER,2,Dangerous
787.7,0.05,0.1268,4,751.0559,DANGER,2,Dangerous
787.8,0.05,0.1268,4,751.1512,DANGER,2,Dangerous
787.9,0.05,0.1268,4,751.2466,DANGER,2,Dangerous
788.0,0.05,0.1267,4,751.3419,DANGER,2,Dangerous
788.1,0.05,0.1267,4,751.4373,DANGER,2,Dangerous
788.2,0.05,0.1267,4,751.5326,DANGER,2,Dangerous
788.3,0.05,0.1267,4,751.6279,DANGER,2,Dangerous
788.4,0.05,0.1267,4,751.7233,DANGER,2,Dangerous
788.5,0.05,0.1267,4,751.8186,DANGER,2,Dangerous
788.6,0.05,0.1266,4,751.914,DANGER,2,Dangerous
788.7,0.05,0.1266,4,752.0093,DANGER,2,Dangerous
788.8,0.05,0.1266,4,752.1047,DANGER,2,Dangerous
788.9,0.05,0.1266,4,752.2,DANGER,2,Dangerous
789.0,0.05,0.1266,4,752.2954,DANGER,2,Dangerous
789.1,0.05,0.1266,4,752.3907,DANGER,2,Dangerous
789.2,0.05,0.1266,4,752.4861,DANGER,2,Dangerous
789.3,0.05,0.1265,4,752.5814,DANGER,2,Dangerous
789.4,0.05,0.1265,4,752.6768,DANGER,2,Dangerous
789.5,0.05,0.1265,4,752.7721,DANGER,2,Dangerous
789.6,0.05,0.1265,4,752.8675,DANGER,2,Dangerous
789.7,0.05,0.1265,4,752.9628,DANGER,2,Dangerous
789.8,0.05,0.1265,4,753.0582,DANGER,2,Dangerous
789.9,0.05,0.1264,4,753.1535,DANGER,2,Dangerous
790.0,0.05,0.1264,4,753.2489,DANGER,2,Dangerous
790.1,0.05,0.1264,4,753.3442,DANGER,2,Dangerous
790.2,0.05,0.1264,4,753.4396,DANGER,2,Dangerous
790.3,0.05,0.1264,4,753.5349,DANGER,2,Dangerous
790.4,0.05,0.1264,4,753.6303,DANGER,2,Dangerous
790.5,0.05,0.1263,4,753.7256,DANGER,2,Dangerous
790.6,0.05,0.1263,4,753.821,DANGER,2,Dangerous
790.7,0.05,0.1263,4,753.9163,DANGER,2,Dangerous
790.8,0.05,0.1263,4,754.0116,DANGER,2,Dangerous
790.9,0.05,0.1263,4,754.107,DANGER,2,Dangerous
791.0,0.05,0.1263,4,754.2023,DANGER,2,Dangerous
791.1,0.05,0.1262,4,754.2977,DANGER,2,Dangerous
791.2,0.05,0.1262,4,754.393,DANGER,2,Dangerous
791.3,0.05,0.1262,4,754.4884,DANGER,2,Dangerous
791.4,0.05,0.1262,4,754.5837,DANGER,2,Dangerous
791.5,0.05,0.1262,4,754.6791,DANGER,2,Dangerous
791.6,0.05,0.1262,4,754.7744,DANGER,2,Dangerous
791.7,0.05,0.1262,4,754.8698,DANGER,2,Dangerous
791.8,0.05,0.1261,4,754.9651,DANGER,2,Dangerous
791.9,0.05,0.1261,4,755.0605,DANGER,2,Dangerous
792.0,0.05,0.1261,4,755.1558,DANGER,2,Dangerous
792.1,0.05,0.1261,4,755.2512,DANGER,2,Dangerous
792.2,0.05,0.1261,4,755.3465,DANGER,2,Dangerous
792.3,0.05,0.1261,4,755.4419,DANGER,2,Dangerous
792.4,0.05,0.126,4,755.5372,DANGER,2,Dangerous
792.5,0.05,0.126,4,755.6326,DANGER,2,Dangerous
792.6,0.05,0.126,4,755.7279,DANGER,2,Dangerous
792.7,0.05,0.126,4,755.8233,DANGER,2,Dangerous
792.8,0.05,0.126,4,755.9186,DANGER,2,Dangerous
792.9,0.05,0.126,4,756.014,DANGER,2,Dangerous
793.0,0.05,0.1259,4,756.1093,DANGER,2,Dangerous
793.1,0.05,0.1259,4,756.2047,DANGER,2,Dangerous
793.2,0.05,0.1259,4,756.3,DANGER,2,Dangerous
793.3,0.05,0.1259,4,756.3953,DANGER,2,Dangerous
793.4,0.05,0.1259,4,756.4907,DANGER,2,Dangerous
793.5,0.05,0.1259,4,756.586,DANGER,2,Dangerous
793.6,0.05,0.1258,4,756.6814,DANGER,2,Dangerous
793.7,0.05,0.1258,4,756.7767,DANGER,2,Dangerous
793.8,0.05,0.1258,4,756.8721,DANGER,2,Dangerous
793.9,0.05,0.1258,4,756.9674,DANGER,2,Dangerous
794.0,0.05,0.1258,4,757.0628,DANGER,2,Dangerous
794.1,0.05,0.1258,4,757.1581,DANGER,2,Dangerous
794.2,0.05,0.1258,4,757.2535,DANGER,2,Dangerous
794.3,0.05,0.1257,4,757.3488,DANGER,2,Dangerous
794.4,0.05,0.1257,4,757.4442,DANGER,2,Dangerous
794.5,0.05,0.1257,4,757.5395,DANGER,2,Dangerous
794.6,0.05,0.1257,4,757.6349,DANGER,2,Dangerous
794.7,0.05,0.1257,4,757.7302,DANGER,2,Dangerous
794.8,0.05,0.1257,4,757.8256,DANGER,2,Dangerous
794.9,0.05,0.1256,4,757.9209,DANGER,2,Dangerous
795.0,0.05,0.1256,4,758.0163,DANGER,2,Dangerous
795.1,0.05,0.1256,4,758.1116,DANGER,2,Dangerous
795.2,0.05,0.1256,4,758.207,DANGER,2,Dangerous
795.3,0.05,0.1256,4,758.3023,DANGER,2,Dangerous
795.4,0.05,0.1256,4,758.3977,DANGER,2,Dangerous
795.5,0.05,0.1255,4,758.493,DANGER,2,Dangerous
795.6,0.05,0.1255,4,758.5883,DANGER,2,Dangerous
795.7,0.05,0.1255,4,758.6837,DANGER,2,Dangerous
795.8,0.05,0.1255,4,758.779,DANGER,2,Dangerous
795.9,0.05,0.1255,4,758.8744,DANGER,2,Dangerous
796.0,0.05,0.1255,4,758.9697,DANGER,2,Dangerous
796.1,0.05,0.1255,4,759.0651,DANGER,2,Dangerous
796.2,0.05,0.1254,4,759.1604,DANGER,2,Dangerous
796.3,0.05,0.1254,4,759.2558,DANGER,2,Dangerous
796.4,0.05,0.1254,4,759.3511,DANGER,2,Dangerous
796.5,0.05,0.1254,4,759.4465,DANGER,2,Dangerous
796.6,0.05,0.1254,4,759.5418,DANGER,2,Dangerous
796.7,0.05,0.1254,4,759.6372,DANGER,2,Dangerous
796.8,0.05,0.1253,4,759.7325,DANGER,2,Dangerous
796.9,0.05,0.1253,4,759.8279,DANGER,2,Dangerous
797.0,0.05,0.1253,4,759.9232,DANGER,2,Dangerous
797.1,0.05,0.1253,4,760.0186,DANGER,2,Dangerous
797.2,0.05,0.1253,4,760.1139,DANGER,2,Dangerous
797.3,0.05,0.1253,4,760.2093,DANGER,2,Dangerous
797.4,0.05,0.1253,4,760.3046,DANGER,2,Dangerous
797.5,0.05,0.1252,4,760.4,DANGER,2,Dangerous
797.6,0.05,0.1252,4,760.4953,DANGER,2,Dangerous
797.7,0.05,0.1252,4,760.5907,DANGER,2,Dangerous
797.8,0.05,0.1252,4,760.686,DANGER,2,Dangerous
797.9,0.05,0.1252,4,760.7814,DANGER,2,Dangerous
798.0,0.05,0.1252,4,760.8767,DANGER,2,Dangerous
798.1,0.05,0.1251,4,760.972,DANGER,2,Dangerous
798.2,0.05,0.1251,4,761.0674,DANGER,2,Dangerous
798.3,0.05,0.1251,4,761.1627,DANGER,2,Dangerous
798.4,0.05,0.1251,4,761.2581,DANGER,2,Dangerous
798.5,0.05,0.1251,4,761.3534,DANGER,2,Dangerous
798.6,0.05,0.1251,4,761.4488,DANGER,2,Dangerous
798.7,0.05,0.125,4,761.5441,DANGER,2,Dangerous
798.8,0.05,0.125,4,761.6395,DANGER,2,Dangerous
798.9,0.05,0.125,4,761.7348,DANGER,2,Dangerous
799.0,0.05,0.125,4,761.8302,DANGER,2,Dangerous
799.1,0.05,0.125,4,761.9255,DANGER,2,Dangerous
799.2,0.05,0.125,4,762.0209,DANGER,2,Dangerous
799.3,0.05,0.125,4,762.1162,DANGER,2,Dangerous
799.4,0.05,0.1249,4,762.2116,DANGER,2,Dangerous
799.5,0.05,0.1249,4,762.3069,DANGER,2,Dangerous
799.6,0.05,0.1249,4,762.4023,DANGER,2,Dangerous
799.7,0.05,0.1249,4,762.4976,DANGER,2,Dangerous
799.8,0.05,0.1249,4,762.593,DANGER,2,Dangerous
799.9,0.05,0.1249,4,762.6883,DANGER,2,Dangerous
800.0,0.05,0.1248,4,762.7837,DANGER,2,Dangerous
800.1,0.05,0.1248,4,762.879,DANGER,2,Dangerous
800.2,0.05,0.1248,4,762.9744,DANGER,2,Dangerous
800.3,0.05,0.1248,4,763.0697,DANGER,2,Dangerous
800.4,0.05,0.1248,4,763.1651,DANGER,2,Dangerous
800.5,0.05,0.1248,4,763.2604,DANGER,2,Dangerous
800.6,0.05,0.1248,4,763.3557,DANGER,2,Dangerous
800.7,0.05,0.1247,4,763.4511,DANGER,2,Dangerous
800.8,0.05,0.1247,4,763.5464,DANGER,2,Dangerous
800.9,0.05,0.1247,4,763.6418,DANGER,2,Dangerous
801.0,0.05,0.1247,4,763.7371,DANGER,2,Dangerous
801.1,0.05,0.1247,4,763.8325,DANGER,2,Dangerous
801.2,0.05,0.1247,4,763.9278,DANGER,2,Dangerous
801.3,0.05,0.1246,4,764.0232,DANGER,2,Dangerous
801.4,0.05,0.1246,4,764.1185,DANGER,2,Dangerous
801.5,0.05,0.1246,4,764.2139,DANGER,2,Dangerous
801.6,0.05,0.1246,4,764.3092,DANGER,2,Dangerous
801.7,0.05,0.1246,4,764.4046,DANGER,2,Dangerous
801.8,0.05,0.1246,4,764.4999,DANGER,2,Dangerous
801.9,0.05,0.1245,4,764.5953,DANGER,2,Dangerous
802.0,0.05,0.1245,4,764.6906,DANGER,2,Dangerous
802.1,0.05,0.1245,4,764.786,DANGER,2,Dangerous
802.2,0.05,0.1245,4,764.8813,DANGER,2,Dangerous
802.3,0.05,0.1245,4,764.9767,DANGER,2,Dangerous
802.4,0.05,0.1245,4,765.072,DANGER,2,Dangerous
802.5,0.05,0.1245,4,765.1674,DANGER,2,Dangerous
802.6,0.05,0.1244,4,765.2627,DANGER,2,Dangerous
802.7,0.05,0.1244,4,765.3581,DANGER,2,Dangerous
802.8,0.05,0.1244,4,765.4534,DANGER,2,Dangerous
802.9,0.05,0.1244,4,765.5488,DANGER,2,Dangerous
803.0,0.05,0.1244,4,765.6441,DANGER,2,Dangerous
803.1,0.05,0.1244,4,765.7394,DANGER,2,Dangerous
803.2,0.05,0.1243,4,765.8348,DANGER,2,Dangerous
803.3,0.05,0.1243,4,765.9301,DANGER,2,Dangerous
803.4,0.05,0.1243,4,766.0255,DANGER,2,Dangerous
803.5,0.05,0.1243,4,766.1208,DANGER,2,Dangerous
803.6,0.05,0.1243,4,766.2162,DANGER,2,Dangerous
803.7,0.05,0.1243,4,766.3115,DANGER,2,Dangerous
803.8,0.05,0.1243,4,766.4069,DANGER,2,Dangerous
803.9,0.05,0.1242,4,766.5022,DANGER,2,Dangerous
804.0,0.05,0.1242,4,766.5976,DANGER,2,Dangerous
804.1,0.05,0.1242,4,766.6929,DANGER,2,Dangerous
804.2,0.05,0.1242,4,766.7883,DANGER,2,Dangerous
804.3,0.05,0.1242,4,766.8836,DANGER,2,Dangerous
804.4,0.05,0.1242,4,766.979,DANGER,2,Dangerous
804.5,0.05,0.1241,4,767.0743,DANGER,2,Dangerous
804.6,0.05,0.1241,4,767.1697,DANGER,2,Dangerous
804.7,0.05,0.1241,4,767.265,DANGER,2,Dangerous
804.8,0.05,0.1241,4,767.3604,DANGER,2,Dangerous
804.9,0.05,0.1241,4,767.4557,DANGER,2,Dangerous
805.0,0.05,0.1241,4,767.5511,DANGER,2,Dangerous
805.1,0.05,0.1241,4,767.6464,DANGER,2,Dangerous
805.2,0.05,0.124,4,767.7418,DANGER,2,Dangerous
805.3,0.05,0.124,4,767.8371,DANGER,2,Dangerous
805.4,0.05,0.124,4,767.9324,DANGER,2,Dangerous
805.5,0.05,0.124,4,768.0278,DANGER,2,Dangerous
805.6,0.05,0.124,4,768.1231,DANGER,2,Dangerous
805.7,0.05,0.124,4,768.2185,DANGER,2,Dangerous
805.8,0.05,0.1239,4,768.3138,DANGER,2,Dangerous
805.9,0.05,0.1239,4,768.4092,DANGER,2,Dangerous
806.0,0.05,0.1239,4,768.5045,DANGER,2,Dangerous
806.1,0.05,0.1239,4,768.5999,DANGER,2,Dangerous
806.2,0.05,0.1239,4,768.6952,DANGER,2,Dangerous
806.3,0.05,0.1239,4,768.7906,DANGER,2,Dangerous
806.4,0.05,0.1239,4,768.8859,DANGER,2,Dangerous
806.5,0.05,0.1238,4,768.9813,DANGER,2,Dangerous
806.6,0.05,0.1238,4,769.0766,DANGER,2,Dangerous
806.7,0.05,0.1238,4,769.172,DANGER,2,Dangerous
806.8,0.05,0.1238,4,769.2673,DANGER,2,Dangerous
806.9,0.05,0.1238,4,769.3627,DANGER,2,Dangerous
807.0,0.05,0.1238,4,769.458,DANGER,2,Dangerous
807.1,0.05,0.1237,4,769.5534,DANGER,2,Dangerous
807.2,0.05,0.1237,4,769.6487,DANGER,2,Dangerous
807.3,0.05,0.1237,4,769.7441,DANGER,2,Dangerous
807.4,0.05,0.1237,4,769.8394,DANGER,2,Dangerous
807.5,0.05,0.1237,4,769.9348,DANGER,2,Dangerous
807.6,0.05,0.1237,4,770.0301,DANGER,2,Dangerous
807.7,0.05,0.1237,4,770.1255,DANGER,2,Dangerous
807.8,0.05,0.1236,4,770.2208,DANGER,2,Dangerous
807.9,0.05,0.1236,4,770.3161,DANGER,2,Dangerous
808.0,0.05,0.1236,4,770.4115,DANGER,2,Dangerous
808.1,0.05,0.1236,4,770.5068,DANGER,2,Dangerous
808.2,0.05,0.1236,4,770.6022,DANGER,2,Dangerous
808.3,0.05,0.1236,4,770.6975,DANGER,2,Dangerous
808.4,0.05,0.1235,4,770.7929,DANGER,2,Dangerous
808.5,0.05,0.1235,4,770.8882,DANGER,2,Dangerous
808.6,0.05,0.1235,4,770.9836,DANGER,2,Dangerous
808.7,0.05,0.1235,4,771.0789,DANGER,2,Dangerous
808.8,0.05,0.1235,4,771.1743,DANGER,2,Dangerous
808.9,0.05,0.1235,4,771.2696,DANGER,2,Dangerous
809.0,0.05,0.1235,4,771.365,DANGER,2,Dangerous
809.1,0.05,0.1234,4,771.4603,DANGER,2,Dangerous
809.2,0.05,0.1234,4,771.5557,DANGER,2,Dangerous
809.3,0.05,0.1234,4,771.651,DANGER,2,Dangerous
809.4,0.05,0.1234,4,771.7464,DANGER,2,Dangerous
809.5,0.05,0.1234,4,771.8417,DANGER,2,Dangerous
809.6,0.05,0.1234,4,771.9371,DANGER,2,Dangerous
809.7,0.05,0.1234,4,772.0324,DANGER,2,Dangerous
809.8,0.05,0.1233,4,772.1278,DANGER,2,Dangerous
809.9,0.05,0.1233,4,772.2231,DANGER,2,Dangerous
810.0,0.05,0.1233,4,772.3185,DANGER,2,Dangerous
810.1,0.05,0.1233,4,772.4138,DANGER,2,Dangerous
810.2,0.05,0.1233,4,772.5092,DANGER,2,Dangerous
810.3,0.05,0.1233,4,772.6045,DANGER,2,Dangerous
810.4,0.05,0.1232,4,772.6998,DANGER,2,Dangerous
810.5,0.05,0.1232,4,772.7952,DANGER,2,Dangerous
810.6,0.05,0.1232,4,772.8905,DANGER,2,Dangerous
810.7,0.05,0.1232,4,772.9859,DANGER,2,Dangerous
810.8,0.05,0.1232,4,773.0812,DANGER,2,Dangerous
810.9,0.05,0.1232,4,773.1766,DANGER,2,Dangerous
811.0,0.05,0.1232,4,773.2719,DANGER,2,Dangerous
811.1,0.05,0.1231,4,773.3673,DANGER,2,Dangerous
811.2,0.05,0.1231,4,773.4626,DANGER,2,Dangerous
811.3,0.05,0.1231,4,773.558,DANGER,2,Dangerous
811.4,0.05,0.1231,4,773.6533,DANGER,2,Dangerous
811.5,0.05,0.1231,4,773.7487,DANGER,2,Dangerous
811.6,0.05,0.1231,4,773.844,DANGER,2,Dangerous
811.7,0.05,0.123,4,773.9394,DANGER,2,Dangerous
811.8,0.05,0.123,4,774.0347,DANGER,2,Dangerous
811.9,0.05,0.123,4,774.1301,DANGER,2,Dangerous
812.0,0.05,0.123,4,774.2254,DANGER,2,Dangerous
812.1,0.05,0.123,4,774.3208,DANGER,2,Dangerous
812.2,0.05,0.123,4,774.4161,DANGER,2,Dangerous
812.3,0.05,0.123,4,774.5115,DANGER,2,Dangerous
812.4,0.05,0.1229,4,774.6068,DANGER,2,Dangerous
812.5,0.05,0.1229,4,774.7022,DANGER,2,Dangerous
812.6,0.05,0.1229,4,774.7975,DANGER,2,Dangerous
812.7,0.05,0.1229,4,774.8929,DANGER,2,Dangerous
812.8,0.05,0.1229,4,774.9882,DANGER,2,Dangerous
812.9,0.05,0.1229,4,775.0835,DANGER,2,Dangerous
813.0,0.05,0.1229,4,775.1789,DANGER,2,Dangerous
813.1,0.05,0.1228,4,775.2742,DANGER,2,Dangerous
813.2,0.05,0.1228,4,775.3696,DANGER,2,Dangerous
813.3,0.05,0.1228,4,775.4649,DANGER,2,Dangerous
813.4,0.05,0.1228,4,775.5603,DANGER,2,Dangerous
813.5,0.05,0.1228,4,775.6556,DANGER,2,Dangerous
813.6,0.05,0.1228,4,775.751,DANGER,2,Dangerous
813.7,0.05,0.1227,4,775.8463,DANGER,2,Dangerous
813.8,0.05,0.1227,4,775.9417,DANGER,2,Dangerous
813.9,0.05,0.1227,4,776.037,DANGER,2,Dangerous
814.0,0.05,0.1227,4,776.1324,DANGER,2,Dangerous
814.1,0.05,0.1227,4,776.2277,DANGER,2,Dangerous
814.2,0.05,0.1227,4,776.3231,DANGER,2,Dangerous
814.3,0.05,0.1227,4,776.4184,DANGER,2,Dangerous
814.4,0.05,0.1226,4,776.5138,DANGER,2,Dangerous
814.5,0.05,0.1226,4,776.6091,DANGER,2,Dangerous
814.6,0.05,0.1226,4,776.7045,DANGER,2,Dangerous
814.7,0.05,0.1226,4,776.7998,DANGER,2,Dangerous
814.8,0.05,0.1226,4,776.8952,DANGER,2,Dangerous
814.9,0.05,0.1226,4,776.9905,DANGER,2,Dangerous
815.0,0.05,0.1225,4,777.0859,DANGER,2,Dangerous
815.1,0.05,0.1225,4,777.1812,DANGER,2,Dangerous
815.2,0.05,0.1225,4,777.2765,DANGER,2,Dangerous
815.3,0.05,0.1225,4,777.3719,DANGER,2,Dangerous
815.4,0.05,0.1225,4,777.4672,DANGER,2,Dangerous
815.5,0.05,0.1225,4,777.5626,DANGER,2,Dangerous
815.6,0.05,0.1225,4,777.6579,DANGER,2,Dangerous
815.7,0.05,0.1224,4,777.7533,DANGER,2,Dangerous
815.8,0.05,0.1224,4,777.8486,DANGER,2,Dangerous
815.9,0.05,0.1224,4,777.944,DANGER,2,Dangerous
816.0,0.05,0.1224,4,778.0393,DANGER,2,Dangerous
816.1,0.05,0.1224,4,778.1347,DANGER,2,Dangerous
816.2,0.05,0.1224,4,778.23,DANGER,2,Dangerous
816.3,0.05,0.1224,4,778.3254,DANGER,2,Dangerous
816.4,0.05,0.1223,4,778.4207,DANGER,2,Dangerous
816.5,0.05,0.1223,4,778.5161,DANGER,2,Dangerous
816.6,0.05,0.1223,4,778.6114,DANGER,2,Dangerous
816.7,0.05,0.1223,4,778.7068,DANGER,2,Dangerous
816.8,0.05,0.1223,4,778.8021,DANGER,2,Dangerous
816.9,0.05,0.1223,4,778.8975,DANGER,2,Dangerous
817.0,0.05,0.1222,4,778.9928,DANGER,2,Dangerous
817.1,0.05,0.1222,4,779.0882,DANGER,2,Dangerous
817.2,0.05,0.1222,4,779.1835,DANGER,2,Dangerous
817.3,0.05,0.1222,4,779.2789,DANGER,2,Dangerous
817.4,0.05,0.1222,4,779.3742,DANGER,2,Dangerous
817.5,0.05,0.1222,4,779.4696,DANGER,2,Dangerous
817.6,0.05,0.1222,4,779.5649,DANGER,2,Dangerous
817.7,0.05,0.1221,4,779.6602,DANGER,2,Dangerous
817.8,0.05,0.1221,4,779.7556,DANGER,2,Dangerous
817.9,0.05,0.1221,4,779.8509,DANGER,2,Dangerous
818.0,0.05,0.1221,4,779.9463,DANGER,2,Dangerous
818.1,0.05,0.1221,4,780.0416,DANGER,2,Dangerous
818.2,0.05,0.1221,4,780.137,DANGER,2,Dangerous
818.3,0.05,0.1221,4,780.2323,DANGER,2,Dangerous
818.4,0.05,0.122,4,780.3277,DANGER,2,Dangerous
818.5,0.05,0.122,4,780.423,DANGER,2,Dangerous
818.6,0.05,0.122,4,780.5184,DANGER,2,Dangerous
818.7,0.05,0.122,4,780.6137,DANGER,2,Dangerous
818.8,0.05,0.122,4,780.7091,DANGER,2,Dangerous
818.9,0.05,0.122,4,780.8044,DANGER,2,Dangerous
819.0,0.05,0.122,4,780.8998,DANGER,2,Dangerous
819.1,0.05,0.1219,4,780.9951,DANGER,2,Dangerous
819.2,0.05,0.1219,4,781.0905,DANGER,2,Dangerous
819.3,0.05,0.1219,4,781.1858,DANGER,2,Dangerous
819.4,0.05,0.1219,4,781.2812,DANGER,2,Dangerous
819.5,0.05,0.1219,4,781.3765,DANGER,2,Dangerous
819.6,0.05,0.1219,4,781.4719,DANGER,2,Dangerous
819.7,0.05,0.1218,4,781.5672,DANGER,2,Dangerous
819.8,0.05,0.1218,4,781.6626,DANGER,2,Dangerous
819.9,0.05,0.1218,4,781.7579,DANGER,2,Dangerous
820.0,0.05,0.1218,4,781.8533,DANGER,2,Dangerous
820.1,0.05,0.1218,4,781.9486,DANGER,2,Dangerous
820.2,0.05,0.1218,4,782.0439,DANGER,2,Dangerous
820.3,0.05,0.1218,4,782.1393,DANGER,2,Dangerous
820.4,0.05,0.1217,4,782.2346,DANGER,2,Dangerous
820.5,0.05,0.1217,4,782.33,DANGER,2,Dangerous
820.6,0.05,0.1217,4,782.4253,DANGER,2,Dangerous
820.7,0.05,0.1217,4,782.5207,DANGER,2,Dangerous
820.8,0.05,0.1217,4,782.616,DANGER,2,Dangerous
820.9,0.05,0.1217,4,782.7114,DANGER,2,Dangerous
821.0,0.05,0.1217,4,782.8067,DANGER,2,Dangerous
821.1,0.05,0.1216,4,782.9021,DANGER,2,Dangerous
821.2,0.05,0.1216,4,782.9974,DANGER,2,Dangerous
821.3,0.05,0.1216,4,783.0928,DANGER,2,Dangerous
821.4,0.05,0.1216,4,783.1881,DANGER,2,Dangerous
821.5,0.05,0.1216,4,783.2835,DANGER,2,Dangerous
821.6,0.05,0.1216,4,783.3788,DANGER,2,Dangerous
821.7,0.05,0.1216,4,783.4742,DANGER,2,Dangerous
821.8,0.05,0.1215,4,783.5695,DANGER,2,Dangerous
821.9,0.05,0.1215,4,783.6649,DANGER,2,Dangerous
822.0,0.05,0.1215,4,783.7602,DANGER,2,Dangerous
822.1,0.05,0.1215,4,783.8556,DANGER,2,Dangerous
822.2,0.05,0.1215,4,783.9509,DANGER,2,Dangerous
822.3,0.05,0.1215,4,784.0463,DANGER,2,Dangerous
822.4,0.05,0.1214,4,784.1416,DANGER,2,Dangerous
822.5,0.05,0.1214,4,784.237,DANGER,2,Dangerous
822.6,0.05,0.1214,4,784.3323,DANGER,2,Dangerous
822.7,0.05,0.1214,4,784.4276,DANGER,2,Dangerous
822.8,0.05,0.1214,4,784.523,DANGER,2,Dangerous
822.9,0.05,0.1214,4,784.6183,DANGER,2,Dangerous
823.0,0.05,0.1214,4,784.7137,DANGER,2,Dangerous
823.1,0.05,0.1213,4,784.809,DANGER,2,Dangerous
823.2,0.05,0.1213,4,784.9044,DANGER,2,Dangerous
823.3,0.05,0.1213,4,784.9997,DANGER,2,Dangerous
823.4,0.05,0.1213,4,785.0951,DANGER,2,Dangerous
823.5,0.05,0.1213,4,785.1904,DANGER,2,Dangerous
823.6,0.05,0.1213,4,785.2858,DANGER,2,Dangerous
823.7,0.05,0.1213,4,785.3811,DANGER,2,Dangerous
823.8,0.05,0.1212,4,785.4765,DANGER,2,Dangerous
823.9,0.05,0.1212,4,785.5718,DANGER,2,Dangerous
824.0,0.05,0.1212,4,785.6672,DANGER,2,Dangerous
824.1,0.05,0.1212,4,785.7625,DANGER,2,Dangerous
824.2,0.05,0.1212,4,785.8579,DANGER,2,Dangerous
824.3,0.05,0.1212,4,785.9532,DANGER,2,Dangerous
824.4,0.05,0.1212,4,786.0486,DANGER,2,Dangerous
824.5,0.05,0.1211,4,786.1439,DANGER,2,Dangerous
824.6,0.05,0.1211,4,786.2393,DANGER,2,Dangerous
824.7,0.05,0.1211,4,786.3346,DANGER,2,Dangerous
824.8,0.05,0.1211,4,786.43,DANGER,2,Dangerous
824.9,0.05,0.1211,4,786.5253,DANGER,2,Dangerous
825.0,0.05,0.1211,4,786.6206,DANGER,2,Dangerous
825.1,0.05,0.1211,4,786.716,DANGER,2,Dangerous
825.2,0.05,0.121,4,786.8113,DANGER,2,Dangerous
825.3,0.05,0.121,4,786.9067,DANGER,2,Dangerous
825.4,0.05,0.121,4,787.002,DANGER,2,Dangerous
825.5,0.05,0.121,4,787.0974,DANGER,2,Dangerous
825.6,0.05,0.121,4,787.1927,DANGER,2,Dangerous
825.7,0.05,0.121,4,787.2881,DANGER,2,Dangerous
825.8,0.05,0.1209,4,787.3834,DANGER,2,Dangerous
825.9,0.05,0.1209,4,787.4788,DANGER,2,Dangerous
826.0,0.05,0.1209,4,787.5741,DANGER,2,Dangerous
826.1,0.05,0.1209,4,787.6695,DANGER,2,Dangerous
826.2,0.05,0.1209,4,787.7648,DANGER,2,Dangerous
826.3,0.05,0.1209,4,787.8602,DANGER,2,Dangerous
826.4,0.05,0.1209,4,787.9555,DANGER,2,Dangerous
826.5,0.05,0.1208,4,788.0509,DANGER,2,Dangerous
826.6,0.05,0.1208,4,788.1462,DANGER,2,Dangerous
826.7,0.05,0.1208,4,788.2416,DANGER,2,Dangerous
826.8,0.05,0.1208,4,788.3369,DANGER,2,Dangerous
826.9,0.05,0.1208,4,788.4323,DANGER,2,Dangerous
827.0,0.05,0.1208,4,788.5276,DANGER,2,Dangerous
827.1,0.05,0.1208,4,788.623,DANGER,2,Dangerous
827.2,0.05,0.1207,4,788.7183,DANGER,2,Dangerous
827.3,0.05,0.1207,4,788.8137,DANGER,2,Dangerous
827.4,0.05,0.1207,4,788.909,DANGER,2,Dangerous
827.5,0.05,0.1207,4,789.0043,DANGER,2,Dangerous
827.6,0.05,0.1207,4,789.0997,DANGER,2,Dangerous
827.7,0.05,0.1207,4,789.195,DANGER,2,Dangerous
827.8,0.05,0.1207,4,789.2904,DANGER,2,Dangerous
827.9,0.05,0.1206,4,789.3857,DANGER,2,Dangerous
828.0,0.05,0.1206,4,789.4811,DANGER,2,Dangerous
828.1,0.05,0.1206,4,789.5764,DANGER,2,Dangerous
828.2,0.05,0.1206,4,789.6718,DANGER,2,Dangerous
828.3,0.05,0.1206,4,789.7671,DANGER,2,Dangerous
828.4,0.05,0.1206,4,789.8625,DANGER,2,Dangerous
828.5,0.05,0.1206,4,789.9578,DANGER,2,Dangerous
828.6,0.05,0.1205,4,790.0532,DANGER,2,Dangerous
828.7,0.05,0.1205,4,790.1485,DANGER,2,Dangerous
828.8,0.05,0.1205,4,790.2439,DANGER,2,Dangerous
828.9,0.05,0.1205,4,790.3392,DANGER,2,Dangerous
829.0,0.05,0.1205,4,790.4346,DANGER,2,Dangerous
829.1,0.05,0.1205,4,790.5299,DANGER,2,Dangerous
829.2,0.05,0.1205,4,790.6253,DANGER,2,Dangerous
829.3,0.05,0.1204,4,790.7206,DANGER,2,Dangerous
829.4,0.05,0.1204,4,790.816,DANGER,2,Dangerous
829.5,0.05,0.1204,4,790.9113,DANGER,2,Dangerous
829.6,0.05,0.1204,4,791.0067,DANGER,2,Dangerous
829.7,0.05,0.1204,4,791.102,DANGER,2,Dangerous
829.8,0.05,0.1204,4,791.1974,DANGER,2,Dangerous
829.9,0.05,0.1204,4,791.2927,DANGER,2,Dangerous
830.0,0.05,0.1203,4,791.388,DANGER,2,Dangerous
830.1,0.05,0.1203,4,791.4834,DANGER,2,Dangerous
830.2,0.05,0.1203,4,791.5787,DANGER,2,Dangerous
830.3,0.05,0.1203,4,791.6741,DANGER,2,Dangerous
830.4,0.05,0.1203,4,791.7694,DANGER,2,Dangerous
830.5,0.05,0.1203,4,791.8648,DANGER,2,Dangerous
830.6,0.05,0.1203,4,791.9601,DANGER,2,Dangerous
830.7,0.05,0.1202,4,792.0555,DANGER,2,Dangerous
830.8,0.05,0.1202,4,792.1508,DANGER,2,Dangerous
830.9,0.05,0.1202,4,792.2462,DANGER,2,Dangerous
831.0,0.05,0.1202,4,792.3415,DANGER,2,Dangerous
831.1,0.05,0.1202,4,792.4369,DANGER,2,Dangerous
831.2,0.05,0.1202,4,792.5322,DANGER,2,Dangerous
831.3,0.05,0.1201,4,792.6276,DANGER,2,Dangerous
831.4,0.05,0.1201,4,792.7229,DANGER,2,Dangerous
831.5,0.05,0.1201,4,792.8183,DANGER,2,Dangerous
831.6,0.05,0.1201,4,792.9136,DANGER,2,Dangerous
831.7,0.05,0.1201,4,793.009,DANGER,2,Dangerous
831.8,0.05,0.1201,4,793.1043,DANGER,2,Dangerous
831.9,0.05,0.1201,4,793.1997,DANGER,2,Dangerous
832.0,0.05,0.12,4,793.295,DANGER,2,Dangerous
832.1,0.05,0.12,4,793.3904,DANGER,2,Dangerous
832.2,0.05,0.12,4,793.4857,DANGER,2,Dangerous
832.3,0.05,0.12,4,793.5811,DANGER,2,Dangerous
832.4,0.05,0.12,4,793.6764,DANGER,2,Dangerous
832.5,0.05,0.12,4,793.7717,DANGER,2,Dangerous
832.6,0.05,0.12,4,793.8671,DANGER,2,Dangerous
832.7,0.05,0.1199,4,793.9624,DANGER,2,Dangerous
832.8,0.05,0.1199,4,794.0578,DANGER,2,Dangerous
832.9,0.05,0.1199,4,794.1531,DANGER,2,Dangerous
833.0,0.05,0.1199,4,794.2485,DANGER,2,Dangerous
833.1,0.05,0.1199,4,794.3438,DANGER,2,Dangerous
833.2,0.05,0.1199,4,794.4392,DANGER,2,Dangerous
833.3,0.05,0.1199,4,794.5345,DANGER,2,Dangerous
833.4,0.05,0.1198,4,794.6299,DANGER,2,Dangerous
833.5,0.05,0.1198,4,794.7252,DANGER,2,Dangerous
833.6,0.05,0.1198,4,794.8206,DANGER,2,Dangerous
833.7,0.05,0.1198,4,794.9159,DANGER,2,Dangerous
833.8,0.05,0.1198,4,795.0113,DANGER,2,Dangerous
833.9,0.05,0.1198,4,795.1066,DANGER,2,Dangerous
834.0,0.05,0.1198,4,795.202,DANGER,2,Dangerous
834.1,0.05,0.1197,4,795.2973,DANGER,2,Dangerous
834.2,0.05,0.1197,4,795.3927,DANGER,2,Dangerous
834.3,0.05,0.1197,4,795.488,DANGER,2,Dangerous
834.4,0.05,0.1197,4,795.5834,DANGER,2,Dangerous
834.5,0.05,0.1197,4,795.6787,DANGER,2,Dangerous
834.6,0.04,0.1197,4,803.1018,DANGER,2,Dangerous
834.7,0.04,0.1197,4,803.198,DANGER,2,Dangerous
834.8,0.04,0.1196,4,803.2942,DANGER,2,Dangerous
834.9,0.04,0.1196,4,803.3905,DANGER,2,Dangerous
835.0,0.04,0.1196,4,803.4867,DANGER,2,Dangerous
835.1,0.04,0.1196,4,803.5829,DANGER,2,Dangerous
835.2,0.04,0.1196,4,803.6791,DANGER,2,Dangerous
835.3,0.04,0.1196,4,803.7754,DANGER,2,Dangerous
835.4,0.04,0.1196,4,803.8716,DANGER,2,Dangerous
835.5,0.04,0.1195,4,803.9678,DANGER,2,Dangerous
835.6,0.04,0.1195,4,804.064,DANGER,2,Dangerous
835.7,0.04,0.1195,4,804.1603,DANGER,2,Dangerous
835.8,0.04,0.1195,4,804.2565,DANGER,2,Dangerous
835.9,0.04,0.1195,4,804.3527,DANGER,2,Dangerous
836.0,0.04,0.1195,4,804.4489,DANGER,2,Dangerous
836.1,0.04,0.1195,4,804.5452,DANGER,2,Dangerous
836.2,0.04,0.1194,4,804.6414,DANGER,2,Dangerous
836.3,0.04,0.1194,4,804.7376,DANGER,2,Dangerous
836.4,0.04,0.1194,4,804.8338,DANGER,2,Dangerous
836.5,0.04,0.1194,4,804.9301,DANGER,2,Dangerous
836.6,0.04,0.1194,4,805.0263,DANGER,2,Dangerous
836.7,0.04,0.1194,4,805.1225,DANGER,2,Dangerous
836.8,0.04,0.1194,4,805.2187,DANGER,2,Dangerous
836.9,0.04,0.1193,4,805.315,DANGER,2,Dangerous
837.0,0.04,0.1193,4,805.4112,DANGER,2,Dangerous
837.1,0.04,0.1193,4,805.5074,DANGER,2,Dangerous
837.2,0.04,0.1193,4,805.6037,DANGER,2,Dangerous
837.3,0.04,0.1193,4,805.6999,DANGER,2,Dangerous
837.4,0.04,0.1193,4,805.7961,DANGER,2,Dangerous
837.5,0.04,0.1193,4,805.8923,DANGER,2,Dangerous
837.6,0.04,0.1192,4,805.9886,DANGER,2,Dangerous
837.7,0.04,0.1192,4,806.0848,DANGER,2,Dangerous
837.8,0.04,0.1192,4,806.181,DANGER,2,Dangerous
837.9,0.04,0.1192,4,806.2772,DANGER,2,Dangerous
838.0,0.04,0.1192,4,806.3735,DANGER,2,Dangerous
838.1,0.04,0.1192,4,806.4697,DANGER,2,Dangerous
838.2,0.04,0.1192,4,806.5659,DANGER,2,Dangerous
838.3,0.04,0.1191,4,806.6621,DANGER,2,Dangerous
838.4,0.04,0.1191,4,806.7584,DANGER,2,Dangerous
838.5,0.04,0.1191,4,806.8546,DANGER,2,Dangerous
838.6,0.04,0.1191,4,806.9508,DANGER,2,Dangerous
838.7,0.04,0.1191,4,807.047,DANGER,2,Dangerous
838.8,0.04,0.1191,4,807.1433,DANGER,2,Dangerous
838.9,0.04,0.1191,4,807.2395,DANGER,2,Dangerous
839.0,0.04,0.119,4,807.3357,DANGER,2,Dangerous
839.1,0.04,0.119,4,807.4319,DANGER,2,Dangerous
839.2,0.04,0.119,4,807.5282,DANGER,2,Dangerous
839.3,0.04,0.119,4,807.6244,DANGER,2,Dangerous
839.4,0.04,0.119,4,807.7206,DANGER,2,Dangerous
839.5,0.04,0.119,4,807.8168,DANGER,2,Dangerous
839.6,0.04,0.119,4,807.9131,DANGER,2,Dangerous
839.7,0.04,0.1189,4,808.0093,DANGER,2,Dangerous
839.8,0.04,0.1189,4,808.1055,DANGER,2,Dangerous
839.9,0.04,0.1189,4,808.2018,DANGER,2,Dangerous
840.0,0.04,0.1189,4,808.298,DANGER,2,Dangerous
840.1,0.04,0.1189,4,808.3942,DANGER,2,Dangerous
840.2,0.04,0.1189,4,808.4904,DANGER,2,Dangerous
840.3,0.04,0.1189,4,808.5867,DANGER,2,Dangerous
840.4,0.04,0.1188,4,808.6829,DANGER,2,Dangerous
840.5,0.04,0.1188,4,808.7791,DANGER,2,Dangerous
840.6,0.04,0.1188,4,808.8753,DANGER,2,Dangerous
840.7,0.04,0.1188,4,808.9716,DANGER,2,Dangerous
840.8,0.04,0.1188,4,809.0678,DANGER,2,Dangerous
840.9,0.04,0.1188,4,809.164,DANGER,2,Dangerous
841.0,0.04,0.1188,4,809.2602,DANGER,2,Dangerous
841.1,0.04,0.1188,4,809.3565,DANGER,2,Dangerous
841.2,0.04,0.1187,4,809.4527,DANGER,2,Dangerous
841.3,0.04,0.1187,4,809.5489,DANGER,2,Dangerous
841.4,0.04,0.1187,4,809.6451,DANGER,2,Dangerous
841.5,0.04,0.1187,4,809.7414,DANGER,2,Dangerous
841.6,0.04,0.1187,4,809.8376,DANGER,2,Dangerous
841.7,0.04,0.1187,4,809.9338,DANGER,2,Dangerous
841.8,0.04,0.1187,4,810.03,DANGER,2,Dangerous
841.9,0.04,0.1186,4,810.1263,DANGER,2,Dangerous
842.0,0.04,0.1186,4,810.2225,DANGER,2,Dangerous
842.1,0.04,0.1186,4,810.3187,DANGER,2,Dangerous
842.2,0.04,0.1186,4,810.4149,DANGER,2,Dangerous
842.3,0.04,0.1186,4,810.5112,DANGER,2,Dangerous
842.4,0.04,0.1186,4,810.6074,DANGER,2,Dangerous
842.5,0.04,0.1186,4,810.7036,DANGER,2,Dangerous
842.6,0.04,0.1185,4,810.7999,DANGER,2,Dangerous
842.7,0.04,0.1185,4,810.8961,DANGER,2,Dangerous
842.8,0.04,0.1185,4,810.9923,DANGER,2,Dangerous
842.9,0.04,0.1185,4,811.0885,DANGER,2,Dangerous
843.0,0.04,0.1185,4,811.1848,DANGER,2,Dangerous
843.1,0.04,0.1185,4,811.281,DANGER,2,Dangerous
843.2,0.04,0.1185,4,811.3772,DANGER,2,Dangerous
843.3,0.04,0.1184,4,811.4734,DANGER,2,Dangerous
843.4,0.04,0.1184,4,811.5697,DANGER,2,Dangerous
843.5,0.04,0.1184,4,811.6659,DANGER,2,Dangerous
843.6,0.04,0.1184,4,811.7621,DANGER,2,Dangerous
843.7,0.04,0.1184,4,811.8583,DANGER,2,Dangerous
843.8,0.04,0.1184,4,811.9546,DANGER,2,Dangerous
843.9,0.04,0.1184,4,812.0508,DANGER,2,Dangerous
844.0,0.04,0.1183,4,812.147,DANGER,2,Dangerous
844.1,0.04,0.1183,4,812.2432,DANGER,2,Dangerous
844.2,0.04,0.1183,4,812.3395,DANGER,2,Dangerous
844.3,0.04,0.1183,4,812.4357,DANGER,2,Dangerous
844.4,0.04,0.1183,4,812.5319,DANGER,2,Dangerous
844.5,0.04,0.1183,4,812.6281,DANGER,2,Dangerous
844.6,0.04,0.1183,4,812.7244,DANGER,2,Dangerous
844.7,0.04,0.1182,4,812.8206,DANGER,2,Dangerous
844.8,0.04,0.1182,4,812.9168,DANGER,2,Dangerous
844.9,0.04,0.1182,4,813.013,DANGER,2,Dangerous
845.0,0.04,0.1182,4,813.1093,DANGER,2,Dangerous
845.1,0.04,0.1182,4,813.2055,DANGER,2,Dangerous
845.2,0.04,0.1182,4,813.3017,DANGER,2,Dangerous
845.3,0.04,0.1182,4,813.398,DANGER,2,Dangerous
845.4,0.04,0.1181,4,813.4942,DANGER,2,Dangerous
845.5,0.04,0.1181,4,813.5904,DANGER,2,Dangerous
845.6,0.04,0.1181,4,813.6866,DANGER,2,Dangerous
845.7,0.04,0.1181,4,813.7829,DANGER,2,Dangerous
845.8,0.04,0.1181,4,813.8791,DANGER,2,Dangerous
845.9,0.04,0.1181,4,813.9753,DANGER,2,Dangerous
846.0,0.04,0.1181,4,814.0715,DANGER,2,Dangerous
846.1,0.04,0.118,4,814.1678,DANGER,2,Dangerous
846.2,0.04,0.118,4,814.264,DANGER,2,Dangerous
846.3,0.04,0.118,4,814.3602,DANGER,2,Dangerous
846.4,0.04,0.118,4,814.4564,DANGER,2,Dangerous
846.5,0.04,0.118,4,814.5527,DANGER,2,Dangerous
846.6,0.04,0.118,4,814.6489,DANGER,2,Dangerous
846.7,0.04,0.118,4,814.7451,DANGER,2,Dangerous
846.8,0.04,0.118,4,814.8413,DANGER,2,Dangerous
846.9,0.04,0.1179,4,814.9376,DANGER,2,Dangerous
847.0,0.04,0.1179,4,815.0338,DANGER,2,Dangerous
847.1,0.04,0.1179,4,815.13,DANGER,2,Dangerous
847.2,0.04,0.1179,4,815.2262,DANGER,2,Dangerous
847.3,0.04,0.1179,4,815.3225,DANGER,2,Dangerous
847.4,0.04,0.1179,4,815.4187,DANGER,2,Dangerous
847.5,0.04,0.1179,4,815.5149,DANGER,2,Dangerous
847.6,0.04,0.1178,4,815.6111,DANGER,2,Dangerous
847.7,0.04,0.1178,4,815.7074,DANGER,2,Dangerous
847.8,0.04,0.1178,4,815.8036,DANGER,2,Dangerous
847.9,0.04,0.1178,4,815.8998,DANGER,2,Dangerous
848.0,0.04,0.1178,4,815.9961,DANGER,2,Dangerous
848.1,0.04,0.1178,4,816.0923,DANGER,2,Dangerous
848.2,0.04,0.1178,4,816.1885,DANGER,2,Dangerous
848.3,0.04,0.1177,4,816.2847,DANGER,2,Dangerous
848.4,0.04,0.1177,4,816.381,DANGER,2,Dangerous
848.5,0.04,0.1177,4,816.4772,DANGER,2,Dangerous
848.6,0.04,0.1177,4,816.5734,DANGER,2,Dangerous
848.7,0.04,0.1177,4,816.6696,DANGER,2,Dangerous
848.8,0.04,0.1177,4,816.7659,DANGER,2,Dangerous
848.9,0.04,0.1177,4,816.8621,DANGER,2,Dangerous
849.0,0.04,0.1176,4,816.9583,DANGER,2,Dangerous
849.1,0.04,0.1176,4,817.0545,DANGER,2,Dangerous
849.2,0.04,0.1176,4,817.1508,DANGER,2,Dangerous
849.3,0.04,0.1176,4,817.247,DANGER,2,Dangerous
849.4,0.04,0.1176,4,817.3432,DANGER,2,Dangerous
849.5,0.04,0.1176,4,817.4394,DANGER,2,Dangerous
849.6,0.04,0.1176,4,817.5357,DANGER,2,Dangerous
849.7,0.04,0.1176,4,817.6319,DANGER,2,Dangerous
849.8,0.04,0.1175,4,817.7281,DANGER,2,Dangerous
849.9,0.04,0.1175,4,817.8243,DANGER,2,Dangerous
850.0,0.04,0.1175,4,817.9206,DANGER,2,Dangerous
850.1,0.04,0.1175,4,818.0168,DANGER,2,Dangerous
850.2,0.04,0.1175,4,818.113,DANGER,2,Dangerous
850.3,0.04,0.1175,4,818.2092,DANGER,2,Dangerous
850.4,0.04,0.1175,4,818.3055,DANGER,2,Dangerous
850.5,0.04,0.1174,4,818.4017,DANGER,2,Dangerous
850.6,0.04,0.1174,4,818.4979,DANGER,2,Dangerous
850.7,0.04,0.1174,4,818.5942,DANGER,2,Dangerous
850.8,0.04,0.1174,4,818.6904,DANGER,2,Dangerous
850.9,0.04,0.1174,4,818.7866,DANGER,2,Dangerous
851.0,0.04,0.1174,4,818.8828,DANGER,2,Dangerous
851.1,0.04,0.1174,4,818.9791,DANGER,2,Dangerous
851.2,0.04,0.1173,4,819.0753,DANGER,2,Dangerous
851.3,0.04,0.1173,4,819.1715,DANGER,2,Dangerous
851.4,0.04,0.1173,4,819.2677,DANGER,2,Dangerous
851.5,0.04,0.1173,4,819.364,DANGER,2,Dangerous
851.6,0.04,0.1173,4,819.4602,DANGER,2,Dangerous
851.7,0.04,0.1173,4,819.5564,DANGER,2,Dangerous
851.8,0.04,0.1173,4,819.6526,DANGER,2,Dangerous
851.9,0.04,0.1172,4,819.7489,DANGER,2,Dangerous
852.0,0.04,0.1172,4,819.8451,DANGER,2,Dangerous
852.1,0.04,0.1172,4,819.9413,DANGER,2,Dangerous
852.2,0.04,0.1172,4,820.0375,DANGER,2,Dangerous
852.3,0.04,0.1172,4,820.1338,DANGER,2,Dangerous
852.4,0.04,0.1172,4,820.23,DANGER,2,Dangerous
852.5,0.04,0.1172,4,820.3262,DANGER,2,Dangerous
852.6,0.04,0.1172,4,820.4224,DANGER,2,Dangerous
852.7,0.04,0.1171,4,820.5187,DANGER,2,Dangerous
852.8,0.04,0.1171,4,820.6149,DANGER,2,Dangerous
852.9,0.04,0.1171,4,820.7111,DANGER,2,Dangerous
853.0,0.04,0.1171,4,820.8074,DANGER,2,Dangerous
853.1,0.04,0.1171,4,820.9036,DANGER,2,Dangerous
853.2,0.04,0.1171,4,820.9998,DANGER,2,Dangerous
853.3,0.04,0.1171,4,821.096,DANGER,2,Dangerous
853.4,0.04,0.117,4,821.1923,DANGER,2,Dangerous
853.5,0.04,0.117,4,821.2885,DANGER,2,Dangerous
853.6,0.04,0.117,4,821.3847,DANGER,2,Dangerous
853.7,0.04,0.117,4,821.4809,DANGER,2,Dangerous
853.8,0.04,0.117,4,821.5772,DANGER,2,Dangerous
853.9,0.04,0.117,4,821.6734,DANGER,2,Dangerous
854.0,0.04,0.117,4,821.7696,DANGER,2,Dangerous
854.1,0.04,0.1169,4,821.8658,DANGER,2,Dangerous
854.2,0.04,0.1169,4,821.9621,DANGER,2,Dangerous
854.3,0.04,0.1169,4,822.0583,DANGER,2,Dangerous
854.4,0.04,0.1169,4,822.1545,DANGER,2,Dangerous
854.5,0.04,0.1169,4,822.2507,DANGER,2,Dangerous
854.6,0.04,0.1169,4,822.347,DANGER,2,Dangerous
854.7,0.04,0.1169,4,822.4432,DANGER,2,Dangerous
854.8,0.04,0.1168,4,822.5394,DANGER,2,Dangerous
854.9,0.04,0.1168,4,822.6356,DANGER,2,Dangerous
855.0,0.04,0.1168,4,822.7319,DANGER,2,Dangerous
855.1,0.04,0.1168,4,822.8281,DANGER,2,Dangerous
855.2,0.04,0.1168,4,822.9243,DANGER,2,Dangerous
855.3,0.04,0.1168,4,823.0205,DANGER,2,Dangerous
855.4,0.04,0.1168,4,823.1168,DANGER,2,Dangerous
855.5,0.04,0.1168,4,823.213,DANGER,2,Dangerous
855.6,0.04,0.1167,4,823.3092,DANGER,2,Dangerous
855.7,0.04,0.1167,4,823.4055,DANGER,2,Dangerous
855.8,0.04,0.1167,4,823.5017,DANGER,2,Dangerous
855.9,0.04,0.1167,4,823.5979,DANGER,2,Dangerous
856.0,0.04,0.1167,4,823.6941,DANGER,2,Dangerous
856.1,0.04,0.1167,4,823.7904,DANGER,2,Dangerous
856.2,0.04,0.1167,4,823.8866,DANGER,2,Dangerous
856.3,0.04,0.1166,4,823.9828,DANGER,2,Dangerous
856.4,0.04,0.1166,4,824.079,DANGER,2,Dangerous
856.5,0.04,0.1166,4,824.1753,DANGER,2,Dangerous
856.6,0.04,0.1166,4,824.2715,DANGER,2,Dangerous
856.7,0.04,0.1166,4,824.3677,DANGER,2,Dangerous
856.8,0.04,0.1166,4,824.4639,DANGER,2,Dangerous
856.9,0.04,0.1166,4,824.5602,DANGER,2,Dangerous
857.0,0.04,0.1166,4,824.6564,DANGER,2,Dangerous
857.1,0.04,0.1165,4,824.7526,DANGER,2,Dangerous
857.2,0.04,0.1165,4,824.8488,DANGER,2,Dangerous
857.3,0.04,0.1165,4,824.9451,DANGER,2,Dangerous
857.4,0.04,0.1165,4,825.0413,DANGER,2,Dangerous
857.5,0.04,0.1165,4,825.1375,DANGER,2,Dangerous
857.6,0.04,0.1165,4,825.2337,DANGER,2,Dangerous
857.7,0.04,0.1165,4,825.33,DANGER,2,Dangerous
857.8,0.04,0.1164,4,825.4262,DANGER,2,Dangerous
857.9,0.04,0.1164,4,825.5224,DANGER,2,Dangerous
858.0,0.04,0.1164,4,825.6186,DANGER,2,Dangerous
858.1,0.04,0.1164,4,825.7149,DANGER,2,Dangerous
858.2,0.04,0.1164,4,825.8111,DANGER,2,Dangerous
858.3,0.04,0.1164,4,825.9073,DANGER,2,Dangerous
858.4,0.04,0.1164,4,826.0036,DANGER,2,Dangerous
858.5,0.04,0.1163,4,826.0998,DANGER,2,Dangerous
858.6,0.04,0.1163,4,826.196,DANGER,2,Dangerous
858.7,0.04,0.1163,4,826.2922,DANGER,2,Dangerous
858.8,0.04,0.1163,4,826.3885,DANGER,2,Dangerous
858.9,0.04,0.1163,4,826.4847,DANGER,2,Dangerous
859.0,0.04,0.1163,4,826.5809,DANGER,2,Dangerous
859.1,0.04,0.1163,4,826.6771,DANGER,2,Dangerous
859.2,0.04,0.1163,4,826.7734,DANGER,2,Dangerous
859.3,0.04,0.1162,4,826.8696,DANGER,2,Dangerous
859.4,0.04,0.1162,4,826.9658,DANGER,2,Dangerous
859.5,0.04,0.1162,4,827.062,DANGER,2,Dangerous
859.6,0.04,0.1162,4,827.1583,DANGER,2,Dangerous
859.7,0.04,0.1162,4,827.2545,DANGER,2,Dangerous
859.8,0.04,0.1162,4,827.3507,DANGER,2,Dangerous
859.9,0.04,0.1162,4,827.4469,DANGER,2,Dangerous
860.0,0.04,0.1161,4,827.5432,DANGER,2,Dangerous
860.1,0.04,0.1161,4,827.6394,DANGER,2,Dangerous
860.2,0.04,0.1161,4,827.7356,DANGER,2,Dangerous
860.3,0.04,0.1161,4,827.8318,DANGER,2,Dangerous
860.4,0.04,0.1161,4,827.9281,DANGER,2,Dangerous
860.5,0.04,0.1161,4,828.0243,DANGER,2,Dangerous
860.6,0.04,0.1161,4,828.1205,DANGER,2,Dangerous
860.7,0.04,0.116,4,828.2167,DANGER,2,Dangerous
860.8,0.04,0.116,4,828.313,DANGER,2,Dangerous
860.9,0.04,0.116,4,828.4092,DANGER,2,Dangerous
861.0,0.04,0.116,4,828.5054,DANGER,2,Dangerous
861.1,0.04,0.116,4,828.6017,DANGER,2,Dangerous
861.2,0.04,0.116,4,828.6979,DANGER,2,Dangerous
861.3,0.04,0.116,4,828.7941,DANGER,2,Dangerous
861.4,0.04,0.116,4,828.8903,DANGER,2,Dangerous
861.5,0.04,0.1159,4,828.9866,DANGER,2,Dangerous
861.6,0.04,0.1159,4,829.0828,DANGER,2,Dangerous
861.7,0.04,0.1159,4,829.179,DANGER,2,Dangerous
861.8,0.04,0.1159,4,829.2752,DANGER,2,Dangerous
861.9,0.04,0.1159,4,829.3715,DANGER,2,Dangerous
862.0,0.04,0.1159,4,829.4677,DANGER,2,Dangerous
862.1,0.04,0.1159,4,829.5639,DANGER,2,Dangerous
862.2,0.04,0.1158,4,829.6601,DANGER,2,Dangerous
862.3,0.04,0.1158,4,829.7564,DANGER,2,Dangerous
862.4,0.04,0.1158,4,829.8526,DANGER,2,Dangerous
862.5,0.04,0.1158,4,829.9488,DANGER,2,Dangerous
862.6,0.04,0.1158,4,830.045,DANGER,2,Dangerous
862.7,0.04,0.1158,4,830.1413,DANGER,2,Dangerous
862.8,0.04,0.1158,4,830.2375,DANGER,2,Dangerous
862.9,0.04,0.1158,4,830.3337,DANGER,2,Dangerous
863.0,0.04,0.1157,4,830.4299,DANGER,2,Dangerous
863.1,0.04,0.1157,4,830.5262,DANGER,2,Dangerous
863.2,0.04,0.1157,4,830.6224,DANGER,2,Dangerous
863.3,0.04,0.1157,4,830.7186,DANGER,2,Dangerous
863.4,0.04,0.1157,4,830.8148,DANGER,2,Dangerous
863.5,0.04,0.1157,4,830.9111,DANGER,2,Dangerous
863.6,0.04,0.1157,4,831.0073,DANGER,2,Dangerous
863.7,0.04,0.1156,4,831.1035,DANGER,2,Dangerous
863.8,0.04,0.1156,4,831.1998,DANGER,2,Dangerous
863.9,0.04,0.1156,4,831.296,DANGER,2,Dangerous
864.0,0.04,0.1156,4,831.3922,DANGER,2,Dangerous
864.1,0.04,0.1156,4,831.4884,DANGER,2,Dangerous
864.2,0.04,0.1156,4,831.5847,DANGER,2,Dangerous
864.3,0.04,0.1156,4,831.6809,DANGER,2,Dangerous
864.4,0.04,0.1156,4,831.7771,DANGER,2,Dangerous
864.5,0.04,0.1155,4,831.8733,DANGER,2,Dangerous
864.6,0.04,0.1155,4,831.9696,DANGER,2,Dangerous
864.7,0.04,0.1155,4,832.0658,DANGER,2,Dangerous
864.8,0.04,0.1155,4,832.162,DANGER,2,Dangerous
864.9,0.04,0.1155,4,832.2582,DANGER,2,Dangerous
865.0,0.04,0.1155,4,832.3545,DANGER,2,Dangerous
865.1,0.04,0.1155,4,832.4507,DANGER,2,Dangerous
865.2,0.04,0.1154,4,832.5469,DANGER,2,Dangerous
865.3,0.04,0.1154,4,832.6431,DANGER,2,Dangerous
865.4,0.04,0.1154,4,832.7394,DANGER,2,Dangerous
865.5,0.04,0.1154,4,832.8356,DANGER,2,Dangerous
865.6,0.04,0.1154,4,832.9318,DANGER,2,Dangerous
865.7,0.04,0.1154,4,833.028,DANGER,2,Dangerous
865.8,0.04,0.1154,4,833.1243,DANGER,2,Dangerous
865.9,0.04,0.1154,4,833.2205,DANGER,2,Dangerous
866.0,0.04,0.1153,4,833.3167,DANGER,2,Dangerous
866.1,0.04,0.1153,4,833.4129,DANGER,2,Dangerous
866.2,0.04,0.1153,4,833.5092,DANGER,2,Dangerous
866.3,0.04,0.1153,4,833.6054,DANGER,2,Dangerous
866.4,0.04,0.1153,4,833.7016,DANGER,2,Dangerous
866.5,0.04,0.1153,4,833.7979,DANGER,2,Dangerous
866.6,0.04,0.1153,4,833.8941,DANGER,2,Dangerous
866.7,0.04,0.1152,4,833.9903,DANGER,2,Dangerous
866.8,0.04,0.1152,4,834.0865,DANGER,2,Dangerous
866.9,0.04,0.1152,4,834.1828,DANGER,2,Dangerous
867.0,0.04,0.1152,4,834.279,DANGER,2,Dangerous
867.1,0.04,0.1152,4,834.3752,DANGER,2,Dangerous
867.2,0.04,0.1152,4,834.4714,DANGER,2,Dangerous
867.3,0.04,0.1152,4,834.5677,DANGER,2,Dangerous
867.4,0.04,0.1152,4,834.6639,DANGER,2,Dangerous
867.5,0.04,0.1151,4,834.7601,DANGER,2,Dangerous
867.6,0.04,0.1151,4,834.8563,DANGER,2,Dangerous
867.7,0.04,0.1151,4,834.9526,DANGER,2,Dangerous
867.8,0.04,0.1151,4,835.0488,DANGER,2,Dangerous
867.9,0.04,0.1151,4,835.145,DANGER,2,Dangerous
868.0,0.04,0.1151,4,835.2412,DANGER,2,Dangerous
868.1,0.04,0.1151,4,835.3375,DANGER,2,Dangerous
868.2,0.04,0.115,4,835.4337,DANGER,2,Dangerous
868.3,0.04,0.115,4,835.5299,DANGER,2,Dangerous
868.4,0.04,0.115,4,835.6261,DANGER,2,Dangerous
868.5,0.04,0.115,4,835.7224,DANGER,2,Dangerous
868.6,0.04,0.115,4,835.8186,DANGER,2,Dangerous
868.7,0.04,0.115,4,835.9148,DANGER,2,Dangerous
868.8,0.04,0.115,4,836.0111,DANGER,2,Dangerous
868.9,0.04,0.115,4,836.1073,DANGER,2,Dangerous
869.0,0.04,0.1149,4,836.2035,DANGER,2,Dangerous
869.1,0.04,0.1149,4,836.2997,DANGER,2,Dangerous
869.2,0.04,0.1149,4,836.396,DANGER,2,Dangerous
869.3,0.04,0.1149,4,836.4922,DANGER,2,Dangerous
869.4,0.04,0.1149,4,836.5884,DANGER,2,Dangerous
869.5,0.04,0.1149,4,836.6846,DANGER,2,Dangerous
869.6,0.04,0.1149,4,836.7809,DANGER,2,Dangerous
869.7,0.04,0.1149,4,836.8771,DANGER,2,Dangerous
869.8,0.04,0.1148,4,836.9733,DANGER,2,Dangerous
869.9,0.04,0.1148,4,837.0695,DANGER,2,Dangerous
870.0,0.04,0.1148,4,837.1658,DANGER,2,Dangerous
870.1,0.04,0.1148,4,837.262,DANGER,2,Dangerous
870.2,0.04,0.1148,4,837.3582,DANGER,2,Dangerous
870.3,0.04,0.1148,4,837.4544,DANGER,2,Dangerous
870.4,0.04,0.1148,4,837.5507,DANGER,2,Dangerous
870.5,0.04,0.1147,4,837.6469,DANGER,2,Dangerous
870.6,0.04,0.1147,4,837.7431,DANGER,2,Dangerous
870.7,0.04,0.1147,4,837.8393,DANGER,2,Dangerous
870.8,0.04,0.1147,4,837.9356,DANGER,2,Dangerous
870.9,0.04,0.1147,4,838.0318,DANGER,2,Dangerous
871.0,0.04,0.1147,4,838.128,DANGER,2,Dangerous
871.1,0.04,0.1147,4,838.2242,DANGER,2,Dangerous
871.2,0.04,0.1147,4,838.3205,DANGER,2,Dangerous
871.3,0.04,0.1146,4,838.4167,DANGER,2,Dangerous
871.4,0.04,0.1146,4,838.5129,DANGER,2,Dangerous
871.5,0.04,0.1146,4,838.6092,DANGER,2,Dangerous
871.6,0.04,0.1146,4,838.7054,DANGER,2,Dangerous
871.7,0.04,0.1146,4,838.8016,DANGER,2,Dangerous
871.8,0.04,0.1146,4,838.8978,DANGER,2,Dangerous
871.9,0.04,0.1146,4,838.9941,DANGER,2,Dangerous
872.0,0.04,0.1145,4,839.0903,DANGER,2,Dangerous
872.1,0.04,0.1145,4,839.1865,DANGER,2,Dangerous
872.2,0.04,0.1145,4,839.2827,DANGER,2,Dangerous
872.3,0.04,0.1145,4,839.379,DANGER,2,Dangerous
872.4,0.04,0.1145,4,839.4752,DANGER,2,Dangerous
872.5,0.04,0.1145,4,839.5714,DANGER,2,Dangerous
872.6,0.04,0.1145,4,839.6676,DANGER,2,Dangerous
872.7,0.04,0.1145,4,839.7639,DANGER,2,Dangerous
872.8,0.04,0.1144,4,839.8601,DANGER,2,Dangerous
872.9,0.04,0.1144,4,839.9563,DANGER,2,Dangerous
873.0,0.04,0.1144,4,840.0525,DANGER,2,Dangerous
873.1,0.04,0.1144,4,840.1488,DANGER,2,Dangerous
873.2,0.04,0.1144,4,840.245,DANGER,2,Dangerous
873.3,0.04,0.1144,4,840.3412,DANGER,2,Dangerous
873.4,0.04,0.1144,4,840.4374,DANGER,2,Dangerous
873.5,0.04,0.1144,4,840.5337,DANGER,2,Dangerous
873.6,0.04,0.1143,4,840.6299,DANGER,2,Dangerous
873.7,0.04,0.1143,4,840.7261,DANGER,2,Dangerous
873.8,0.04,0.1143,4,840.8223,DANGER,2,Dangerous
873.9,0.04,0.1143,4,840.9186,DANGER,2,Dangerous
874.0,0.04,0.1143,4,841.0148,DANGER,2,Dangerous
874.1,0.04,0.1143,4,841.111,DANGER,2,Dangerous
874.2,0.04,0.1143,4,841.2073,DANGER,2,Dangerous
874.3,0.04,0.1142,4,841.3035,DANGER,2,Dangerous
874.4,0.04,0.1142,4,841.3997,DANGER,2,Dangerous
874.5,0.04,0.1142,4,841.4959,DANGER,2,Dangerous
874.6,0.04,0.1142,4,841.5922,DANGER,2,Dangerous
874.7,0.04,0.1142,4,841.6884,DANGER,2,Dangerous
874.8,0.04,0.1142,4,841.7846,DANGER,2,Dangerous
874.9,0.04,0.1142,4,841.8808,DANGER,2,Dangerous
875.0,0.04,0.1142,4,841.9771,DANGER,2,Dangerous
875.1,0.04,0.1141,4,842.0733,DANGER,2,Dangerous
875.2,0.04,0.1141,4,842.1695,DANGER,2,Dangerous
875.3,0.04,0.1141,4,842.2657,DANGER,2,Dangerous
875.4,0.04,0.1141,4,842.362,DANGER,2,Dangerous
875.5,0.04,0.1141,4,842.4582,DANGER,2,Dangerous
875.6,0.04,0.1141,4,842.5544,DANGER,2,Dangerous
875.7,0.04,0.1141,4,842.6506,DANGER,2,Dangerous
875.8,0.04,0.1141,4,842.7469,DANGER,2,Dangerous
875.9,0.04,0.114,4,842.8431,DANGER,2,Dangerous
876.0,0.04,0.114,4,842.9393,DANGER,2,Dangerous
876.1,0.04,0.114,4,843.0355,DANGER,2,Dangerous
876.2,0.04,0.114,4,843.1318,DANGER,2,Dangerous
876.3,0.04,0.114,4,843.228,DANGER,2,Dangerous
876.4,0.04,0.114,4,843.3242,DANGER,2,Dangerous
876.5,0.04,0.114,4,843.4204,DANGER,2,Dangerous
876.6,0.04,0.1139,4,843.5167,DANGER,2,Dangerous
876.7,0.04,0.1139,4,843.6129,DANGER,2,Dangerous
876.8,0.04,0.1139,4,843.7091,DANGER,2,Dangerous
876.9,0.04,0.1139,4,843.8054,DANGER,2,Dangerous
877.0,0.04,0.1139,4,843.9016,DANGER,2,Dangerous
877.1,0.04,0.1139,4,843.9978,DANGER,2,Dangerous
877.2,0.04,0.1139,4,844.094,DANGER,2,Dangerous
877.3,0.04,0.1139,4,844.1903,DANGER,2,Dangerous
877.4,0.04,0.1138,4,844.2865,DANGER,2,Dangerous
877.5,0.04,0.1138,4,844.3827,DANGER,2,Dangerous
877.6,0.04,0.1138,4,844.4789,DANGER,2,Dangerous
877.7,0.04,0.1138,4,844.5752,DANGER,2,Dangerous
877.8,0.04,0.1138,4,844.6714,DANGER,2,Dangerous
877.9,0.04,0.1138,4,844.7676,DANGER,2,Dangerous
878.0,0.04,0.1138,4,844.8638,DANGER,2,Dangerous
878.1,0.04,0.1138,4,844.9601,DANGER,2,Dangerous
878.2,0.04,0.1137,4,845.0563,DANGER,2,Dangerous
878.3,0.04,0.1137,4,845.1525,DANGER,2,Dangerous
878.4,0.04,0.1137,4,845.2487,DANGER,2,Dangerous
878.5,0.04,0.1137,4,845.345,DANGER,2,Dangerous
878.6,0.04,0.1137,4,845.4412,DANGER,2,Dangerous
878.7,0.04,0.1137,4,845.5374,DANGER,2,Dangerous
878.8,0.04,0.1137,4,845.6336,DANGER,2,Dangerous
878.9,0.04,0.1136,4,845.7299,DANGER,2,Dangerous
879.0,0.04,0.1136,4,845.8261,DANGER,2,Dangerous
879.1,0.04,0.1136,4,845.9223,DANGER,2,Dangerous
879.2,0.04,0.1136,4,846.0185,DANGER,2,Dangerous
879.3,0.04,0.1136,4,846.1148,DANGER,2,Dangerous
879.4,0.04,0.1136,4,846.211,DANGER,2,Dangerous
879.5,0.04,0.1136,4,846.3072,DANGER,2,Dangerous
879.6,0.04,0.1136,4,846.4035,DANGER,2,Dangerous
879.7,0.04,0.1135,4,846.4997,DANGER,2,Dangerous
879.8,0.04,0.1135,4,846.5959,DANGER,2,Dangerous
879.9,0.04,0.1135,4,846.6921,DANGER,2,Dangerous
880.0,0.04,0.1135,4,846.7884,DANGER,2,Dangerous
880.1,0.04,0.1135,4,846.8846,DANGER,2,Dangerous
880.2,0.04,0.1135,4,846.9808,DANGER,2,Dangerous
880.3,0.04,0.1135,4,847.077,DANGER,2,Dangerous
880.4,0.04,0.1135,4,847.1733,DANGER,2,Dangerous
880.5,0.04,0.1134,4,847.2695,DANGER,2,Dangerous
880.6,0.04,0.1134,4,847.3657,DANGER,2,Dangerous
880.7,0.04,0.1134,4,847.4619,DANGER,2,Dangerous
880.8,0.04,0.1134,4,847.5582,DANGER,2,Dangerous
880.9,0.04,0.1134,4,847.6544,DANGER,2,Dangerous
881.0,0.04,0.1134,4,847.7506,DANGER,2,Dangerous
881.1,0.04,0.1134,4,847.8468,DANGER,2,Dangerous
881.2,0.04,0.1134,4,847.9431,DANGER,2,Dangerous
881.3,0.04,0.1133,4,848.0393,DANGER,2,Dangerous
881.4,0.04,0.1133,4,848.1355,DANGER,2,Dangerous
881.5,0.04,0.1133,4,848.2317,DANGER,2,Dangerous
881.6,0.04,0.1133,4,848.328,DANGER,2,Dangerous
881.7,0.04,0.1133,4,848.4242,DANGER,2,Dangerous
881.8,0.04,0.1133,4,848.5204,DANGER,2,Dangerous
881.9,0.04,0.1133,4,848.6166,DANGER,2,Dangerous
882.0,0.04,0.1133,4,848.7129,DANGER,2,Dangerous
882.1,0.04,0.1132,4,848.8091,DANGER,2,Dangerous
882.2,0.04,0.1132,4,848.9053,DANGER,2,Dangerous
882.3,0.04,0.1132,4,849.0016,DANGER,2,Dangerous
882.4,0.04,0.1132,4,849.0978,DANGER,2,Dangerous
882.5,0.04,0.1132,4,849.194,DANGER,2,Dangerous
882.6,0.04,0.1132,4,849.2902,DANGER,2,Dangerous
882.7,0.04,0.1132,4,849.3865,DANGER,2,Dangerous
882.8,0.04,0.1131,4,849.4827,DANGER,2,Dangerous
882.9,0.04,0.1131,4,849.5789,DANGER,2,Dangerous
883.0,0.04,0.1131,4,849.6751,DANGER,2,Dangerous
883.1,0.04,0.1131,4,849.7714,DANGER,2,Dangerous
883.2,0.04,0.1131,4,849.8676,DANGER,2,Dangerous
883.3,0.04,0.1131,4,849.9638,DANGER,2,Dangerous
883.4,0.04,0.1131,4,850.06,DANGER,2,Dangerous
883.5,0.04,0.1131,4,850.1563,DANGER,2,Dangerous
883.6,0.04,0.113,4,850.2525,DANGER,2,Dangerous
883.7,0.04,0.113,4,850.3487,DANGER,2,Dangerous
883.8,0.04,0.113,4,850.4449,DANGER,2,Dangerous
883.9,0.04,0.113,4,850.5412,DANGER,2,Dangerous
884.0,0.04,0.113,4,850.6374,DANGER,2,Dangerous
884.1,0.04,0.113,4,850.7336,DANGER,2,Dangerous
884.2,0.04,0.113,4,850.8298,DANGER,2,Dangerous
884.3,0.04,0.113,4,850.9261,DANGER,2,Dangerous
884.4,0.04,0.1129,4,851.0223,DANGER,2,Dangerous
884.5,0.04,0.1129,4,851.1185,DANGER,2,Dangerous
884.6,0.04,0.1129,4,851.2148,DANGER,2,Dangerous
884.7,0.04,0.1129,4,851.311,DANGER,2,Dangerous
884.8,0.04,0.1129,4,851.4072,DANGER,2,Dangerous
884.9,0.04,0.1129,4,851.5034,DANGER,2,Dangerous
885.0,0.04,0.1129,4,851.5997,DANGER,2,Dangerous
885.1,0.04,0.1129,4,851.6959,DANGER,2,Dangerous
885.2,0.04,0.1128,4,851.7921,DANGER,2,Dangerous
885.3,0.04,0.1128,4,851.8883,DANGER,2,Dangerous
885.4,0.04,0.1128,4,851.9846,DANGER,2,Dangerous
885.5,0.04,0.1128,4,852.0808,DANGER,2,Dangerous
885.6,0.04,0.1128,4,852.177,DANGER,2,Dangerous
885.7,0.04,0.1128,4,852.2732,DANGER,2,Dangerous
885.8,0.04,0.1128,4,852.3695,DANGER,2,Dangerous
885.9,0.04,0.1128,4,852.4657,DANGER,2,Dangerous
886.0,0.04,0.1127,4,852.5619,DANGER,2,Dangerous
886.1,0.04,0.1127,4,852.6581,DANGER,2,Dangerous
886.2,0.04,0.1127,4,852.7544,DANGER,2,Dangerous
886.3,0.04,0.1127,4,852.8506,DANGER,2,Dangerous
886.4,0.04,0.1127,4,852.9468,DANGER,2,Dangerous
886.5,0.04,0.1127,4,853.043,DANGER,2,Dangerous
886.6,0.04,0.1127,4,853.1393,DANGER,2,Dangerous
886.7,0.04,0.1127,4,853.2355,DANGER,2,Dangerous
886.8,0.04,0.1126,4,853.3317,DANGER,2,Dangerous
886.9,0.04,0.1126,4,853.4279,DANGER,2,Dangerous
887.0,0.04,0.1126,4,853.5242,DANGER,2,Dangerous
887.1,0.04,0.1126,4,853.6204,DANGER,2,Dangerous
887.2,0.04,0.1126,4,853.7166,DANGER,2,Dangerous
887.3,0.04,0.1126,4,853.8129,DANGER,2,Dangerous
887.4,0.04,0.1126,4,853.9091,DANGER,2,Dangerous
887.5,0.04,0.1125,4,854.0053,DANGER,2,Dangerous
887.6,0.04,0.1125,4,854.1015,DANGER,2,Dangerous
887.7,0.04,0.1125,4,854.1978,DANGER,2,Dangerous
887.8,0.04,0.1125,4,854.294,DANGER,2,Dangerous
887.9,0.04,0.1125,4,854.3902,DANGER,2,Dangerous
888.0,0.04,0.1125,4,854.4864,DANGER,2,Dangerous
888.1,0.04,0.1125,4,854.5827,DANGER,2,Dangerous
888.2,0.04,0.1125,4,854.6789,DANGER,2,Dangerous
888.3,0.04,0.1124,4,854.7751,DANGER,2,Dangerous
888.4,0.04,0.1124,4,854.8713,DANGER,2,Dangerous
888.5,0.04,0.1124,4,854.9676,DANGER,2,Dangerous
888.6,0.04,0.1124,4,855.0638,DANGER,2,Dangerous
888.7,0.04,0.1124,4,855.16,DANGER,2,Dangerous
888.8,0.04,0.1124,4,855.2562,DANGER,2,Dangerous
888.9,0.04,0.1124,4,855.3525,DANGER,2,Dangerous
889.0,0.04,0.1124,4,855.4487,DANGER,2,Dangerous
889.1,0.04,0.1123,4,855.5449,DANGER,2,Dangerous
889.2,0.04,0.1123,4,855.6411,DANGER,2,Dangerous
889.3,0.04,0.1123,4,855.7374,DANGER,2,Dangerous
889.4,0.04,0.1123,4,855.8336,DANGER,2,Dangerous
889.5,0.04,0.1123,4,855.9298,DANGER,2,Dangerous
889.6,0.04,0.1123,4,856.026,DANGER,2,Dangerous
889.7,0.04,0.1123,4,856.1223,DANGER,2,Dangerous
889.8,0.04,0.1123,4,856.2185,DANGER,2,Dangerous
889.9,0.04,0.1122,4,856.3147,DANGER,2,Dangerous
890.0,0.04,0.1122,4,856.411,DANGER,2,Dangerous
890.1,0.04,0.1122,4,856.5072,DANGER,2,Dangerous
890.2,0.04,0.1122,4,856.6034,DANGER,2,Dangerous
890.3,0.04,0.1122,4,856.6996,DANGER,2,Dangerous
890.4,0.04,0.1122,4,856.7959,DANGER,2,Dangerous
890.5,0.04,0.1122,4,856.8921,DANGER,2,Dangerous
890.6,0.04,0.1122,4,856.9883,DANGER,2,Dangerous
890.7,0.04,0.1121,4,857.0845,DANGER,2,Dangerous
890.8,0.04,0.1121,4,857.1808,DANGER,2,Dangerous
890.9,0.04,0.1121,4,857.277,DANGER,2,Dangerous
891.0,0.04,0.1121,4,857.3732,DANGER,2,Dangerous
891.1,0.04,0.1121,4,857.4694,DANGER,2,Dangerous
891.2,0.04,0.1121,4,857.5657,DANGER,2,Dangerous
891.3,0.04,0.1121,4,857.6619,DANGER,2,Dangerous
891.4,0.04,0.1121,4,857.7581,DANGER,2,Dangerous
891.5,0.04,0.112,4,857.8543,DANGER,2,Dangerous
891.6,0.04,0.112,4,857.9506,DANGER,2,Dangerous
891.7,0.04,0.112,4,858.0468,DANGER,2,Dangerous
891.8,0.04,0.112,4,858.143,DANGER,2,Dangerous
891.9,0.04,0.112,4,858.2392,DANGER,2,Dangerous
892.0,0.04,0.112,4,858.3355,DANGER,2,Dangerous
892.1,0.04,0.112,4,858.4317,DANGER,2,Dangerous
892.2,0.04,0.112,4,858.5279,DANGER,2,Dangerous
892.3,0.04,0.1119,4,858.6241,DANGER,2,Dangerous
892.4,0.04,0.1119,4,858.7204,DANGER,2,Dangerous
892.5,0.04,0.1119,4,858.8166,DANGER,2,Dangerous
892.6,0.04,0.1119,4,858.9128,DANGER,2,Dangerous
892.7,0.04,0.1119,4,859.0091,DANGER,2,Dangerous
892.8,0.04,0.1119,4,859.1053,DANGER,2,Dangerous
892.9,0.04,0.1119,4,859.2015,DANGER,2,Dangerous
893.0,0.04,0.1119,4,859.2977,DANGER,2,Dangerous
893.1,0.04,0.1118,4,859.394,DANGER,2,Dangerous
893.2,0.04,0.1118,4,859.4902,DANGER,2,Dangerous
893.3,0.04,0.1118,4,859.5864,DANGER,2,Dangerous
893.4,0.04,0.1118,4,859.6826,DANGER,2,Dangerous
893.5,0.04,0.1118,4,859.7789,DANGER,2,Dangerous
893.6,0.04,0.1118,4,859.8751,DANGER,2,Dangerous
893.7,0.04,0.1118,4,859.9713,DANGER,2,Dangerous
893.8,0.04,0.1118,4,860.0675,DANGER,2,Dangerous
893.9,0.04,0.1117,4,860.1638,DANGER,2,Dangerous
894.0,0.04,0.1117,4,860.26,DANGER,2,Dangerous
894.1,0.04,0.1117,4,860.3562,DANGER,2,Dangerous
894.2,0.04,0.1117,4,860.4524,DANGER,2,Dangerous
894.3,0.04,0.1117,4,860.5487,DANGER,2,Dangerous
894.4,0.04,0.1117,4,860.6449,DANGER,2,Dangerous
894.5,0.04,0.1117,4,860.7411,DANGER,2,Dangerous
894.6,0.04,0.1117,4,860.8373,DANGER,2,Dangerous
894.7,0.04,0.1116,4,860.9336,DANGER,2,Dangerous
894.8,0.04,0.1116,4,861.0298,DANGER,2,Dangerous
894.9,0.04,0.1116,4,861.126,DANGER,2,Dangerous
895.0,0.04,0.1116,4,861.2222,DANGER,2,Dangerous
895.1,0.04,0.1116,4,861.3185,DANGER,2,Dangerous
895.2,0.04,0.1116,4,861.4147,DANGER,2,Dangerous
895.3,0.04,0.1116,4,861.5109,DANGER,2,Dangerous
895.4,0.04,0.1116,4,861.6072,DANGER,2,Dangerous
895.5,0.04,0.1115,4,861.7034,DANGER,2,Dangerous
895.6,0.04,0.1115,4,861.7996,DANGER,2,Dangerous
895.7,0.04,0.1115,4,861.8958,DANGER,2,Dangerous
895.8,0.04,0.1115,4,861.9921,DANGER,2,Dangerous
895.9,0.04,0.1115,4,862.0883,DANGER,2,Dangerous
896.0,0.04,0.1115,4,862.1845,DANGER,2,Dangerous
896.1,0.04,0.1115,4,862.2807,DANGER,2,Dangerous
896.2,0.04,0.1115,4,862.377,DANGER,2,Dangerous
896.3,0.04,0.1114,4,862.4732,DANGER,2,Dangerous
896.4,0.04,0.1114,4,862.5694,DANGER,2,Dangerous
896.5,0.04,0.1114,4,862.6656,DANGER,2,Dangerous
896.6,0.04,0.1114,4,862.7619,DANGER,2,Dangerous
896.7,0.04,0.1114,4,862.8581,DANGER,2,Dangerous
896.8,0.04,0.1114,4,862.9543,DANGER,2,Dangerous
896.9,0.04,0.1114,4,863.0505,DANGER,2,Dangerous
897.0,0.04,0.1114,4,863.1468,DANGER,2,Dangerous
897.1,0.04,0.1113,4,863.243,DANGER,2,Dangerous
897.2,0.04,0.1113,4,863.3392,DANGER,2,Dangerous
897.3,0.04,0.1113,4,863.4354,DANGER,2,Dangerous
897.4,0.04,0.1113,4,863.5317,DANGER,2,Dangerous
897.5,0.04,0.1113,4,863.6279,DANGER,2,Dangerous
897.6,0.04,0.1113,4,863.7241,DANGER,2,Dangerous
897.7,0.04,0.1113,4,863.8203,DANGER,2,Dangerous
897.8,0.04,0.1113,4,863.9166,DANGER,2,Dangerous
897.9,0.04,0.1112,4,864.0128,DANGER,2,Dangerous
898.0,0.04,0.1112,4,864.109,DANGER,2,Dangerous
898.1,0.04,0.1112,4,864.2053,DANGER,2,Dangerous
898.2,0.04,0.1112,4,864.3015,DANGER,2,Dangerous
898.3,0.04,0.1112,4,864.3977,DANGER,2,Dangerous
898.4,0.04,0.1112,4,864.4939,DANGER,2,Dangerous
898.5,0.04,0.1112,4,864.5902,DANGER,2,Dangerous
898.6,0.04,0.1112,4,864.6864,DANGER,2,Dangerous
898.7,0.04,0.1111,4,864.7826,DANGER,2,Dangerous
898.8,0.04,0.1111,4,864.8788,DANGER,2,Dangerous
898.9,0.04,0.1111,4,864.9751,DANGER,2,Dangerous
899.0,0.04,0.1111,4,865.0713,DANGER,2,Dangerous
899.1,0.04,0.1111,4,865.1675,DANGER,2,Dangerous
899.2,0.04,0.1111,4,865.2637,DANGER,2,Dangerous
899.3,0.04,0.1111,4,865.36,DANGER,2,Dangerous
899.4,0.04,0.1111,4,865.4562,DANGER,2,Dangerous
899.5,0.04,0.111,4,865.5524,DANGER,2,Dangerous
899.6,0.04,0.111,4,865.6486,DANGER,2,Dangerous
899.7,0.04,0.111,4,865.7449,DANGER,2,Dangerous
899.8,0.04,0.111,4,865.8411,DANGER,2,Dangerous
899.9,0.04,0.111,4,865.9373,DANGER,2,Dangerous
900.0,0.04,0.111,4,866.0335,DANGER,2,Dangerous
900.1,0.04,0.111,4,866.1298,DANGER,2,Dangerous
900.2,0.04,0.111,4,866.226,DANGER,2,Dangerous
900.3,0.04,0.111,4,866.3222,DANGER,2,Dangerous
900.4,0.04,0.1109,4,866.4185,DANGER,2,Dangerous
900.5,0.04,0.1109,4,866.5147,DANGER,2,Dangerous
900.6,0.04,0.1109,4,866.6109,DANGER,2,Dangerous
900.7,0.04,0.1109,4,866.7071,DANGER,2,Dangerous
900.8,0.04,0.1109,4,866.8034,DANGER,2,Dangerous
900.9,0.04,0.1109,4,866.8996,DANGER,2,Dangerous
901.0,0.04,0.1109,4,866.9958,DANGER,2,Dangerous
901.1,0.04,0.1109,4,867.092,DANGER,2,Dangerous
901.2,0.04,0.1108,4,867.1883,DANGER,2,Dangerous
901.3,0.04,0.1108,4,867.2845,DANGER,2,Dangerous
901.4,0.04,0.1108,4,867.3807,DANGER,2,Dangerous
901.5,0.04,0.1108,4,867.4769,DANGER,2,Dangerous
901.6,0.04,0.1108,4,867.5732,DANGER,2,Dangerous
901.7,0.04,0.1108,4,867.6694,DANGER,2,Dangerous
901.8,0.04,0.1108,4,867.7656,DANGER,2,Dangerous
901.9,0.04,0.1108,4,867.8618,DANGER,2,Dangerous
902.0,0.04,0.1107,4,867.9581,DANGER,2,Dangerous
902.1,0.04,0.1107,4,868.0543,DANGER,2,Dangerous
902.2,0.04,0.1107,4,868.1505,DANGER,2,Dangerous
902.3,0.04,0.1107,4,868.2467,DANGER,2,Dangerous
902.4,0.04,0.1107,4,868.343,DANGER,2,Dangerous
902.5,0.04,0.1107,4,868.4392,DANGER,2,Dangerous
902.6,0.04,0.1107,4,868.5354,DANGER,2,Dangerous
902.7,0.04,0.1107,4,868.6316,DANGER,2,Dangerous
902.8,0.04,0.1106,4,868.7279,DANGER,2,Dangerous
902.9,0.04,0.1106,4,868.8241,DANGER,2,Dangerous
903.0,0.04,0.1106,4,868.9203,DANGER,2,Dangerous
903.1,0.04,0.1106,4,869.0166,DANGER,2,Dangerous
903.2,0.04,0.1106,4,869.1128,DANGER,2,Dangerous
903.3,0.04,0.1106,4,869.209,DANGER,2,Dangerous
903.4,0.04,0.1106,4,869.3052,DANGER,2,Dangerous
903.5,0.04,0.1106,4,869.4015,DANGER,2,Dangerous
903.6,0.04,0.1105,4,869.4977,DANGER,2,Dangerous
903.7,0.04,0.1105,4,869.5939,DANGER,2,Dangerous
903.8,0.04,0.1105,4,869.6901,DANGER,2,Dangerous
903.9,0.04,0.1105,4,869.7864,DANGER,2,Dangerous
904.0,0.04,0.1105,4,869.8826,DANGER,2,Dangerous
904.1,0.04,0.1105,4,869.9788,DANGER,2,Dangerous
904.2,0.04,0.1105,4,870.075,DANGER,2,Dangerous
904.3,0.04,0.1105,4,870.1713,DANGER,2,Dangerous
904.4,0.04,0.1104,4,870.2675,DANGER,2,Dangerous
904.5,0.04,0.1104,4,870.3637,DANGER,2,Dangerous
904.6,0.04,0.1104,4,870.4599,DANGER,2,Dangerous
904.7,0.04,0.1104,4,870.5562,DANGER,2,Dangerous
904.8,0.04,0.1104,4,870.6524,DANGER,2,Dangerous
904.9,0.04,0.1104,4,870.7486,DANGER,2,Dangerous
905.0,0.04,0.1104,4,870.8448,DANGER,2,Dangerous
905.1,0.04,0.1104,4,870.9411,DANGER,2,Dangerous
905.2,0.04,0.1104,4,871.0373,DANGER,2,Dangerous
905.3,0.04,0.1103,4,871.1335,DANGER,2,Dangerous
905.4,0.04,0.1103,4,871.2297,DANGER,2,Dangerous
905.5,0.04,0.1103,4,871.326,DANGER,2,Dangerous
905.6,0.04,0.1103,4,871.4222,DANGER,2,Dangerous
905.7,0.04,0.1103,4,871.5184,DANGER,2,Dangerous
905.8,0.04,0.1103,4,871.6147,DANGER,2,Dangerous
905.9,0.04,0.1103,4,871.7109,DANGER,2,Dangerous
906.0,0.04,0.1103,4,871.8071,DANGER,2,Dangerous
906.1,0.04,0.1102,4,871.9033,DANGER,2,Dangerous
906.2,0.04,0.1102,4,871.9996,DANGER,2,Dangerous
906.3,0.04,0.1102,4,872.0958,DANGER,2,Dangerous
906.4,0.04,0.1102,4,872.192,DANGER,2,Dangerous
906.5,0.04,0.1102,4,872.2882,DANGER,2,Dangerous
906.6,0.04,0.1102,4,872.3845,DANGER,2,Dangerous
906.7,0.04,0.1102,4,872.4807,DANGER,2,Dangerous
906.8,0.04,0.1102,4,872.5769,DANGER,2,Dangerous
906.9,0.04,0.1101,4,872.6731,DANGER,2,Dangerous
907.0,0.04,0.1101,4,872.7694,DANGER,2,Dangerous
907.1,0.04,0.1101,4,872.8656,DANGER,2,Dangerous
907.2,0.04,0.1101,4,872.9618,DANGER,2,Dangerous
907.3,0.04,0.1101,4,873.058,DANGER,2,Dangerous
907.4,0.04,0.1101,4,873.1543,DANGER,2,Dangerous
907.5,0.04,0.1101,4,873.2505,DANGER,2,Dangerous
907.6,0.04,0.1101,4,873.3467,DANGER,2,Dangerous
907.7,0.04,0.11,4,873.4429,DANGER,2,Dangerous
907.8,0.04,0.11,4,873.5392,DANGER,2,Dangerous
907.9,0.04,0.11,4,873.6354,DANGER,2,Dangerous
908.0,0.04,0.11,4,873.7316,DANGER,2,Dangerous
908.1,0.04,0.11,4,873.8278,DANGER,2,Dangerous
908.2,0.04,0.11,4,873.9241,DANGER,2,Dangerous
908.3,0.04,0.11,4,874.0203,DANGER,2,Dangerous
908.4,0.04,0.11,4,874.1165,DANGER,2,Dangerous
908.5,0.04,0.11,4,874.2128,DANGER,2,Dangerous
908.6,0.04,0.1099,4,874.309,DANGER,2,Dangerous
908.7,0.04,0.1099,4,874.4052,DANGER,2,Dangerous
908.8,0.04,0.1099,4,874.5014,DANGER,2,Dangerous
908.9,0.04,0.1099,4,874.5977,DANGER,2,Dangerous
909.0,0.04,0.1099,4,874.6939,DANGER,2,Dangerous
909.1,0.04,0.1099,4,874.7901,DANGER,2,Dangerous
909.2,0.04,0.1099,4,874.8863,DANGER,2,Dangerous
909.3,0.04,0.1099,4,874.9826,DANGER,2,Dangerous
909.4,0.04,0.1098,4,875.0788,DANGER,2,Dangerous
909.5,0.04,0.1098,4,875.175,DANGER,2,Dangerous
909.6,0.04,0.1098,4,875.2712,DANGER,2,Dangerous
909.7,0.04,0.1098,4,875.3675,DANGER,2,Dangerous
909.8,0.04,0.1098,4,875.4637,DANGER,2,Dangerous
909.9,0.04,0.1098,4,875.5599,DANGER,2,Dangerous
910.0,0.04,0.1098,4,875.6561,DANGER,2,Dangerous
910.1,0.04,0.1098,4,875.7524,DANGER,2,Dangerous
910.2,0.04,0.1097,4,875.8486,DANGER,2,Dangerous
910.3,0.04,0.1097,4,875.9448,DANGER,2,Dangerous
910.4,0.04,0.1097,4,876.041,DANGER,2,Dangerous
910.5,0.04,0.1097,4,876.1373,DANGER,2,Dangerous
910.6,0.04,0.1097,4,876.2335,DANGER,2,Dangerous
910.7,0.04,0.1097,4,876.3297,DANGER,2,Dangerous
910.8,0.04,0.1097,4,876.4259,DANGER,2,Dangerous
910.9,0.04,0.1097,4,876.5222,DANGER,2,Dangerous
911.0,0.04,0.1096,4,876.6184,DANGER,2,Dangerous
911.1,0.04,0.1096,4,876.7146,DANGER,2,Dangerous
911.2,0.04,0.1096,4,876.8109,DANGER,2,Dangerous
911.3,0.04,0.1096,4,876.9071,DANGER,2,Dangerous
911.4,0.04,0.1096,4,877.0033,DANGER,2,Dangerous
911.5,0.04,0.1096,4,877.0995,DANGER,2,Dangerous
911.6,0.04,0.1096,4,877.1958,DANGER,2,Dangerous
911.7,0.04,0.1096,4,877.292,DANGER,2,Dangerous
911.8,0.04,0.1096,4,877.3882,DANGER,2,Dangerous
911.9,0.04,0.1095,4,877.4844,DANGER,2,Dangerous
912.0,0.04,0.1095,4,877.5807,DANGER,2,Dangerous
912.1,0.04,0.1095,4,877.6769,DANGER,2,Dangerous
912.2,0.04,0.1095,4,877.7731,DANGER,2,Dangerous
912.3,0.04,0.1095,4,877.8693,DANGER,2,Dangerous
912.4,0.04,0.1095,4,877.9656,DANGER,2,Dangerous
912.5,0.04,0.1095,4,878.0618,DANGER,2,Dangerous
912.6,0.04,0.1095,4,878.158,DANGER,2,Dangerous
912.7,0.04,0.1094,4,878.2542,DANGER,2,Dangerous
912.8,0.04,0.1094,4,878.3505,DANGER,2,Dangerous
912.9,0.04,0.1094,4,878.4467,DANGER,2,Dangerous
913.0,0.04,0.1094,4,878.5429,DANGER,2,Dangerous
913.1,0.04,0.1094,4,878.6391,DANGER,2,Dangerous
913.2,0.04,0.1094,4,878.7354,DANGER,2,Dangerous
913.3,0.04,0.1094,4,878.8316,DANGER,2,Dangerous
913.4,0.04,0.1094,4,878.9278,DANGER,2,Dangerous
913.5,0.04,0.1093,4,879.024,DANGER,2,Dangerous
913.6,0.04,0.1093,4,879.1203,DANGER,2,Dangerous
913.7,0.04,0.1093,4,879.2165,DANGER,2,Dangerous
913.8,0.04,0.1093,4,879.3127,DANGER,2,Dangerous
913.9,0.04,0.1093,4,879.409,DANGER,2,Dangerous
914.0,0.04,0.1093,4,879.5052,DANGER,2,Dangerous
914.1,0.04,0.1093,4,879.6014,DANGER,2,Dangerous
914.2,0.04,0.1093,4,879.6976,DANGER,2,Dangerous
914.3,0.04,0.1093,4,879.7939,DANGER,2,Dangerous
914.4,0.04,0.1092,4,879.8901,DANGER,2,Dangerous
914.5,0.04,0.1092,4,879.9863,DANGER,2,Dangerous
914.6,0.04,0.1092,4,880.0825,DANGER,2,Dangerous
914.7,0.04,0.1092,4,880.1788,DANGER,2,Dangerous
914.8,0.04,0.1092,4,880.275,DANGER,2,Dangerous
914.9,0.04,0.1092,4,880.3712,DANGER,2,Dangerous
915.0,0.04,0.1092,4,880.4674,DANGER,2,Dangerous
915.1,0.04,0.1092,4,880.5637,DANGER,2,Dangerous
915.2,0.04,0.1091,4,880.6599,DANGER,2,Dangerous
915.3,0.04,0.1091,4,880.7561,DANGER,2,Dangerous
915.4,0.04,0.1091,4,880.8523,DANGER,2,Dangerous
915.5,0.04,0.1091,4,880.9486,DANGER,2,Dangerous
915.6,0.04,0.1091,4,881.0448,DANGER,2,Dangerous
915.7,0.04,0.1091,4,881.141,DANGER,2,Dangerous
915.8,0.04,0.1091,4,881.2372,DANGER,2,Dangerous
915.9,0.04,0.1091,4,881.3335,DANGER,2,Dangerous
916.0,0.04,0.1091,4,881.4297,DANGER,2,Dangerous
916.1,0.04,0.109,4,881.5259,DANGER,2,Dangerous
916.2,0.04,0.109,4,881.6222,DANGER,2,Dangerous
916.3,0.04,0.109,4,881.7184,DANGER,2,Dangerous
916.4,0.04,0.109,4,881.8146,DANGER,2,Dangerous
916.5,0.04,0.109,4,881.9108,DANGER,2,Dangerous
916.6,0.04,0.109,4,882.0071,DANGER,2,Dangerous
916.7,0.04,0.109,4,882.1033,DANGER,2,Dangerous
916.8,0.04,0.109,4,882.1995,DANGER,2,Dangerous
916.9,0.04,0.1089,4,882.2957,DANGER,2,Dangerous
917.0,0.04,0.1089,4,882.392,DANGER,2,Dangerous
917.1,0.04,0.1089,4,882.4882,DANGER,2,Dangerous
917.2,0.04,0.1089,4,882.5844,DANGER,2,Dangerous
917.3,0.04,0.1089,4,882.6806,DANGER,2,Dangerous
917.4,0.04,0.1089,4,882.7769,DANGER,2,Dangerous
917.5,0.04,0.1089,4,882.8731,DANGER,2,Dangerous
917.6,0.04,0.1089,4,882.9693,DANGER,2,Dangerous
917.7,0.04,0.1088,4,883.0655,DANGER,2,Dangerous
917.8,0.04,0.1088,4,883.1618,DANGER,2,Dangerous
917.9,0.04,0.1088,4,883.258,DANGER,2,Dangerous
918.0,0.04,0.1088,4,883.3542,DANGER,2,Dangerous
918.1,0.04,0.1088,4,883.4504,DANGER,2,Dangerous
918.2,0.04,0.1088,4,883.5467,DANGER,2,Dangerous
918.3,0.04,0.1088,4,883.6429,DANGER,2,Dangerous
918.4,0.04,0.1088,4,883.7391,DANGER,2,Dangerous
918.5,0.04,0.1088,4,883.8353,DANGER,2,Dangerous
918.6,0.04,0.1087,4,883.9316,DANGER,2,Dangerous
918.7,0.04,0.1087,4,884.0278,DANGER,2,Dangerous
918.8,0.04,0.1087,4,884.124,DANGER,2,Dangerous
918.9,0.04,0.1087,4,884.2203,DANGER,2,Dangerous
919.0,0.04,0.1087,4,884.3165,DANGER,2,Dangerous
919.1,0.04,0.1087,4,884.4127,DANGER,2,Dangerous
919.2,0.04,0.1087,4,884.5089,DANGER,2,Dangerous
919.3,0.04,0.1087,4,884.6052,DANGER,2,Dangerous
919.4,0.04,0.1086,4,884.7014,DANGER,2,Dangerous
919.5,0.04,0.1086,4,884.7976,DANGER,2,Dangerous
919.6,0.04,0.1086,4,884.8938,DANGER,2,Dangerous
919.7,0.04,0.1086,4,884.9901,DANGER,2,Dangerous
919.8,0.04,0.1086,4,885.0863,DANGER,2,Dangerous
919.9,0.04,0.1086,4,885.1825,DANGER,2,Dangerous
920.0,0.04,0.1086,4,885.2787,DANGER,2,Dangerous
920.1,0.04,0.1086,4,885.375,DANGER,2,Dangerous
920.2,0.04,0.1086,4,885.4712,DANGER,2,Dangerous
920.3,0.04,0.1085,4,885.5674,DANGER,2,Dangerous
920.4,0.04,0.1085,4,885.6636,DANGER,2,Dangerous
920.5,0.04,0.1085,4,885.7599,DANGER,2,Dangerous
920.6,0.04,0.1085,4,885.8561,DANGER,2,Dangerous
920.7,0.04,0.1085,4,885.9523,DANGER,2,Dangerous
920.8,0.04,0.1085,4,886.0485,DANGER,2,Dangerous
920.9,0.04,0.1085,4,886.1448,DANGER,2,Dangerous
921.0,0.04,0.1085,4,886.241,DANGER,2,Dangerous
921.1,0.04,0.1084,4,886.3372,DANGER,2,Dangerous
921.2,0.04,0.1084,4,886.4334,DANGER,2,Dangerous
921.3,0.04,0.1084,4,886.5297,DANGER,2,Dangerous
921.4,0.04,0.1084,4,886.6259,DANGER,2,Dangerous
921.5,0.04,0.1084,4,886.7221,DANGER,2,Dangerous
921.6,0.04,0.1084,4,886.8184,DANGER,2,Dangerous
921.7,0.04,0.1084,4,886.9146,DANGER,2,Dangerous
921.8,0.04,0.1084,4,887.0108,DANGER,2,Dangerous
921.9,0.04,0.1084,4,887.107,DANGER,2,Dangerous
922.0,0.04,0.1083,4,887.2033,DANGER,2,Dangerous
922.1,0.04,0.1083,4,887.2995,DANGER,2,Dangerous
922.2,0.04,0.1083,4,887.3957,DANGER,2,Dangerous
922.3,0.04,0.1083,4,887.4919,DANGER,2,Dangerous
922.4,0.04,0.1083,4,887.5882,DANGER,2,Dangerous
922.5,0.04,0.1083,4,887.6844,DANGER,2,Dangerous
922.6,0.04,0.1083,4,887.7806,DANGER,2,Dangerous
922.7,0.04,0.1083,4,887.8768,DANGER,2,Dangerous
922.8,0.04,0.1082,4,887.9731,DANGER,2,Dangerous
922.9,0.04,0.1082,4,888.0693,DANGER,2,Dangerous
923.0,0.04,0.1082,4,888.1655,DANGER,2,Dangerous
923.1,0.04,0.1082,4,888.2617,DANGER,2,Dangerous
923.2,0.04,0.1082,4,888.358,DANGER,2,Dangerous
923.3,0.04,0.1082,4,888.4542,DANGER,2,Dangerous
923.4,0.04,0.1082,4,888.5504,DANGER,2,Dangerous
923.5,0.04,0.1082,4,888.6466,DANGER,2,Dangerous
923.6,0.04,0.1082,4,888.7429,DANGER,2,Dangerous
923.7,0.04,0.1081,4,888.8391,DANGER,2,Dangerous
923.8,0.04,0.1081,4,888.9353,DANGER,2,Dangerous
923.9,0.04,0.1081,4,889.0315,DANGER,2,Dangerous
924.0,0.04,0.1081,4,889.1278,DANGER,2,Dangerous
924.1,0.04,0.1081,4,889.224,DANGER,2,Dangerous
924.2,0.04,0.1081,4,889.3202,DANGER,2,Dangerous
924.3,0.04,0.1081,4,889.4165,DANGER,2,Dangerous
924.4,0.04,0.1081,4,889.5127,DANGER,2,Dangerous
924.5,0.04,0.108,4,889.6089,DANGER,2,Dangerous
924.6,0.04,0.108,4,889.7051,DANGER,2,Dangerous
924.7,0.04,0.108,4,889.8014,DANGER,2,Dangerous
924.8,0.04,0.108,4,889.8976,DANGER,2,Dangerous
924.9,0.04,0.108,4,889.9938,DANGER,2,Dangerous
925.0,0.04,0.108,4,890.09,DANGER,2,Dangerous
925.1,0.04,0.108,4,890.1863,DANGER,2,Dangerous
925.2,0.04,0.108,4,890.2825,DANGER,2,Dangerous
925.3,0.04,0.108,4,890.3787,DANGER,2,Dangerous
925.4,0.04,0.1079,4,890.4749,DANGER,2,Dangerous
925.5,0.04,0.1079,4,890.5712,DANGER,2,Dangerous
925.6,0.04,0.1079,4,890.6674,DANGER,2,Dangerous
925.7,0.04,0.1079,4,890.7636,DANGER,2,Dangerous
925.8,0.04,0.1079,4,890.8598,DANGER,2,Dangerous
925.9,0.04,0.1079,4,890.9561,DANGER,2,Dangerous
926.0,0.04,0.1079,4,891.0523,DANGER,2,Dangerous
926.1,0.04,0.1079,4,891.1485,DANGER,2,Dangerous
926.2,0.04,0.1079,4,891.2447,DANGER,2,Dangerous
926.3,0.04,0.1078,4,891.341,DANGER,2,Dangerous
926.4,0.04,0.1078,4,891.4372,DANGER,2,Dangerous
926.5,0.04,0.1078,4,891.5334,DANGER,2,Dangerous
926.6,0.04,0.1078,4,891.6296,DANGER,2,Dangerous
926.7,0.04,0.1078,4,891.7259,DANGER,2,Dangerous
926.8,0.04,0.1078,4,891.8221,DANGER,2,Dangerous
926.9,0.04,0.1078,4,891.9183,DANGER,2,Dangerous
927.0,0.04,0.1078,4,892.0146,DANGER,2,Dangerous
927.1,0.04,0.1077,4,892.1108,DANGER,2,Dangerous
927.2,0.04,0.1077,4,892.207,DANGER,2,Dangerous
927.3,0.04,0.1077,4,892.3032,DANGER,2,Dangerous
927.4,0.04,0.1077,4,892.3995,DANGER,2,Dangerous
927.5,0.04,0.1077,4,892.4957,DANGER,2,Dangerous
927.6,0.04,0.1077,4,892.5919,DANGER,2,Dangerous
927.7,0.04,0.1077,4,892.6881,DANGER,2,Dangerous
927.8,0.04,0.1077,4,892.7844,DANGER,2,Dangerous
927.9,0.04,0.1077,4,892.8806,DANGER,2,Dangerous
928.0,0.04,0.1076,4,892.9768,DANGER,2,Dangerous
928.1,0.04,0.1076,4,893.073,DANGER,2,Dangerous
928.2,0.04,0.1076,4,893.1693,DANGER,2,Dangerous
928.3,0.04,0.1076,4,893.2655,DANGER,2,Dangerous
928.4,0.04,0.1076,4,893.3617,DANGER,2,Dangerous
928.5,0.04,0.1076,4,893.4579,DANGER,2,Dangerous
928.6,0.04,0.1076,4,893.5542,DANGER,2,Dangerous
928.7,0.04,0.1076,4,893.6504,DANGER,2,Dangerous
928.8,0.04,0.1076,4,893.7466,DANGER,2,Dangerous
928.9,0.04,0.1075,4,893.8428,DANGER,2,Dangerous
929.0,0.04,0.1075,4,893.9391,DANGER,2,Dangerous
929.1,0.04,0.1075,4,894.0353,DANGER,2,Dangerous
929.2,0.04,0.1075,4,894.1315,DANGER,2,Dangerous
929.3,0.04,0.1075,4,894.2277,DANGER,2,Dangerous
929.4,0.04,0.1075,4,894.324,DANGER,2,Dangerous
929.5,0.04,0.1075,4,894.4202,DANGER,2,Dangerous
929.6,0.04,0.1075,4,894.5164,DANGER,2,Dangerous
929.7,0.04,0.1074,4,894.6127,DANGER,2,Dangerous
929.8,0.04,0.1074,4,894.7089,DANGER,2,Dangerous
929.9,0.04,0.1074,4,894.8051,DANGER,2,Dangerous
930.0,0.04,0.1074,4,894.9013,DANGER,2,Dangerous
930.1,0.04,0.1074,4,894.9976,DANGER,2,Dangerous
930.2,0.04,0.1074,4,895.0938,DANGER,2,Dangerous
930.3,0.04,0.1074,4,895.19,DANGER,2,Dangerous
930.4,0.04,0.1074,4,895.2862,DANGER,2,Dangerous
930.5,0.04,0.1074,4,895.3825,DANGER,2,Dangerous
930.6,0.04,0.1073,4,895.4787,DANGER,2,Dangerous
930.7,0.04,0.1073,4,895.5749,DANGER,2,Dangerous
930.8,0.04,0.1073,4,895.6711,DANGER,2,Dangerous
930.9,0.04,0.1073,4,895.7674,DANGER,2,Dangerous
931.0,0.04,0.1073,4,895.8636,DANGER,2,Dangerous
931.1,0.04,0.1073,4,895.9598,DANGER,2,Dangerous
931.2,0.04,0.1073,4,896.056,DANGER,2,Dangerous
931.3,0.04,0.1073,4,896.1523,DANGER,2,Dangerous
931.4,0.04,0.1073,4,896.2485,DANGER,2,Dangerous
931.5,0.04,0.1072,4,896.3447,DANGER,2,Dangerous
931.6,0.04,0.1072,4,896.4409,DANGER,2,Dangerous
931.7,0.04,0.1072,4,896.5372,DANGER,2,Dangerous
931.8,0.04,0.1072,4,896.6334,DANGER,2,Dangerous
931.9,0.04,0.1072,4,896.7296,DANGER,2,Dangerous
932.0,0.04,0.1072,4,896.8259,DANGER,2,Dangerous
932.1,0.04,0.1072,4,896.9221,DANGER,2,Dangerous
932.2,0.04,0.1072,4,897.0183,DANGER,2,Dangerous
932.3,0.04,0.1071,4,897.1145,DANGER,2,Dangerous
932.4,0.04,0.1071,4,897.2108,DANGER,2,Dangerous
932.5,0.04,0.1071,4,897.307,DANGER,2,Dangerous
932.6,0.04,0.1071,4,897.4032,DANGER,2,Dangerous
932.7,0.04,0.1071,4,897.4994,DANGER,2,Dangerous
932.8,0.04,0.1071,4,897.5957,DANGER,2,Dangerous
932.9,0.04,0.1071,4,897.6919,DANGER,2,Dangerous
933.0,0.04,0.1071,4,897.7881,DANGER,2,Dangerous
933.1,0.04,0.1071,4,897.8843,DANGER,2,Dangerous
933.2,0.04,0.107,4,897.9806,DANGER,2,Dangerous
933.3,0.04,0.107,4,898.0768,DANGER,2,Dangerous
933.4,0.04,0.107,4,898.173,DANGER,2,Dangerous
933.5,0.04,0.107,4,898.2692,DANGER,2,Dangerous
933.6,0.04,0.107,4,898.3655,DANGER,2,Dangerous
933.7,0.04,0.107,4,898.4617,DANGER,2,Dangerous
933.8,0.04,0.107,4,898.5579,DANGER,2,Dangerous
933.9,0.04,0.107,4,898.6541,DANGER,2,Dangerous
934.0,0.04,0.107,4,898.7504,DANGER,2,Dangerous
934.1,0.04,0.1069,4,898.8466,DANGER,2,Dangerous
934.2,0.04,0.1069,4,898.9428,DANGER,2,Dangerous
934.3,0.04,0.1069,4,899.039,DANGER,2,Dangerous
934.4,0.04,0.1069,4,899.1353,DANGER,2,Dangerous
934.5,0.04,0.1069,4,899.2315,DANGER,2,Dangerous
934.6,0.04,0.1069,4,899.3277,DANGER,2,Dangerous
934.7,0.04,0.1069,4,899.424,DANGER,2,Dangerous
934.8,0.04,0.1069,4,899.5202,DANGER,2,Dangerous
934.9,0.04,0.1068,4,899.6164,DANGER,2,Dangerous
935.0,0.04,0.1068,4,899.7126,DANGER,2,Dangerous
935.1,0.04,0.1068,4,899.8089,DANGER,2,Dangerous
935.2,0.04,0.1068,4,899.9051,DANGER,2,Dangerous
935.3,0.04,0.1068,4,900.0013,DANGER,2,Dangerous
935.4,0.04,0.1068,4,900.0975,DANGER,2,Dangerous
935.5,0.04,0.1068,4,900.1938,DANGER,2,Dangerous
935.6,0.04,0.1068,4,900.29,DANGER,2,Dangerous
935.7,0.04,0.1068,4,900.3862,DANGER,2,Dangerous
935.8,0.04,0.1067,4,900.4824,DANGER,2,Dangerous
935.9,0.04,0.1067,4,900.5787,DANGER,2,Dangerous
936.0,0.04,0.1067,4,900.6749,DANGER,2,Dangerous
936.1,0.04,0.1067,4,900.7711,DANGER,2,Dangerous
936.2,0.04,0.1067,4,900.8673,DANGER,2,Dangerous
936.3,0.04,0.1067,4,900.9636,DANGER,2,Dangerous
936.4,0.04,0.1067,4,901.0598,DANGER,2,Dangerous
936.5,0.04,0.1067,4,901.156,DANGER,2,Dangerous
936.6,0.04,0.1067,4,901.2522,DANGER,2,Dangerous
936.7,0.04,0.1066,4,901.3485,DANGER,2,Dangerous
936.8,0.04,0.1066,4,901.4447,DANGER,2,Dangerous
936.9,0.04,0.1066,4,901.5409,DANGER,2,Dangerous
937.0,0.04,0.1066,4,901.6371,DANGER,2,Dangerous
937.1,0.04,0.1066,4,901.7334,DANGER,2,Dangerous
937.2,0.04,0.1066,4,901.8296,DANGER,2,Dangerous
937.3,0.04,0.1066,4,901.9258,DANGER,2,Dangerous
937.4,0.04,0.1066,4,902.0221,DANGER,2,Dangerous
937.5,0.04,0.1066,4,902.1183,DANGER,2,Dangerous
937.6,0.04,0.1065,4,902.2145,DANGER,2,Dangerous
937.7,0.04,0.1065,4,902.3107,DANGER,2,Dangerous
937.8,0.04,0.1065,4,902.407,DANGER,2,Dangerous
937.9,0.04,0.1065,4,902.5032,DANGER,2,Dangerous
938.0,0.04,0.1065,4,902.5994,DANGER,2,Dangerous
938.1,0.04,0.1065,4,902.6956,DANGER,2,Dangerous
938.2,0.04,0.1065,4,902.7919,DANGER,2,Dangerous
938.3,0.04,0.1065,4,902.8881,DANGER,2,Dangerous
938.4,0.04,0.1065,4,902.9843,DANGER,2,Dangerous
938.5,0.04,0.1064,4,903.0805,DANGER,2,Dangerous
938.6,0.04,0.1064,4,903.1768,DANGER,2,Dangerous
938.7,0.04,0.1064,4,903.273,DANGER,2,Dangerous
938.8,0.04,0.1064,4,903.3692,DANGER,2,Dangerous
938.9,0.04,0.1064,4,903.4654,DANGER,2,Dangerous
939.0,0.04,0.1064,4,903.5617,DANGER,2,Dangerous
939.1,0.04,0.1064,4,903.6579,DANGER,2,Dangerous
939.2,0.04,0.1064,4,903.7541,DANGER,2,Dangerous
939.3,0.04,0.1063,4,903.8503,DANGER,2,Dangerous
939.4,0.04,0.1063,4,903.9466,DANGER,2,Dangerous
939.5,0.04,0.1063,4,904.0428,DANGER,2,Dangerous
939.6,0.04,0.1063,4,904.139,DANGER,2,Dangerous
939.7,0.04,0.1063,4,904.2352,DANGER,2,Dangerous
939.8,0.04,0.1063,4,904.3315,DANGER,2,Dangerous
939.9,0.04,0.1063,4,904.4277,DANGER,2,Dangerous
940.0,0.04,0.1063,4,904.5239,DANGER,2,Dangerous
940.1,0.04,0.1063,4,904.6202,DANGER,2,Dangerous
940.2,0.04,0.1062,4,904.7164,DANGER,2,Dangerous
940.3,0.04,0.1062,4,904.8126,DANGER,2,Dangerous
940.4,0.04,0.1062,4,904.9088,DANGER,2,Dangerous
940.5,0.04,0.1062,4,905.0051,DANGER,2,Dangerous
940.6,0.04,0.1062,4,905.1013,DANGER,2,Dangerous
940.7,0.04,0.1062,4,905.1975,DANGER,2,Dangerous
940.8,0.04,0.1062,4,905.2937,DANGER,2,Dangerous
940.9,0.04,0.1062,4,905.39,DANGER,2,Dangerous
941.0,0.04,0.1062,4,905.4862,DANGER,2,Dangerous
941.1,0.04,0.1061,4,905.5824,DANGER,2,Dangerous
941.2,0.04,0.1061,4,905.6786,DANGER,2,Dangerous
941.3,0.04,0.1061,4,905.7749,DANGER,2,Dangerous
941.4,0.04,0.1061,4,905.8711,DANGER,2,Dangerous
941.5,0.04,0.1061,4,905.9673,DANGER,2,Dangerous
941.6,0.04,0.1061,4,906.0635,DANGER,2,Dangerous
941.7,0.04,0.1061,4,906.1598,DANGER,2,Dangerous
941.8,0.04,0.1061,4,906.256,DANGER,2,Dangerous
941.9,0.04,0.1061,4,906.3522,DANGER,2,Dangerous
942.0,0.04,0.106,4,906.4484,DANGER,2,Dangerous
942.1,0.04,0.106,4,906.5447,DANGER,2,Dangerous
942.2,0.04,0.106,4,906.6409,DANGER,2,Dangerous
942.3,0.04,0.106,4,906.7371,DANGER,2,Dangerous
942.4,0.04,0.106,4,906.8333,DANGER,2,Dangerous
942.5,0.04,0.106,4,906.9296,DANGER,2,Dangerous
942.6,0.04,0.106,4,907.0258,DANGER,2,Dangerous
942.7,0.04,0.106,4,907.122,DANGER,2,Dangerous
942.8,0.04,0.106,4,907.2183,DANGER,2,Dangerous
942.9,0.04,0.1059,4,907.3145,DANGER,2,Dangerous
943.0,0.04,0.1059,4,907.4107,DANGER,2,Dangerous
943.1,0.04,0.1059,4,907.5069,DANGER,2,Dangerous
943.2,0.04,0.1059,4,907.6032,DANGER,2,Dangerous
943.3,0.04,0.1059,4,907.6994,DANGER,2,Dangerous
943.4,0.04,0.1059,4,907.7956,DANGER,2,Dangerous
943.5,0.04,0.1059,4,907.8918,DANGER,2,Dangerous
943.6,0.04,0.1059,4,907.9881,DANGER,2,Dangerous
943.7,0.04,0.1059,4,908.0843,DANGER,2,Dangerous
943.8,0.04,0.1058,4,908.1805,DANGER,2,Dangerous
943.9,0.04,0.1058,4,908.2767,DANGER,2,Dangerous
944.0,0.04,0.1058,4,908.373,DANGER,2,Dangerous
944.1,0.04,0.1058,4,908.4692,DANGER,2,Dangerous
944.2,0.04,0.1058,4,908.5654,DANGER,2,Dangerous
944.3,0.04,0.1058,4,908.6616,DANGER,2,Dangerous
944.4,0.04,0.1058,4,908.7579,DANGER,2,Dangerous
944.5,0.04,0.1058,4,908.8541,DANGER,2,Dangerous
944.6,0.04,0.1058,4,908.9503,DANGER,2,Dangerous
944.7,0.04,0.1057,4,909.0465,DANGER,2,Dangerous
944.8,0.04,0.1057,4,909.1428,DANGER,2,Dangerous
944.9,0.04,0.1057,4,909.239,DANGER,2,Dangerous
945.0,0.04,0.1057,4,909.3352,DANGER,2,Dangerous
945.1,0.04,0.1057,4,909.4314,DANGER,2,Dangerous
945.2,0.04,0.1057,4,909.5277,DANGER,2,Dangerous
945.3,0.04,0.1057,4,909.6239,DANGER,2,Dangerous
945.4,0.04,0.1057,4,909.7201,DANGER,2,Dangerous
945.5,0.04,0.1057,4,909.8164,DANGER,2,Dangerous
945.6,0.04,0.1056,4,909.9126,DANGER,2,Dangerous
945.7,0.04,0.1056,4,910.0088,DANGER,2,Dangerous
945.8,0.04,0.1056,4,910.105,DANGER,2,Dangerous
945.9,0.04,0.1056,4,910.2013,DANGER,2,Dangerous
946.0,0.04,0.1056,4,910.2975,DANGER,2,Dangerous
946.1,0.04,0.1056,4,910.3937,DANGER,2,Dangerous
946.2,0.04,0.1056,4,910.4899,DANGER,2,Dangerous
946.3,0.04,0.1056,4,910.5862,DANGER,2,Dangerous
946.4,0.04,0.1056,4,910.6824,DANGER,2,Dangerous
946.5,0.03,0.1055,4,919.3258,DANGER,2,Dangerous
946.6,0.03,0.1055,4,919.423,DANGER,2,Dangerous
946.7,0.03,0.1055,4,919.5201,DANGER,2,Dangerous
946.8,0.03,0.1055,4,919.6172,DANGER,2,Dangerous
946.9,0.03,0.1055,4,919.7143,DANGER,2,Dangerous
947.0,0.03,0.1055,4,919.8115,DANGER,2,Dangerous
947.1,0.03,0.1055,4,919.9086,DANGER,2,Dangerous
947.2,0.03,0.1055,4,920.0057,DANGER,2,Dangerous
947.3,0.03,0.1055,4,920.1029,DANGER,2,Dangerous
947.4,0.03,0.1054,4,920.2,DANGER,2,Dangerous
947.5,0.03,0.1054,4,920.2971,DANGER,2,Dangerous
947.6,0.03,0.1054,4,920.3942,DANGER,2,Dangerous
947.7,0.03,0.1054,4,920.4914,DANGER,2,Dangerous
947.8,0.03,0.1054,4,920.5885,DANGER,2,Dangerous
947.9,0.03,0.1054,4,920.6856,DANGER,2,Dangerous
948.0,0.03,0.1054,4,920.7828,DANGER,2,Dangerous
948.1,0.03,0.1054,4,920.8799,DANGER,2,Dangerous
948.2,0.03,0.1054,4,920.977,DANGER,2,Dangerous
948.3,0.03,0.1053,4,921.0742,DANGER,2,Dangerous
948.4,0.03,0.1053,4,921.1713,DANGER,2,Dangerous
948.5,0.03,0.1053,4,921.2684,DANGER,2,Dangerous
948.6,0.03,0.1053,4,921.3655,DANGER,2,Dangerous
948.7,0.03,0.1053,4,921.4627,DANGER,2,Dangerous
948.8,0.03,0.1053,4,921.5598,DANGER,2,Dangerous
948.9,0.03,0.1053,4,921.6569,DANGER,2,Dangerous
949.0,0.03,0.1053,4,921.7541,DANGER,2,Dangerous
949.1,0.03,0.1053,4,921.8512,DANGER,2,Dangerous
949.2,0.03,0.1052,4,921.9483,DANGER,2,Dangerous
949.3,0.03,0.1052,4,922.0454,DANGER,2,Dangerous
949.4,0.03,0.1052,4,922.1426,DANGER,2,Dangerous
949.5,0.03,0.1052,4,922.2397,DANGER,2,Dangerous
949.6,0.03,0.1052,4,922.3368,DANGER,2,Dangerous
949.7,0.03,0.1052,4,922.434,DANGER,2,Dangerous
949.8,0.03,0.1052,4,922.5311,DANGER,2,Dangerous
949.9,0.03,0.1052,4,922.6282,DANGER,2,Dangerous
950.0,0.03,0.1052,4,922.7253,DANGER,2,Dangerous
950.1,0.03,0.1051,4,922.8225,DANGER,2,Dangerous
950.2,0.03,0.1051,4,922.9196,DANGER,2,Dangerous
950.3,0.03,0.1051,4,923.0167,DANGER,2,Dangerous
950.4,0.03,0.1051,4,923.1139,DANGER,2,Dangerous
950.5,0.03,0.1051,4,923.211,DANGER,2,Dangerous
950.6,0.03,0.1051,4,923.3081,DANGER,2,Dangerous
950.7,0.03,0.1051,4,923.4052,DANGER,2,Dangerous
950.8,0.03,0.1051,4,923.5024,DANGER,2,Dangerous
950.9,0.03,0.1051,4,923.5995,DANGER,2,Dangerous
951.0,0.03,0.105,4,923.6966,DANGER,2,Dangerous
951.1,0.03,0.105,4,923.7938,DANGER,2,Dangerous
951.2,0.03,0.105,4,923.8909,DANGER,2,Dangerous
951.3,0.03,0.105,4,923.988,DANGER,2,Dangerous
951.4,0.03,0.105,4,924.0851,DANGER,2,Dangerous
951.5,0.03,0.105,4,924.1823,DANGER,2,Dangerous
951.6,0.03,0.105,4,924.2794,DANGER,2,Dangerous
951.7,0.03,0.105,4,924.3765,DANGER,2,Dangerous
951.8,0.03,0.105,4,924.4737,DANGER,2,Dangerous
951.9,0.03,0.1049,4,924.5708,DANGER,2,Dangerous
952.0,0.03,0.1049,4,924.6679,DANGER,2,Dangerous
952.1,0.03,0.1049,4,924.7651,DANGER,2,Dangerous
952.2,0.03,0.1049,4,924.8622,DANGER,2,Dangerous
952.3,0.03,0.1049,4,924.9593,DANGER,2,Dangerous
952.4,0.03,0.1049,4,925.0564,DANGER,2,Dangerous
952.5,0.03,0.1049,4,925.1536,DANGER,2,Dangerous
952.6,0.03,0.1049,4,925.2507,DANGER,2,Dangerous
952.7,0.03,0.1049,4,925.3478,DANGER,2,Dangerous
952.8,0.03,0.1048,4,925.445,DANGER,2,Dangerous
952.9,0.03,0.1048,4,925.5421,DANGER,2,Dangerous
953.0,0.03,0.1048,4,925.6392,DANGER,2,Dangerous
953.1,0.03,0.1048,4,925.7363,DANGER,2,Dangerous
953.2,0.03,0.1048,4,925.8335,DANGER,2,Dangerous
953.3,0.03,0.1048,4,925.9306,DANGER,2,Dangerous
953.4,0.03,0.1048,4,926.0277,DANGER,2,Dangerous
953.5,0.03,0.1048,4,926.1249,DANGER,2,Dangerous
953.6,0.03,0.1048,4,926.222,DANGER,2,Dangerous
953.7,0.03,0.1047,4,926.3191,DANGER,2,Dangerous
953.8,0.03,0.1047,4,926.4162,DANGER,2,Dangerous
953.9,0.03,0.1047,4,926.5134,DANGER,2,Dangerous
954.0,0.03,0.1047,4,926.6105,DANGER,2,Dangerous
954.1,0.03,0.1047,4,926.7076,DANGER,2,Dangerous
954.2,0.03,0.1047,4,926.8048,DANGER,2,Dangerous
954.3,0.03,0.1047,4,926.9019,DANGER,2,Dangerous
954.4,0.03,0.1047,4,926.999,DANGER,2,Dangerous
954.5,0.03,0.1047,4,927.0961,DANGER,2,Dangerous
954.6,0.03,0.1046,4,927.1933,DANGER,2,Dangerous
954.7,0.03,0.1046,4,927.2904,DANGER,2,Dangerous
954.8,0.03,0.1046,4,927.3875,DANGER,2,Dangerous
954.9,0.03,0.1046,4,927.4847,DANGER,2,Dangerous
955.0,0.03,0.1046,4,927.5818,DANGER,2,Dangerous
955.1,0.03,0.1046,4,927.6789,DANGER,2,Dangerous
955.2,0.03,0.1046,4,927.7761,DANGER,2,Dangerous
955.3,0.03,0.1046,4,927.8732,DANGER,2,Dangerous
955.4,0.03,0.1046,4,927.9703,DANGER,2,Dangerous
955.5,0.03,0.1045,4,928.0674,DANGER,2,Dangerous
955.6,0.03,0.1045,4,928.1646,DANGER,2,Dangerous
955.7,0.03,0.1045,4,928.2617,DANGER,2,Dangerous
955.8,0.03,0.1045,4,928.3588,DANGER,2,Dangerous
955.9,0.03,0.1045,4,928.456,DANGER,2,Dangerous
956.0,0.03,0.1045,4,928.5531,DANGER,2,Dangerous
956.1,0.03,0.1045,4,928.6502,DANGER,2,Dangerous
956.2,0.03,0.1045,4,928.7473,DANGER,2,Dangerous
956.3,0.03,0.1045,4,928.8445,DANGER,2,Dangerous
956.4,0.03,0.1044,4,928.9416,DANGER,2,Dangerous
956.5,0.03,0.1044,4,929.0387,DANGER,2,Dangerous
956.6,0.03,0.1044,4,929.1359,DANGER,2,Dangerous
956.7,0.03,0.1044,4,929.233,DANGER,2,Dangerous
956.8,0.03,0.1044,4,929.3301,DANGER,2,Dangerous
956.9,0.03,0.1044,4,929.4272,DANGER,2,Dangerous
957.0,0.03,0.1044,4,929.5244,DANGER,2,Dangerous
957.1,0.03,0.1044,4,929.6215,DANGER,2,Dangerous
957.2,0.03,0.1044,4,929.7186,DANGER,2,Dangerous
957.3,0.03,0.1044,4,929.8158,DANGER,2,Dangerous
957.4,0.03,0.1043,4,929.9129,DANGER,2,Dangerous
957.5,0.03,0.1043,4,930.01,DANGER,2,Dangerous
957.6,0.03,0.1043,4,930.1071,DANGER,2,Dangerous
957.7,0.03,0.1043,4,930.2043,DANGER,2,Dangerous
957.8,0.03,0.1043,4,930.3014,DANGER,2,Dangerous
957.9,0.03,0.1043,4,930.3985,DANGER,2,Dangerous
958.0,0.03,0.1043,4,930.4957,DANGER,2,Dangerous
958.1,0.03,0.1043,4,930.5928,DANGER,2,Dangerous
958.2,0.03,0.1043,4,930.6899,DANGER,2,Dangerous
958.3,0.03,0.1042,4,930.787,DANGER,2,Dangerous
958.4,0.03,0.1042,4,930.8842,DANGER,2,Dangerous
958.5,0.03,0.1042,4,930.9813,DANGER,2,Dangerous
958.6,0.03,0.1042,4,931.0784,DANGER,2,Dangerous
958.7,0.03,0.1042,4,931.1756,DANGER,2,Dangerous
958.8,0.03,0.1042,4,931.2727,DANGER,2,Dangerous
958.9,0.03,0.1042,4,931.3698,DANGER,2,Dangerous
959.0,0.03,0.1042,4,931.467,DANGER,2,Dangerous
959.1,0.03,0.1042,4,931.5641,DANGER,2,Dangerous
959.2,0.03,0.1041,4,931.6612,DANGER,2,Dangerous
959.3,0.03,0.1041,4,931.7583,DANGER,2,Dangerous
959.4,0.03,0.1041,4,931.8555,DANGER,2,Dangerous
959.5,0.03,0.1041,4,931.9526,DANGER,2,Dangerous
959.6,0.03,0.1041,4,932.0497,DANGER,2,Dangerous
959.7,0.03,0.1041,4,932.1469,DANGER,2,Dangerous
959.8,0.03,0.1041,4,932.244,DANGER,2,Dangerous
959.9,0.03,0.1041,4,932.3411,DANGER,2,Dangerous
960.0,0.03,0.1041,4,932.4382,DANGER,2,Dangerous
960.1,0.03,0.104,4,932.5354,DANGER,2,Dangerous
960.2,0.03,0.104,4,932.6325,DANGER,2,Dangerous
960.3,0.03,0.104,4,932.7296,DANGER,2,Dangerous
960.4,0.03,0.104,4,932.8268,DANGER,2,Dangerous
960.5,0.03,0.104,4,932.9239,DANGER,2,Dangerous
960.6,0.03,0.104,4,933.021,DANGER,2,Dangerous
960.7,0.03,0.104,4,933.1181,DANGER,2,Dangerous
960.8,0.03,0.104,4,933.2153,DANGER,2,Dangerous
960.9,0.03,0.104,4,933.3124,DANGER,2,Dangerous
961.0,0.03,0.104,4,933.4095,DANGER,2,Dangerous
961.1,0.03,0.1039,4,933.5067,DANGER,2,Dangerous
961.2,0.03,0.1039,4,933.6038,DANGER,2,Dangerous
961.3,0.03,0.1039,4,933.7009,DANGER,2,Dangerous
961.4,0.03,0.1039,4,933.798,DANGER,2,Dangerous
961.5,0.03,0.1039,4,933.8952,DANGER,2,Dangerous
961.6,0.03,0.1039,4,933.9923,DANGER,2,Dangerous
961.7,0.03,0.1039,4,934.0894,DANGER,2,Dangerous
961.8,0.03,0.1039,4,934.1866,DANGER,2,Dangerous
961.9,0.03,0.1039,4,934.2837,DANGER,2,Dangerous
962.0,0.03,0.1038,4,934.3808,DANGER,2,Dangerous
962.1,0.03,0.1038,4,934.478,DANGER,2,Dangerous
962.2,0.03,0.1038,4,934.5751,DANGER,2,Dangerous
962.3,0.03,0.1038,4,934.6722,DANGER,2,Dangerous
962.4,0.03,0.1038,4,934.7693,DANGER,2,Dangerous
962.5,0.03,0.1038,4,934.8665,DANGER,2,Dangerous
962.6,0.03,0.1038,4,934.9636,DANGER,2,Dangerous
962.7,0.03,0.1038,4,935.0607,DANGER,2,Dangerous
962.8,0.03,0.1038,4,935.1579,DANGER,2,Dangerous
962.9,0.03,0.1037,4,935.255,DANGER,2,Dangerous
963.0,0.03,0.1037,4,935.3521,DANGER,2,Dangerous
963.1,0.03,0.1037,4,935.4492,DANGER,2,Dangerous
963.2,0.03,0.1037,4,935.5464,DANGER,2,Dangerous
963.3,0.03,0.1037,4,935.6435,DANGER,2,Dangerous
963.4,0.03,0.1037,4,935.7406,DANGER,2,Dangerous
963.5,0.03,0.1037,4,935.8378,DANGER,2,Dangerous
963.6,0.03,0.1037,4,935.9349,DANGER,2,Dangerous
963.7,0.03,0.1037,4,936.032,DANGER,2,Dangerous
963.8,0.03,0.1036,4,936.1291,DANGER,2,Dangerous
963.9,0.03,0.1036,4,936.2263,DANGER,2,Dangerous
964.0,0.03,0.1036,4,936.3234,DANGER,2,Dangerous
964.1,0.03,0.1036,4,936.4205,DANGER,2,Dangerous
964.2,0.03,0.1036,4,936.5177,DANGER,2,Dangerous
964.3,0.03,0.1036,4,936.6148,DANGER,2,Dangerous
964.4,0.03,0.1036,4,936.7119,DANGER,2,Dangerous
964.5,0.03,0.1036,4,936.809,DANGER,2,Dangerous
964.6,0.03,0.1036,4,936.9062,DANGER,2,Dangerous
964.7,0.03,0.1036,4,937.0033,DANGER,2,Dangerous
964.8,0.03,0.1035,4,937.1004,DANGER,2,Dangerous
964.9,0.03,0.1035,4,937.1976,DANGER,2,Dangerous
965.0,0.03,0.1035,4,937.2947,DANGER,2,Dangerous
965.1,0.03,0.1035,4,937.3918,DANGER,2,Dangerous
965.2,0.03,0.1035,4,937.4889,DANGER,2,Dangerous
965.3,0.03,0.1035,4,937.5861,DANGER,2,Dangerous
965.4,0.03,0.1035,4,937.6832,DANGER,2,Dangerous
965.5,0.03,0.1035,4,937.7803,DANGER,2,Dangerous
965.6,0.03,0.1035,4,937.8775,DANGER,2,Dangerous
965.7,0.03,0.1034,4,937.9746,DANGER,2,Dangerous
965.8,0.03,0.1034,4,938.0717,DANGER,2,Dangerous
965.9,0.03,0.1034,4,938.1689,DANGER,2,Dangerous
966.0,0.03,0.1034,4,938.266,DANGER,2,Dangerous
966.1,0.03,0.1034,4,938.3631,DANGER,2,Dangerous
966.2,0.03,0.1034,4,938.4602,DANGER,2,Dangerous
966.3,0.03,0.1034,4,938.5574,DANGER,2,Dangerous
966.4,0.03,0.1034,4,938.6545,DANGER,2,Dangerous
966.5,0.03,0.1034,4,938.7516,DANGER,2,Dangerous
966.6,0.03,0.1033,4,938.8488,DANGER,2,Dangerous
966.7,0.03,0.1033,4,938.9459,DANGER,2,Dangerous
966.8,0.03,0.1033,4,939.043,DANGER,2,Dangerous
966.9,0.03,0.1033,4,939.1401,DANGER,2,Dangerous
967.0,0.03,0.1033,4,939.2373,DANGER,2,Dangerous
967.1,0.03,0.1033,4,939.3344,DANGER,2,Dangerous
967.2,0.03,0.1033,4,939.4315,DANGER,2,Dangerous
967.3,0.03,0.1033,4,939.5287,DANGER,2,Dangerous
967.4,0.03,0.1033,4,939.6258,DANGER,2,Dangerous
967.5,0.03,0.1033,4,939.7229,DANGER,2,Dangerous
967.6,0.03,0.1032,4,939.82,DANGER,2,Dangerous
967.7,0.03,0.1032,4,939.9172,DANGER,2,Dangerous
967.8,0.03,0.1032,4,940.0143,DANGER,2,Dangerous
967.9,0.03,0.1032,4,940.1114,DANGER,2,Dangerous
968.0,0.03,0.1032,4,940.2086,DANGER,2,Dangerous
968.1,0.03,0.1032,4,940.3057,DANGER,2,Dangerous
968.2,0.03,0.1032,4,940.4028,DANGER,2,Dangerous
968.3,0.03,0.1032,4,940.4999,DANGER,2,Dangerous
968.4,0.03,0.1032,4,940.5971,DANGER,2,Dangerous
968.5,0.03,0.1031,4,940.6942,DANGER,2,Dangerous
968.6,0.03,0.1031,4,940.7913,DANGER,2,Dangerous
968.7,0.03,0.1031,4,940.8885,DANGER,2,Dangerous
968.8,0.03,0.1031,4,940.9856,DANGER,2,Dangerous
968.9,0.03,0.1031,4,941.0827,DANGER,2,Dangerous
969.0,0.03,0.1031,4,941.1799,DANGER,2,Dangerous
969.1,0.03,0.1031,4,941.277,DANGER,2,Dangerous
969.2,0.03,0.1031,4,941.3741,DANGER,2,Dangerous
969.3,0.03,0.1031,4,941.4712,DANGER,2,Dangerous
969.4,0.03,0.1031,4,941.5684,DANGER,2,Dangerous
969.5,0.03,0.103,4,941.6655,DANGER,2,Dangerous
969.6,0.03,0.103,4,941.7626,DANGER,2,Dangerous
969.7,0.03,0.103,4,941.8598,DANGER,2,Dangerous
969.8,0.03,0.103,4,941.9569,DANGER,2,Dangerous
969.9,0.03,0.103,4,942.054,DANGER,2,Dangerous
970.0,0.03,0.103,4,942.1511,DANGER,2,Dangerous
970.1,0.03,0.103,4,942.2483,DANGER,2,Dangerous
970.2,0.03,0.103,4,942.3454,DANGER,2,Dangerous
970.3,0.03,0.103,4,942.4425,DANGER,2,Dangerous
970.4,0.03,0.1029,4,942.5397,DANGER,2,Dangerous
970.5,0.03,0.1029,4,942.6368,DANGER,2,Dangerous
970.6,0.03,0.1029,4,942.7339,DANGER,2,Dangerous
970.7,0.03,0.1029,4,942.831,DANGER,2,Dangerous
970.8,0.03,0.1029,4,942.9282,DANGER,2,Dangerous
970.9,0.03,0.1029,4,943.0253,DANGER,2,Dangerous
971.0,0.03,0.1029,4,943.1224,DANGER,2,Dangerous
971.1,0.03,0.1029,4,943.2196,DANGER,2,Dangerous
971.2,0.03,0.1029,4,943.3167,DANGER,2,Dangerous
971.3,0.03,0.1028,4,943.4138,DANGER,2,Dangerous
971.4,0.03,0.1028,4,943.5109,DANGER,2,Dangerous
971.5,0.03,0.1028,4,943.6081,DANGER,2,Dangerous
971.6,0.03,0.1028,4,943.7052,DANGER,2,Dangerous
971.7,0.03,0.1028,4,943.8023,DANGER,2,Dangerous
971.8,0.03,0.1028,4,943.8995,DANGER,2,Dangerous
971.9,0.03,0.1028,4,943.9966,DANGER,2,Dangerous
972.0,0.03,0.1028,4,944.0937,DANGER,2,Dangerous
972.1,0.03,0.1028,4,944.1908,DANGER,2,Dangerous
972.2,0.03,0.1028,4,944.288,DANGER,2,Dangerous
972.3,0.03,0.1027,4,944.3851,DANGER,2,Dangerous
972.4,0.03,0.1027,4,944.4822,DANGER,2,Dangerous
972.5,0.03,0.1027,4,944.5794,DANGER,2,Dangerous
972.6,0.03,0.1027,4,944.6765,DANGER,2,Dangerous
972.7,0.03,0.1027,4,944.7736,DANGER,2,Dangerous
972.8,0.03,0.1027,4,944.8708,DANGER,2,Dangerous
972.9,0.03,0.1027,4,944.9679,DANGER,2,Dangerous
973.0,0.03,0.1027,4,945.065,DANGER,2,Dangerous
973.1,0.03,0.1027,4,945.1621,DANGER,2,Dangerous
973.2,0.03,0.1026,4,945.2593,DANGER,2,Dangerous
973.3,0.03,0.1026,4,945.3564,DANGER,2,Dangerous
973.4,0.03,0.1026,4,945.4535,DANGER,2,Dangerous
973.5,0.03,0.1026,4,945.5507,DANGER,2,Dangerous
973.6,0.03,0.1026,4,945.6478,DANGER,2,Dangerous
973.7,0.03,0.1026,4,945.7449,DANGER,2,Dangerous
973.8,0.03,0.1026,4,945.842,DANGER,2,Dangerous
973.9,0.03,0.1026,4,945.9392,DANGER,2,Dangerous
974.0,0.03,0.1026,4,946.0363,DANGER,2,Dangerous
974.1,0.03,0.1026,4,946.1334,DANGER,2,Dangerous
974.2,0.03,0.1025,4,946.2306,DANGER,2,Dangerous
974.3,0.03,0.1025,4,946.3277,DANGER,2,Dangerous
974.4,0.03,0.1025,4,946.4248,DANGER,2,Dangerous
974.5,0.03,0.1025,4,946.5219,DANGER,2,Dangerous
974.6,0.03,0.1025,4,946.6191,DANGER,2,Dangerous
974.7,0.03,0.1025,4,946.7162,DANGER,2,Dangerous
974.8,0.03,0.1025,4,946.8133,DANGER,2,Dangerous
974.9,0.03,0.1025,4,946.9105,DANGER,2,Dangerous
975.0,0.03,0.1025,4,947.0076,DANGER,2,Dangerous
975.1,0.03,0.1024,4,947.1047,DANGER,2,Dangerous
975.2,0.03,0.1024,4,947.2018,DANGER,2,Dangerous
975.3,0.03,0.1024,4,947.299,DANGER,2,Dangerous
975.4,0.03,0.1024,4,947.3961,DANGER,2,Dangerous
975.5,0.03,0.1024,4,947.4932,DANGER,2,Dangerous
975.6,0.03,0.1024,4,947.5904,DANGER,2,Dangerous
975.7,0.03,0.1024,4,947.6875,DANGER,2,Dangerous
975.8,0.03,0.1024,4,947.7846,DANGER,2,Dangerous
975.9,0.03,0.1024,4,947.8818,DANGER,2,Dangerous
976.0,0.03,0.1024,4,947.9789,DANGER,2,Dangerous
976.1,0.03,0.1023,4,948.076,DANGER,2,Dangerous
976.2,0.03,0.1023,4,948.1731,DANGER,2,Dangerous
976.3,0.03,0.1023,4,948.2703,DANGER,2,Dangerous
976.4,0.03,0.1023,4,948.3674,DANGER,2,Dangerous
976.5,0.03,0.1023,4,948.4645,DANGER,2,Dangerous
976.6,0.03,0.1023,4,948.5617,DANGER,2,Dangerous
976.7,0.03,0.1023,4,948.6588,DANGER,2,Dangerous
976.8,0.03,0.1023,4,948.7559,DANGER,2,Dangerous
976.9,0.03,0.1023,4,948.853,DANGER,2,Dangerous
977.0,0.03,0.1022,4,948.9502,DANGER,2,Dangerous
977.1,0.03,0.1022,4,949.0473,DANGER,2,Dangerous
977.2,0.03,0.1022,4,949.1444,DANGER,2,Dangerous
977.3,0.03,0.1022,4,949.2416,DANGER,2,Dangerous
977.4,0.03,0.1022,4,949.3387,DANGER,2,Dangerous
977.5,0.03,0.1022,4,949.4358,DANGER,2,Dangerous
977.6,0.03,0.1022,4,949.5329,DANGER,2,Dangerous
977.7,0.03,0.1022,4,949.6301,DANGER,2,Dangerous
977.8,0.03,0.1022,4,949.7272,DANGER,2,Dangerous
977.9,0.03,0.1022,4,949.8243,DANGER,2,Dangerous
978.0,0.03,0.1021,4,949.9215,DANGER,2,Dangerous
978.1,0.03,0.1021,4,950.0186,DANGER,2,Dangerous
978.2,0.03,0.1021,4,950.1157,DANGER,2,Dangerous
978.3,0.03,0.1021,4,950.2128,DANGER,2,Dangerous
978.4,0.03,0.1021,4,950.31,DANGER,2,Dangerous
978.5,0.03,0.1021,4,950.4071,DANGER,2,Dangerous
978.6,0.03,0.1021,4,950.5042,DANGER,2,Dangerous
978.7,0.03,0.1021,4,950.6014,DANGER,2,Dangerous
978.8,0.03,0.1021,4,950.6985,DANGER,2,Dangerous
978.9,0.03,0.1021,4,950.7956,DANGER,2,Dangerous
979.0,0.03,0.102,4,950.8927,DANGER,2,Dangerous
979.1,0.03,0.102,4,950.9899,DANGER,2,Dangerous
979.2,0.03,0.102,4,951.087,DANGER,2,Dangerous
979.3,0.03,0.102,4,951.1841,DANGER,2,Dangerous
979.4,0.03,0.102,4,951.2813,DANGER,2,Dangerous
979.5,0.03,0.102,4,951.3784,DANGER,2,Dangerous
979.6,0.03,0.102,4,951.4755,DANGER,2,Dangerous
979.7,0.03,0.102,4,951.5727,DANGER,2,Dangerous
979.8,0.03,0.102,4,951.6698,DANGER,2,Dangerous
979.9,0.03,0.1019,4,951.7669,DANGER,2,Dangerous
980.0,0.03,0.1019,4,951.864,DANGER,2,Dangerous
980.1,0.03,0.1019,4,951.9612,DANGER,2,Dangerous
980.2,0.03,0.1019,4,952.0583,DANGER,2,Dangerous
980.3,0.03,0.1019,4,952.1554,DANGER,2,Dangerous
980.4,0.03,0.1019,4,952.2526,DANGER,2,Dangerous
980.5,0.03,0.1019,4,952.3497,DANGER,2,Dangerous
980.6,0.03,0.1019,4,952.4468,DANGER,2,Dangerous
980.7,0.03,0.1019,4,952.5439,DANGER,2,Dangerous
980.8,0.03,0.1019,4,952.6411,DANGER,2,Dangerous
980.9,0.03,0.1018,4,952.7382,DANGER,2,Dangerous
981.0,0.03,0.1018,4,952.8353,DANGER,2,Dangerous
981.1,0.03,0.1018,4,952.9325,DANGER,2,Dangerous
981.2,0.03,0.1018,4,953.0296,DANGER,2,Dangerous
981.3,0.03,0.1018,4,953.1267,DANGER,2,Dangerous
981.4,0.03,0.1018,4,953.2238,DANGER,2,Dangerous
981.5,0.03,0.1018,4,953.321,DANGER,2,Dangerous
981.6,0.03,0.1018,4,953.4181,DANGER,2,Dangerous
981.7,0.03,0.1018,4,953.5152,DANGER,2,Dangerous
981.8,0.03,0.1018,4,953.6124,DANGER,2,Dangerous
981.9,0.03,0.1017,4,953.7095,DANGER,2,Dangerous
982.0,0.03,0.1017,4,953.8066,DANGER,2,Dangerous
982.1,0.03,0.1017,4,953.9037,DANGER,2,Dangerous
982.2,0.03,0.1017,4,954.0009,DANGER,2,Dangerous
982.3,0.03,0.1017,4,954.098,DANGER,2,Dangerous
982.4,0.03,0.1017,4,954.1951,DANGER,2,Dangerous
982.5,0.03,0.1017,4,954.2923,DANGER,2,Dangerous
982.6,0.03,0.1017,4,954.3894,DANGER,2,Dangerous
982.7,0.03,0.1017,4,954.4865,DANGER,2,Dangerous
982.8,0.03,0.1016,4,954.5837,DANGER,2,Dangerous
982.9,0.03,0.1016,4,954.6808,DANGER,2,Dangerous
983.0,0.03,0.1016,4,954.7779,DANGER,2,Dangerous
983.1,0.03,0.1016,4,954.875,DANGER,2,Dangerous
983.2,0.03,0.1016,4,954.9722,DANGER,2,Dangerous
983.3,0.03,0.1016,4,955.0693,DANGER,2,Dangerous
983.4,0.03,0.1016,4,955.1664,DANGER,2,Dangerous
983.5,0.03,0.1016,4,955.2636,DANGER,2,Dangerous
983.6,0.03,0.1016,4,955.3607,DANGER,2,Dangerous
983.7,0.03,0.1016,4,955.4578,DANGER,2,Dangerous
983.8,0.03,0.1015,4,955.5549,DANGER,2,Dangerous
983.9,0.03,0.1015,4,955.6521,DANGER,2,Dangerous
984.0,0.03,0.1015,4,955.7492,DANGER,2,Dangerous
984.1,0.03,0.1015,4,955.8463,DANGER,2,Dangerous
984.2,0.03,0.1015,4,955.9435,DANGER,2,Dangerous
984.3,0.03,0.1015,4,956.0406,DANGER,2,Dangerous
984.4,0.03,0.1015,4,956.1377,DANGER,2,Dangerous
984.5,0.03,0.1015,4,956.2348,DANGER,2,Dangerous
984.6,0.03,0.1015,4,956.332,DANGER,2,Dangerous
984.7,0.03,0.1015,4,956.4291,DANGER,2,Dangerous
984.8,0.03,0.1014,4,956.5262,DANGER,2,Dangerous
984.9,0.03,0.1014,4,956.6234,DANGER,2,Dangerous
985.0,0.03,0.1014,4,956.7205,DANGER,2,Dangerous
985.1,0.03,0.1014,4,956.8176,DANGER,2,Dangerous
985.2,0.03,0.1014,4,956.9147,DANGER,2,Dangerous
985.3,0.03,0.1014,4,957.0119,DANGER,2,Dangerous
985.4,0.03,0.1014,4,957.109,DANGER,2,Dangerous
985.5,0.03,0.1014,4,957.2061,DANGER,2,Dangerous
985.6,0.03,0.1014,4,957.3033,DANGER,2,Dangerous
985.7,0.03,0.1013,4,957.4004,DANGER,2,Dangerous
985.8,0.03,0.1013,4,957.4975,DANGER,2,Dangerous
985.9,0.03,0.1013,4,957.5946,DANGER,2,Dangerous
986.0,0.03,0.1013,4,957.6918,DANGER,2,Dangerous
986.1,0.03,0.1013,4,957.7889,DANGER,2,Dangerous
986.2,0.03,0.1013,4,957.886,DANGER,2,Dangerous
986.3,0.03,0.1013,4,957.9832,DANGER,2,Dangerous
986.4,0.03,0.1013,4,958.0803,DANGER,2,Dangerous
986.5,0.03,0.1013,4,958.1774,DANGER,2,Dangerous
986.6,0.03,0.1013,4,958.2746,DANGER,2,Dangerous
986.7,0.03,0.1012,4,958.3717,DANGER,2,Dangerous
986.8,0.03,0.1012,4,958.4688,DANGER,2,Dangerous
986.9,0.03,0.1012,4,958.5659,DANGER,2,Dangerous
987.0,0.03,0.1012,4,958.6631,DANGER,2,Dangerous
987.1,0.03,0.1012,4,958.7602,DANGER,2,Dangerous
987.2,0.03,0.1012,4,958.8573,DANGER,2,Dangerous
987.3,0.03,0.1012,4,958.9545,DANGER,2,Dangerous
987.4,0.03,0.1012,4,959.0516,DANGER,2,Dangerous
987.5,0.03,0.1012,4,959.1487,DANGER,2,Dangerous
987.6,0.03,0.1012,4,959.2458,DANGER,2,Dangerous
987.7,0.03,0.1011,4,959.343,DANGER,2,Dangerous
987.8,0.03,0.1011,4,959.4401,DANGER,2,Dangerous
987.9,0.03,0.1011,4,959.5372,DANGER,2,Dangerous
988.0,0.03,0.1011,4,959.6344,DANGER,2,Dangerous
988.1,0.03,0.1011,4,959.7315,DANGER,2,Dangerous
988.2,0.03,0.1011,4,959.8286,DANGER,2,Dangerous
988.3,0.03,0.1011,4,959.9257,DANGER,2,Dangerous
988.4,0.03,0.1011,4,960.0229,DANGER,2,Dangerous
988.5,0.03,0.1011,4,960.12,DANGER,2,Dangerous
988.6,0.03,0.1011,4,960.2171,DANGER,2,Dangerous
988.7,0.03,0.101,4,960.3143,DANGER,2,Dangerous
988.8,0.03,0.101,4,960.4114,DANGER,2,Dangerous
988.9,0.03,0.101,4,960.5085,DANGER,2,Dangerous
989.0,0.03,0.101,4,960.6056,DANGER,2,Dangerous
989.1,0.03,0.101,4,960.7028,DANGER,2,Dangerous
989.2,0.03,0.101,4,960.7999,DANGER,2,Dangerous
989.3,0.03,0.101,4,960.897,DANGER,2,Dangerous
989.4,0.03,0.101,4,960.9942,DANGER,2,Dangerous
989.5,0.03,0.101,4,961.0913,DANGER,2,Dangerous
989.6,0.03,0.1009,4,961.1884,DANGER,2,Dangerous
989.7,0.03,0.1009,4,961.2856,DANGER,2,Dangerous
989.8,0.03,0.1009,4,961.3827,DANGER,2,Dangerous
989.9,0.03,0.1009,4,961.4798,DANGER,2,Dangerous
990.0,0.03,0.1009,4,961.5769,DANGER,2,Dangerous
990.1,0.03,0.1009,4,961.6741,DANGER,2,Dangerous
990.2,0.03,0.1009,4,961.7712,DANGER,2,Dangerous
990.3,0.03,0.1009,4,961.8683,DANGER,2,Dangerous
990.4,0.03,0.1009,4,961.9655,DANGER,2,Dangerous
990.5,0.03,0.1009,4,962.0626,DANGER,2,Dangerous
990.6,0.03,0.1008,4,962.1597,DANGER,2,Dangerous
990.7,0.03,0.1008,4,962.2568,DANGER,2,Dangerous
990.8,0.03,0.1008,4,962.354,DANGER,2,Dangerous
990.9,0.03,0.1008,4,962.4511,DANGER,2,Dangerous
991.0,0.03,0.1008,4,962.5482,DANGER,2,Dangerous
991.1,0.03,0.1008,4,962.6454,DANGER,2,Dangerous
991.2,0.03,0.1008,4,962.7425,DANGER,2,Dangerous
991.3,0.03,0.1008,4,962.8396,DANGER,2,Dangerous
991.4,0.03,0.1008,4,962.9367,DANGER,2,Dangerous
991.5,0.03,0.1008,4,963.0339,DANGER,2,Dangerous
991.6,0.03,0.1007,4,963.131,DANGER,2,Dangerous
991.7,0.03,0.1007,4,963.2281,DANGER,2,Dangerous
991.8,0.03,0.1007,4,963.3253,DANGER,2,Dangerous
991.9,0.03,0.1007,4,963.4224,DANGER,2,Dangerous
992.0,0.03,0.1007,4,963.5195,DANGER,2,Dangerous
992.1,0.03,0.1007,4,963.6166,DANGER,2,Dangerous
992.2,0.03,0.1007,4,963.7138,DANGER,2,Dangerous
992.3,0.03,0.1007,4,963.8109,DANGER,2,Dangerous
992.4,0.03,0.1007,4,963.908,DANGER,2,Dangerous
992.5,0.03,0.1007,4,964.0052,DANGER,2,Dangerous
992.6,0.03,0.1006,4,964.1023,DANGER,2,Dangerous
992.7,0.03,0.1006,4,964.1994,DANGER,2,Dangerous
992.8,0.03,0.1006,4,964.2965,DANGER,2,Dangerous
992.9,0.03,0.1006,4,964.3937,DANGER,2,Dangerous
993.0,0.03,0.1006,4,964.4908,DANGER,2,Dangerous
993.1,0.03,0.1006,4,964.5879,DANGER,2,Dangerous
993.2,0.03,0.1006,4,964.6851,DANGER,2,Dangerous
993.3,0.03,0.1006,4,964.7822,DANGER,2,Dangerous
993.4,0.03,0.1006,4,964.8793,DANGER,2,Dangerous
993.5,0.03,0.1006,4,964.9765,DANGER,2,Dangerous
993.6,0.03,0.1005,4,965.0736,DANGER,2,Dangerous
993.7,0.03,0.1005,4,965.1707,DANGER,2,Dangerous
993.8,0.03,0.1005,4,965.2678,DANGER,2,Dangerous
993.9,0.03,0.1005,4,965.365,DANGER,2,Dangerous
994.0,0.03,0.1005,4,965.4621,DANGER,2,Dangerous
994.1,0.03,0.1005,4,965.5592,DANGER,2,Dangerous
994.2,0.03,0.1005,4,965.6564,DANGER,2,Dangerous
994.3,0.03,0.1005,4,965.7535,DANGER,2,Dangerous
994.4,0.03,0.1005,4,965.8506,DANGER,2,Dangerous
994.5,0.03,0.1005,4,965.9477,DANGER,2,Dangerous
994.6,0.03,0.1004,4,966.0449,DANGER,2,Dangerous
994.7,0.03,0.1004,4,966.142,DANGER,2,Dangerous
994.8,0.03,0.1004,4,966.2391,DANGER,2,Dangerous
994.9,0.03,0.1004,4,966.3363,DANGER,2,Dangerous
995.0,0.03,0.1004,4,966.4334,DANGER,2,Dangerous
995.1,0.03,0.1004,4,966.5305,DANGER,2,Dangerous
995.2,0.03,0.1004,4,966.6276,DANGER,2,Dangerous
995.3,0.03,0.1004,4,966.7248,DANGER,2,Dangerous
995.4,0.03,0.1004,4,966.8219,DANGER,2,Dangerous
995.5,0.03,0.1004,4,966.919,DANGER,2,Dangerous
995.6,0.03,0.1003,4,967.0162,DANGER,2,Dangerous
995.7,0.03,0.1003,4,967.1133,DANGER,2,Dangerous
995.8,0.03,0.1003,4,967.2104,DANGER,2,Dangerous
995.9,0.03,0.1003,4,967.3075,DANGER,2,Dangerous
996.0,0.03,0.1003,4,967.4047,DANGER,2,Dangerous
996.1,0.03,0.1003,4,967.5018,DANGER,2,Dangerous
996.2,0.03,0.1003,4,967.5989,DANGER,2,Dangerous
996.3,0.03,0.1003,4,967.6961,DANGER,2,Dangerous
996.4,0.03,0.1003,4,967.7932,DANGER,2,Dangerous
996.5,0.03,0.1003,4,967.8903,DANGER,2,Dangerous
996.6,0.03,0.1002,4,967.9875,DANGER,2,Dangerous
996.7,0.03,0.1002,4,968.0846,DANGER,2,Dangerous
996.8,0.03,0.1002,4,968.1817,DANGER,2,Dangerous
996.9,0.03,0.1002,4,968.2788,DANGER,2,Dangerous
997.0,0.03,0.1002,4,968.376,DANGER,2,Dangerous
997.1,0.03,0.1002,4,968.4731,DANGER,2,Dangerous
997.2,0.03,0.1002,4,968.5702,DANGER,2,Dangerous
997.3,0.03,0.1002,4,968.6674,DANGER,2,Dangerous
997.4,0.03,0.1002,4,968.7645,DANGER,2,Dangerous
997.5,0.03,0.1002,4,968.8616,DANGER,2,Dangerous
997.6,0.03,0.1001,4,968.9587,DANGER,2,Dangerous
997.7,0.03,0.1001,4,969.0559,DANGER,2,Dangerous
997.8,0.03,0.1001,4,969.153,DANGER,2,Dangerous
997.9,0.03,0.1001,4,969.2501,DANGER,2,Dangerous
998.0,0.03,0.1001,4,969.3473,DANGER,2,Dangerous
998.1,0.03,0.1001,4,969.4444,DANGER,2,Dangerous
998.2,0.03,0.1001,4,969.5415,DANGER,2,Dangerous
998.3,0.03,0.1001,4,969.6386,DANGER,2,Dangerous
998.4,0.03,0.1001,4,969.7358,DANGER,2,Dangerous
998.5,0.03,0.1001,4,969.8329,DANGER,2,Dangerous
998.6,0.03,0.1,4,969.93,DANGER,2,Dangerous
998.7,0.03,0.1,4,970.0272,DANGER,2,Dangerous
998.8,0.03,0.1,4,970.1243,DANGER,2,Dangerous
998.9,0.03,0.1,4,970.2214,DANGER,2,Dangerous
999.0,0.03,0.1,4,970.3185,DANGER,2,Dangerous
999.1,0.03,0.1,4,970.4157,DANGER,2,Dangerous
999.2,0.03,0.1,4,970.5128,DANGER,2,Dangerous
999.3,0.03,0.1,4,970.6099,DANGER,2,Dangerous
999.4,0.03,0.1,4,970.7071,DANGER,2,Dangerous
999.5,0.03,0.1,4,970.8042,DANGER,2,Dangerous
999.6,0.03,0.0999,4,970.9013,DANGER,2,Dangerous
999.7,0.03,0.0999,4,970.9984,DANGER,2,Dangerous
999.8,0.03,0.0999,4,971.0956,DANGER,2,Dangerous
999.9,0.03,0.0999,4,971.1927,DANGER,2,Dangerous
1000.0,0.03,0.0999,4,971.2898,DANGER,2,Dangerous
